id,asset_id,variable,value,unit,observed_at,ingested_at,source_id,source_type,spatial_method,quality_flag,confidence_score,is_estimated
4870,32,rainfall_1h,0.5,mm,2026-08-23T20:30:00+00:00,2026-08-29T15:48:40.447514+00:00,99,GOVERNMENT_TELEMETRY,NWDP_NEAREST_RAIN_GAUGE_25KM,OFFICIAL_SPATIAL_TRANSFER,0.8,True
4871,32,rainfall_24h,0.5,mm,2026-08-23T20:30:00+00:00,2026-08-29T15:48:40.447514+00:00,99,GOVERNMENT_TELEMETRY,NWDP_NEAREST_RAIN_GAUGE_25KM,OFFICIAL_DERIVED_SPATIAL,0.8,True
4872,32,rainfall_7d,14.5,mm,2026-08-23T20:30:00+00:00,2026-08-29T15:48:40.447514+00:00,99,GOVERNMENT_TELEMETRY,NWDP_NEAREST_RAIN_GAUGE_25KM,OFFICIAL_DERIVED_SPATIAL,0.8,True
7,3,rainfall_24h,112.0,mm,2026-08-26T13:31:16.317016+00:00,2026-08-26T15:31:16.317031+00:00,1,SYNTHETIC_DEMO,seed record,UNVERIFIED,0.3,True
8,3,rainfall_7d,310.0,mm,2026-08-26T13:31:16.317016+00:00,2026-08-26T15:31:16.317085+00:00,1,SYNTHETIC_DEMO,seed record,UNVERIFIED,0.3,True
9,3,water_level_anomaly,1.8,m,2026-08-26T13:31:16.317016+00:00,2026-08-26T15:31:16.317119+00:00,1,SYNTHETIC_DEMO,seed record,UNVERIFIED,0.3,True
4873,34,rainfall_1h,0.5,mm,2026-08-25T17:30:00+00:00,2026-08-29T15:48:40.447514+00:00,99,GOVERNMENT_TELEMETRY,NWDP_NEAREST_RAIN_GAUGE_25KM,OFFICIAL_SPATIAL_TRANSFER,0.8,True
4874,34,rainfall_24h,1.5,mm,2026-08-25T17:30:00+00:00,2026-08-29T15:48:40.447514+00:00,99,GOVERNMENT_TELEMETRY,NWDP_NEAREST_RAIN_GAUGE_25KM,OFFICIAL_DERIVED_SPATIAL,0.8,True
4875,34,rainfall_7d,70.0,mm,2026-08-25T17:30:00+00:00,2026-08-29T15:48:40.447514+00:00,99,GOVERNMENT_TELEMETRY,NWDP_NEAREST_RAIN_GAUGE_25KM,OFFICIAL_DERIVED_SPATIAL,0.8,True
4876,35,rainfall_1h,0.5,mm,2026-08-05T14:30:00+00:00,2026-08-29T15:48:40.447514+00:00,99,GOVERNMENT_TELEMETRY,NWDP_NEAREST_RAIN_GAUGE_25KM,OFFICIAL_SPATIAL_TRANSFER,0.8,True
4877,35,rainfall_24h,1.0,mm,2026-08-05T14:30:00+00:00,2026-08-29T15:48:40.447514+00:00,99,GOVERNMENT_TELEMETRY,NWDP_NEAREST_RAIN_GAUGE_25KM,OFFICIAL_DERIVED_SPATIAL,0.8,True
4878,35,rainfall_7d,9.0,mm,2026-08-05T14:30:00+00:00,2026-08-29T15:48:40.447514+00:00,99,GOVERNMENT_TELEMETRY,NWDP_NEAREST_RAIN_GAUGE_25KM,OFFICIAL_DERIVED_SPATIAL,0.8,True
4879,130,rainfall_1h,120.0,mm,2026-01-15T05:30:00+00:00,2026-08-29T15:48:40.447514+00:00,99,GOVERNMENT_TELEMETRY,NWDP_NEAREST_RAIN_GAUGE_25KM,OFFICIAL_SPATIAL_TRANSFER,0.788,True
4880,130,rainfall_24h,120.0,mm,2026-01-15T05:30:00+00:00,2026-08-29T15:48:40.447514+00:00,99,GOVERNMENT_TELEMETRY,NWDP_NEAREST_RAIN_GAUGE_25KM,OFFICIAL_DERIVED_SPATIAL,0.788,True
4881,130,rainfall_7d,120.5,mm,2026-01-15T05:30:00+00:00,2026-08-29T15:48:40.447514+00:00,99,GOVERNMENT_TELEMETRY,NWDP_NEAREST_RAIN_GAUGE_25KM,OFFICIAL_DERIVED_SPATIAL,0.788,True
4882,142,rainfall_1h,0.5,mm,2026-08-23T20:30:00+00:00,2026-08-29T15:48:40.447514+00:00,99,GOVERNMENT_TELEMETRY,NWDP_NEAREST_RAIN_GAUGE_25KM,OFFICIAL_SPATIAL_TRANSFER,0.8,True
4883,142,rainfall_24h,39.5,mm,2026-08-23T20:30:00+00:00,2026-08-29T15:48:40.447514+00:00,99,GOVERNMENT_TELEMETRY,NWDP_NEAREST_RAIN_GAUGE_25KM,OFFICIAL_DERIVED_SPATIAL,0.8,True
4884,142,rainfall_7d,61.0,mm,2026-08-23T20:30:00+00:00,2026-08-29T15:48:40.447514+00:00,99,GOVERNMENT_TELEMETRY,NWDP_NEAREST_RAIN_GAUGE_25KM,OFFICIAL_DERIVED_SPATIAL,0.8,True
4885,38,rainfall_1h,4.0,mm,2026-08-24T16:30:00+00:00,2026-08-29T15:48:40.447514+00:00,99,GOVERNMENT_TELEMETRY,NWDP_NEAREST_RAIN_GAUGE_25KM,OFFICIAL_SPATIAL_TRANSFER,0.8,True
4886,38,rainfall_24h,9.5,mm,2026-08-24T16:30:00+00:00,2026-08-29T15:48:40.447514+00:00,99,GOVERNMENT_TELEMETRY,NWDP_NEAREST_RAIN_GAUGE_25KM,OFFICIAL_DERIVED_SPATIAL,0.8,True
4887,38,rainfall_7d,12.5,mm,2026-08-24T16:30:00+00:00,2026-08-29T15:48:40.447514+00:00,99,GOVERNMENT_TELEMETRY,NWDP_NEAREST_RAIN_GAUGE_25KM,OFFICIAL_DERIVED_SPATIAL,0.8,True
4888,22,rainfall_1h,0.5,mm,2026-06-26T20:30:00+00:00,2026-08-29T15:48:40.447514+00:00,99,GOVERNMENT_TELEMETRY,NWDP_NEAREST_RAIN_GAUGE_25KM,OFFICIAL_SPATIAL_TRANSFER,0.8,True
4889,22,rainfall_24h,1.0,mm,2026-06-26T20:30:00+00:00,2026-08-29T15:48:40.447514+00:00,99,GOVERNMENT_TELEMETRY,NWDP_NEAREST_RAIN_GAUGE_25KM,OFFICIAL_DERIVED_SPATIAL,0.8,True
4890,22,rainfall_7d,30.5,mm,2026-06-26T20:30:00+00:00,2026-08-29T15:48:40.447514+00:00,99,GOVERNMENT_TELEMETRY,NWDP_NEAREST_RAIN_GAUGE_25KM,OFFICIAL_DERIVED_SPATIAL,0.8,True
4891,88,rainfall_1h,0.5,mm,2026-08-27T05:30:00+00:00,2026-08-29T15:48:40.447514+00:00,99,GOVERNMENT_TELEMETRY,NWDP_NEAREST_RAIN_GAUGE_25KM,OFFICIAL_SPATIAL_TRANSFER,0.8,True
4892,88,rainfall_24h,15.0,mm,2026-08-27T05:30:00+00:00,2026-08-29T15:48:40.447514+00:00,99,GOVERNMENT_TELEMETRY,NWDP_NEAREST_RAIN_GAUGE_25KM,OFFICIAL_DERIVED_SPATIAL,0.8,True
4893,88,rainfall_7d,148.0,mm,2026-08-27T05:30:00+00:00,2026-08-29T15:48:40.447514+00:00,99,GOVERNMENT_TELEMETRY,NWDP_NEAREST_RAIN_GAUGE_25KM,OFFICIAL_DERIVED_SPATIAL,0.8,True
4897,48,rainfall_1h,0.5,mm,2026-06-02T17:30:00+00:00,2026-08-29T15:48:40.447514+00:00,99,GOVERNMENT_TELEMETRY,NWDP_NEAREST_RAIN_GAUGE_25KM,OFFICIAL_SPATIAL_TRANSFER,0.8,True
4898,48,rainfall_24h,43.5,mm,2026-06-02T17:30:00+00:00,2026-08-29T15:48:40.447514+00:00,99,GOVERNMENT_TELEMETRY,NWDP_NEAREST_RAIN_GAUGE_25KM,OFFICIAL_DERIVED_SPATIAL,0.8,True
4899,48,rainfall_7d,135.0,mm,2026-06-02T17:30:00+00:00,2026-08-29T15:48:40.447514+00:00,99,GOVERNMENT_TELEMETRY,NWDP_NEAREST_RAIN_GAUGE_25KM,OFFICIAL_DERIVED_SPATIAL,0.8,True
4900,101,rainfall_1h,7.5,mm,2026-05-31T21:30:00+00:00,2026-08-29T15:48:40.447514+00:00,99,GOVERNMENT_TELEMETRY,NWDP_NEAREST_RAIN_GAUGE_25KM,OFFICIAL_SPATIAL_TRANSFER,0.757,True
4901,101,rainfall_24h,27.0,mm,2026-05-31T21:30:00+00:00,2026-08-29T15:48:40.447514+00:00,99,GOVERNMENT_TELEMETRY,NWDP_NEAREST_RAIN_GAUGE_25KM,OFFICIAL_DERIVED_SPATIAL,0.757,True
4902,101,rainfall_7d,27.5,mm,2026-05-31T21:30:00+00:00,2026-08-29T15:48:40.447514+00:00,99,GOVERNMENT_TELEMETRY,NWDP_NEAREST_RAIN_GAUGE_25KM,OFFICIAL_DERIVED_SPATIAL,0.757,True
4903,23,rainfall_1h,370.0,mm,2026-08-27T06:30:00+00:00,2026-08-29T15:48:40.447514+00:00,99,GOVERNMENT_TELEMETRY,NWDP_NEAREST_RAIN_GAUGE_25KM,OFFICIAL_SPATIAL_TRANSFER,0.8,True
4904,23,rainfall_24h,370.0,mm,2026-08-27T06:30:00+00:00,2026-08-29T15:48:40.447514+00:00,99,GOVERNMENT_TELEMETRY,NWDP_NEAREST_RAIN_GAUGE_25KM,OFFICIAL_DERIVED_SPATIAL,0.8,True
4905,23,rainfall_7d,1463.0,mm,2026-08-27T06:30:00+00:00,2026-08-29T15:48:40.447514+00:00,99,GOVERNMENT_TELEMETRY,NWDP_NEAREST_RAIN_GAUGE_25KM,OFFICIAL_DERIVED_SPATIAL,0.8,True
4906,52,rainfall_1h,0.5,mm,2026-08-27T16:30:00+00:00,2026-08-29T15:48:40.447514+00:00,99,GOVERNMENT_TELEMETRY,NWDP_NEAREST_RAIN_GAUGE_25KM,OFFICIAL_SPATIAL_TRANSFER,0.8,True
4907,52,rainfall_24h,4.0,mm,2026-08-27T16:30:00+00:00,2026-08-29T15:48:40.447514+00:00,99,GOVERNMENT_TELEMETRY,NWDP_NEAREST_RAIN_GAUGE_25KM,OFFICIAL_DERIVED_SPATIAL,0.8,True
4908,52,rainfall_7d,45.0,mm,2026-08-27T16:30:00+00:00,2026-08-29T15:48:40.447514+00:00,99,GOVERNMENT_TELEMETRY,NWDP_NEAREST_RAIN_GAUGE_25KM,OFFICIAL_DERIVED_SPATIAL,0.8,True
4909,54,rainfall_1h,0.5,mm,2026-08-24T14:30:00+00:00,2026-08-29T15:48:40.447514+00:00,99,GOVERNMENT_TELEMETRY,NWDP_NEAREST_RAIN_GAUGE_25KM,OFFICIAL_SPATIAL_TRANSFER,0.8,True
4910,54,rainfall_24h,19.5,mm,2026-08-24T14:30:00+00:00,2026-08-29T15:48:40.447514+00:00,99,GOVERNMENT_TELEMETRY,NWDP_NEAREST_RAIN_GAUGE_25KM,OFFICIAL_DERIVED_SPATIAL,0.8,True
4911,54,rainfall_7d,20.0,mm,2026-08-24T14:30:00+00:00,2026-08-29T15:48:40.447514+00:00,99,GOVERNMENT_TELEMETRY,NWDP_NEAREST_RAIN_GAUGE_25KM,OFFICIAL_DERIVED_SPATIAL,0.8,True
4912,8,rainfall_1h,1.0,mm,2026-05-29T11:30:00+00:00,2026-08-29T15:48:40.447514+00:00,99,GOVERNMENT_TELEMETRY,NWDP_NEAREST_RAIN_GAUGE_25KM,OFFICIAL_SPATIAL_TRANSFER,0.872,True
4913,8,rainfall_24h,10.5,mm,2026-05-29T11:30:00+00:00,2026-08-29T15:48:40.447514+00:00,99,GOVERNMENT_TELEMETRY,NWDP_NEAREST_RAIN_GAUGE_25KM,OFFICIAL_DERIVED_SPATIAL,0.872,True
4914,8,rainfall_7d,28.0,mm,2026-05-29T11:30:00+00:00,2026-08-29T15:48:40.447514+00:00,99,GOVERNMENT_TELEMETRY,NWDP_NEAREST_RAIN_GAUGE_25KM,OFFICIAL_DERIVED_SPATIAL,0.872,True
4915,56,rainfall_1h,0.5,mm,2026-08-25T16:30:00+00:00,2026-08-29T15:48:40.447514+00:00,99,GOVERNMENT_TELEMETRY,NWDP_NEAREST_RAIN_GAUGE_25KM,OFFICIAL_SPATIAL_TRANSFER,0.8,True
4916,56,rainfall_24h,1.5,mm,2026-08-25T16:30:00+00:00,2026-08-29T15:48:40.447514+00:00,99,GOVERNMENT_TELEMETRY,NWDP_NEAREST_RAIN_GAUGE_25KM,OFFICIAL_DERIVED_SPATIAL,0.8,True
4917,56,rainfall_7d,1.5,mm,2026-08-25T16:30:00+00:00,2026-08-29T15:48:40.447514+00:00,99,GOVERNMENT_TELEMETRY,NWDP_NEAREST_RAIN_GAUGE_25KM,OFFICIAL_DERIVED_SPATIAL,0.8,True
4918,57,rainfall_1h,0.5,mm,2026-08-24T13:30:00+00:00,2026-08-29T15:48:40.447514+00:00,99,GOVERNMENT_TELEMETRY,NWDP_NEAREST_RAIN_GAUGE_25KM,OFFICIAL_SPATIAL_TRANSFER,0.8,True
4919,57,rainfall_24h,5.5,mm,2026-08-24T13:30:00+00:00,2026-08-29T15:48:40.447514+00:00,99,GOVERNMENT_TELEMETRY,NWDP_NEAREST_RAIN_GAUGE_25KM,OFFICIAL_DERIVED_SPATIAL,0.8,True
4920,57,rainfall_7d,6.5,mm,2026-08-24T13:30:00+00:00,2026-08-29T15:48:40.447514+00:00,99,GOVERNMENT_TELEMETRY,NWDP_NEAREST_RAIN_GAUGE_25KM,OFFICIAL_DERIVED_SPATIAL,0.8,True
4921,58,rainfall_1h,139.0,mm,2026-02-12T19:30:00+00:00,2026-08-29T15:48:40.447514+00:00,99,GOVERNMENT_TELEMETRY,NWDP_NEAREST_RAIN_GAUGE_25KM,OFFICIAL_SPATIAL_TRANSFER,0.8,True
4922,58,rainfall_24h,139.0,mm,2026-02-12T19:30:00+00:00,2026-08-29T15:48:40.447514+00:00,99,GOVERNMENT_TELEMETRY,NWDP_NEAREST_RAIN_GAUGE_25KM,OFFICIAL_DERIVED_SPATIAL,0.8,True
4923,58,rainfall_7d,139.0,mm,2026-02-12T19:30:00+00:00,2026-08-29T15:48:40.447514+00:00,99,GOVERNMENT_TELEMETRY,NWDP_NEAREST_RAIN_GAUGE_25KM,OFFICIAL_DERIVED_SPATIAL,0.8,True
4924,142,rainfall_1h,0.5,mm,2026-03-31T14:30:00+00:00,2026-08-29T15:48:40.447514+00:00,99,GOVERNMENT_TELEMETRY,NWDP_NEAREST_RAIN_GAUGE_25KM,OFFICIAL_SPATIAL_TRANSFER,0.8,True
4925,142,rainfall_24h,0.5,mm,2026-03-31T14:30:00+00:00,2026-08-29T15:48:40.447514+00:00,99,GOVERNMENT_TELEMETRY,NWDP_NEAREST_RAIN_GAUGE_25KM,OFFICIAL_DERIVED_SPATIAL,0.8,True
4926,142,rainfall_7d,0.5,mm,2026-03-31T14:30:00+00:00,2026-08-29T15:48:40.447514+00:00,99,GOVERNMENT_TELEMETRY,NWDP_NEAREST_RAIN_GAUGE_25KM,OFFICIAL_DERIVED_SPATIAL,0.8,True
4927,24,rainfall_1h,0.5,mm,2026-08-25T10:30:00+00:00,2026-08-29T15:48:40.447514+00:00,99,GOVERNMENT_TELEMETRY,NWDP_NEAREST_RAIN_GAUGE_25KM,OFFICIAL_SPATIAL_TRANSFER,0.8,True
4928,24,rainfall_24h,1.5,mm,2026-08-25T10:30:00+00:00,2026-08-29T15:48:40.447514+00:00,99,GOVERNMENT_TELEMETRY,NWDP_NEAREST_RAIN_GAUGE_25KM,OFFICIAL_DERIVED_SPATIAL,0.8,True
4929,24,rainfall_7d,20.0,mm,2026-08-25T10:30:00+00:00,2026-08-29T15:48:40.447514+00:00,99,GOVERNMENT_TELEMETRY,NWDP_NEAREST_RAIN_GAUGE_25KM,OFFICIAL_DERIVED_SPATIAL,0.8,True
4930,41,rainfall_1h,0.5,mm,2026-08-07T23:30:00+00:00,2026-08-29T15:48:40.447514+00:00,99,GOVERNMENT_TELEMETRY,NWDP_NEAREST_RAIN_GAUGE_25KM,OFFICIAL_SPATIAL_TRANSFER,0.8,True
4931,41,rainfall_24h,0.5,mm,2026-08-07T23:30:00+00:00,2026-08-29T15:48:40.447514+00:00,99,GOVERNMENT_TELEMETRY,NWDP_NEAREST_RAIN_GAUGE_25KM,OFFICIAL_DERIVED_SPATIAL,0.8,True
4932,41,rainfall_7d,1.5,mm,2026-08-07T23:30:00+00:00,2026-08-29T15:48:40.447514+00:00,99,GOVERNMENT_TELEMETRY,NWDP_NEAREST_RAIN_GAUGE_25KM,OFFICIAL_DERIVED_SPATIAL,0.8,True
4933,156,rainfall_1h,9.5,mm,2026-06-07T15:30:00+00:00,2026-08-29T15:48:40.447514+00:00,99,GOVERNMENT_TELEMETRY,NWDP_NEAREST_RAIN_GAUGE_25KM,OFFICIAL_SPATIAL_TRANSFER,0.8,True
4934,156,rainfall_24h,9.5,mm,2026-06-07T15:30:00+00:00,2026-08-29T15:48:40.447514+00:00,99,GOVERNMENT_TELEMETRY,NWDP_NEAREST_RAIN_GAUGE_25KM,OFFICIAL_DERIVED_SPATIAL,0.8,True
4935,156,rainfall_7d,37.0,mm,2026-06-07T15:30:00+00:00,2026-08-29T15:48:40.447514+00:00,99,GOVERNMENT_TELEMETRY,NWDP_NEAREST_RAIN_GAUGE_25KM,OFFICIAL_DERIVED_SPATIAL,0.8,True
4936,9,rainfall_1h,0.5,mm,2026-08-24T10:30:00+00:00,2026-08-29T15:48:40.447514+00:00,99,GOVERNMENT_TELEMETRY,NWDP_NEAREST_RAIN_GAUGE_25KM,OFFICIAL_SPATIAL_TRANSFER,0.87,True
4937,9,rainfall_24h,0.5,mm,2026-08-24T10:30:00+00:00,2026-08-29T15:48:40.447514+00:00,99,GOVERNMENT_TELEMETRY,NWDP_NEAREST_RAIN_GAUGE_25KM,OFFICIAL_DERIVED_SPATIAL,0.87,True
4938,9,rainfall_7d,0.5,mm,2026-08-24T10:30:00+00:00,2026-08-29T15:48:40.447514+00:00,99,GOVERNMENT_TELEMETRY,NWDP_NEAREST_RAIN_GAUGE_25KM,OFFICIAL_DERIVED_SPATIAL,0.87,True
4942,135,rainfall_1h,0.5,mm,2026-05-17T16:30:00+00:00,2026-08-29T15:48:40.447514+00:00,99,GOVERNMENT_TELEMETRY,NWDP_NEAREST_RAIN_GAUGE_25KM,OFFICIAL_SPATIAL_TRANSFER,0.8,True
4943,135,rainfall_24h,0.5,mm,2026-05-17T16:30:00+00:00,2026-08-29T15:48:40.447514+00:00,99,GOVERNMENT_TELEMETRY,NWDP_NEAREST_RAIN_GAUGE_25KM,OFFICIAL_DERIVED_SPATIAL,0.8,True
4944,135,rainfall_7d,1.0,mm,2026-05-17T16:30:00+00:00,2026-08-29T15:48:40.447514+00:00,99,GOVERNMENT_TELEMETRY,NWDP_NEAREST_RAIN_GAUGE_25KM,OFFICIAL_DERIVED_SPATIAL,0.8,True
4945,27,rainfall_1h,1.5,mm,2026-06-02T11:30:00+00:00,2026-08-29T15:48:40.447514+00:00,99,GOVERNMENT_TELEMETRY,NWDP_NEAREST_RAIN_GAUGE_25KM,OFFICIAL_SPATIAL_TRANSFER,0.8,True
4946,27,rainfall_24h,2.0,mm,2026-06-02T11:30:00+00:00,2026-08-29T15:48:40.447514+00:00,99,GOVERNMENT_TELEMETRY,NWDP_NEAREST_RAIN_GAUGE_25KM,OFFICIAL_DERIVED_SPATIAL,0.8,True
4947,27,rainfall_7d,3.0,mm,2026-06-02T11:30:00+00:00,2026-08-29T15:48:40.447514+00:00,99,GOVERNMENT_TELEMETRY,NWDP_NEAREST_RAIN_GAUGE_25KM,OFFICIAL_DERIVED_SPATIAL,0.8,True
4948,145,rainfall_1h,0.5,mm,2026-08-26T06:30:00+00:00,2026-08-29T15:48:40.447514+00:00,99,GOVERNMENT_TELEMETRY,NWDP_NEAREST_RAIN_GAUGE_25KM,OFFICIAL_SPATIAL_TRANSFER,0.8,True
4949,145,rainfall_24h,1.5,mm,2026-08-26T06:30:00+00:00,2026-08-29T15:48:40.447514+00:00,99,GOVERNMENT_TELEMETRY,NWDP_NEAREST_RAIN_GAUGE_25KM,OFFICIAL_DERIVED_SPATIAL,0.8,True
4950,145,rainfall_7d,1.5,mm,2026-08-26T06:30:00+00:00,2026-08-29T15:48:40.447514+00:00,99,GOVERNMENT_TELEMETRY,NWDP_NEAREST_RAIN_GAUGE_25KM,OFFICIAL_DERIVED_SPATIAL,0.8,True
4951,66,rainfall_1h,0.5,mm,2026-06-01T03:30:00+00:00,2026-08-29T15:48:40.447514+00:00,99,GOVERNMENT_TELEMETRY,NWDP_NEAREST_RAIN_GAUGE_25KM,OFFICIAL_SPATIAL_TRANSFER,0.8,True
4952,66,rainfall_24h,5.5,mm,2026-06-01T03:30:00+00:00,2026-08-29T15:48:40.447514+00:00,99,GOVERNMENT_TELEMETRY,NWDP_NEAREST_RAIN_GAUGE_25KM,OFFICIAL_DERIVED_SPATIAL,0.8,True
4953,66,rainfall_7d,5.5,mm,2026-06-01T03:30:00+00:00,2026-08-29T15:48:40.447514+00:00,99,GOVERNMENT_TELEMETRY,NWDP_NEAREST_RAIN_GAUGE_25KM,OFFICIAL_DERIVED_SPATIAL,0.8,True
4954,7,rainfall_1h,0.5,mm,2026-08-25T06:30:00+00:00,2026-08-29T15:48:40.447514+00:00,99,GOVERNMENT_TELEMETRY,NWDP_NEAREST_RAIN_GAUGE_25KM,OFFICIAL_SPATIAL_TRANSFER,0.875,True
4955,7,rainfall_24h,2.5,mm,2026-08-25T06:30:00+00:00,2026-08-29T15:48:40.447514+00:00,99,GOVERNMENT_TELEMETRY,NWDP_NEAREST_RAIN_GAUGE_25KM,OFFICIAL_DERIVED_SPATIAL,0.875,True
4956,7,rainfall_7d,2.5,mm,2026-08-25T06:30:00+00:00,2026-08-29T15:48:40.447514+00:00,99,GOVERNMENT_TELEMETRY,NWDP_NEAREST_RAIN_GAUGE_25KM,OFFICIAL_DERIVED_SPATIAL,0.875,True
4957,69,rainfall_1h,0.5,mm,2026-06-23T05:30:00+00:00,2026-08-29T15:48:40.447514+00:00,99,GOVERNMENT_TELEMETRY,NWDP_NEAREST_RAIN_GAUGE_25KM,OFFICIAL_SPATIAL_TRANSFER,0.8,True
4958,69,rainfall_24h,0.5,mm,2026-06-23T05:30:00+00:00,2026-08-29T15:48:40.447514+00:00,99,GOVERNMENT_TELEMETRY,NWDP_NEAREST_RAIN_GAUGE_25KM,OFFICIAL_DERIVED_SPATIAL,0.8,True
4959,69,rainfall_7d,0.5,mm,2026-06-23T05:30:00+00:00,2026-08-29T15:48:40.447514+00:00,99,GOVERNMENT_TELEMETRY,NWDP_NEAREST_RAIN_GAUGE_25KM,OFFICIAL_DERIVED_SPATIAL,0.8,True
4960,31,rainfall_1h,0.5,mm,2026-08-24T20:30:00+00:00,2026-08-29T15:48:40.447514+00:00,99,GOVERNMENT_TELEMETRY,NWDP_NEAREST_RAIN_GAUGE_25KM,OFFICIAL_SPATIAL_TRANSFER,0.8,True
4961,31,rainfall_24h,0.5,mm,2026-08-24T20:30:00+00:00,2026-08-29T15:48:40.447514+00:00,99,GOVERNMENT_TELEMETRY,NWDP_NEAREST_RAIN_GAUGE_25KM,OFFICIAL_DERIVED_SPATIAL,0.8,True
4962,31,rainfall_7d,1.5,mm,2026-08-24T20:30:00+00:00,2026-08-29T15:48:40.447514+00:00,99,GOVERNMENT_TELEMETRY,NWDP_NEAREST_RAIN_GAUGE_25KM,OFFICIAL_DERIVED_SPATIAL,0.8,True
4963,35,reservoir_level,611.093527,m,2026-04-30T02:30:00+00:00,2026-08-29T15:48:40.447514+00:00,99,GOVERNMENT_TELEMETRY,NWDP_RESERVOIR_NAME_LOCATION,OFFICIAL_DIRECT,0.8,False
4964,36,reservoir_level,500.3292,m,2026-04-30T02:30:00+00:00,2026-08-29T15:48:40.447514+00:00,99,GOVERNMENT_TELEMETRY,NWDP_RESERVOIR_NAME_LOCATION,OFFICIAL_DIRECT,0.8,False
4965,8,reservoir_level,269.961364,m,2026-02-13T02:30:00+00:00,2026-08-29T15:48:40.447514+00:00,99,GOVERNMENT_TELEMETRY,NWDP_RESERVOIR_NAME_LOCATION,OFFICIAL_DIRECT,0.972,False
4966,11,reservoir_level,108.5088,m,2026-02-28T02:30:00+00:00,2026-08-29T15:48:40.447514+00:00,99,GOVERNMENT_TELEMETRY,NWDP_RESERVOIR_NAME_LOCATION,OFFICIAL_DIRECT,0.956,False
4967,9,reservoir_level,479.75,m,2026-04-29T02:30:00+00:00,2026-08-29T15:48:40.447514+00:00,99,GOVERNMENT_TELEMETRY,NWDP_RESERVOIR_NAME_LOCATION,OFFICIAL_DIRECT,0.99,False
4968,5,reservoir_level,253.197364,m,2026-07-31T02:30:00+00:00,2026-08-29T15:48:40.447514+00:00,99,GOVERNMENT_TELEMETRY,NWDP_RESERVOIR_NAME_LOCATION,OFFICIAL_DIRECT,0.972,False
4969,10,reservoir_level,376.790694,m,2026-05-31T02:30:00+00:00,2026-08-29T15:48:40.447514+00:00,99,GOVERNMENT_TELEMETRY,NWDP_RESERVOIR_NAME_LOCATION,OFFICIAL_DIRECT,0.972,False
4970,35,reservoir_storage,6.1698,MCM,2026-04-29T02:30:00+00:00,2026-08-29T15:48:40.447514+00:00,99,GOVERNMENT_TELEMETRY,NWDP_RESERVOIR_NAME_LOCATION,OFFICIAL_DIRECT,0.8,False
4971,36,reservoir_storage,10.696,MCM,2026-04-30T02:30:00+00:00,2026-08-29T15:48:40.447514+00:00,99,GOVERNMENT_TELEMETRY,NWDP_RESERVOIR_NAME_LOCATION,OFFICIAL_DIRECT,0.8,False
4972,11,reservoir_storage,1.12,MCM,2026-02-28T02:30:00+00:00,2026-08-29T15:48:40.447514+00:00,99,GOVERNMENT_TELEMETRY,NWDP_RESERVOIR_NAME_LOCATION,OFFICIAL_DIRECT,0.956,False
4973,9,reservoir_storage,13.0631,MCM,2026-04-29T02:30:00+00:00,2026-08-29T15:48:40.447514+00:00,99,GOVERNMENT_TELEMETRY,NWDP_RESERVOIR_NAME_LOCATION,OFFICIAL_DIRECT,0.99,False
4974,5,reservoir_storage,1407.4424,MCM,2026-07-31T02:30:00+00:00,2026-08-29T15:48:40.447514+00:00,99,GOVERNMENT_TELEMETRY,NWDP_RESERVOIR_NAME_LOCATION,OFFICIAL_DIRECT,0.972,False
4975,7,reservoir_storage,0.14,MCM,2026-01-31T02:30:00+00:00,2026-08-29T15:48:40.447514+00:00,99,GOVERNMENT_TELEMETRY,NWDP_RESERVOIR_NAME_LOCATION,OFFICIAL_DIRECT,0.99,False
4976,10,reservoir_storage,7.0,MCM,2026-05-31T02:30:00+00:00,2026-08-29T15:48:40.447514+00:00,99,GOVERNMENT_TELEMETRY,NWDP_RESERVOIR_NAME_LOCATION,OFFICIAL_DIRECT,0.972,False
4211,5,reservoir_level,268.224,m,2026-01-01T02:30:00+00:00,2026-08-27T15:58:23.912131+00:00,42,OBSERVED,exact_station_name_and_coordinate_match,MANUAL_GOVERNMENT_OBSERVATION,0.9,False
4212,5,reservoir_storage,5267.808,mcm,2026-01-01T02:30:00+00:00,2026-08-27T15:58:23.912131+00:00,42,OBSERVED,exact_station_name_and_coordinate_match,MANUAL_GOVERNMENT_OBSERVATION,0.9,False
4213,5,reservoir_level,268.163036,m,2026-01-02T02:30:00+00:00,2026-08-27T15:58:23.912131+00:00,42,OBSERVED,exact_station_name_and_coordinate_match,MANUAL_GOVERNMENT_OBSERVATION,0.9,False
4214,5,reservoir_storage,5243.812,mcm,2026-01-02T02:30:00+00:00,2026-08-27T15:58:23.912131+00:00,42,OBSERVED,exact_station_name_and_coordinate_match,MANUAL_GOVERNMENT_OBSERVATION,0.9,False
4215,5,reservoir_level,268.102073,m,2026-01-03T02:30:00+00:00,2026-08-27T15:58:23.912131+00:00,42,OBSERVED,exact_station_name_and_coordinate_match,MANUAL_GOVERNMENT_OBSERVATION,0.9,False
4216,5,reservoir_storage,5207.7926,mcm,2026-01-03T02:30:00+00:00,2026-08-27T15:58:23.912131+00:00,42,OBSERVED,exact_station_name_and_coordinate_match,MANUAL_GOVERNMENT_OBSERVATION,0.9,False
4217,5,reservoir_level,268.010636,m,2026-01-04T02:30:00+00:00,2026-08-27T15:58:23.912131+00:00,42,OBSERVED,exact_station_name_and_coordinate_match,MANUAL_GOVERNMENT_OBSERVATION,0.9,False
4218,5,reservoir_storage,5171.7737,mcm,2026-01-04T02:30:00+00:00,2026-08-27T15:58:23.912131+00:00,42,OBSERVED,exact_station_name_and_coordinate_match,MANUAL_GOVERNMENT_OBSERVATION,0.9,False
4219,5,reservoir_level,268.010636,m,2026-01-05T02:30:00+00:00,2026-08-27T15:58:23.912131+00:00,42,OBSERVED,exact_station_name_and_coordinate_match,MANUAL_GOVERNMENT_OBSERVATION,0.9,False
4220,5,reservoir_storage,5159.7674,mcm,2026-01-05T02:30:00+00:00,2026-08-27T15:58:23.912131+00:00,42,OBSERVED,exact_station_name_and_coordinate_match,MANUAL_GOVERNMENT_OBSERVATION,0.9,False
4221,5,reservoir_level,267.949673,m,2026-01-06T02:30:00+00:00,2026-08-27T15:58:23.912131+00:00,42,OBSERVED,exact_station_name_and_coordinate_match,MANUAL_GOVERNMENT_OBSERVATION,0.9,False
4222,5,reservoir_storage,5135.7543,mcm,2026-01-06T02:30:00+00:00,2026-08-27T15:58:23.912131+00:00,42,OBSERVED,exact_station_name_and_coordinate_match,MANUAL_GOVERNMENT_OBSERVATION,0.9,False
4223,5,reservoir_level,267.888727,m,2026-01-07T02:30:00+00:00,2026-08-27T15:58:23.912131+00:00,42,OBSERVED,exact_station_name_and_coordinate_match,MANUAL_GOVERNMENT_OBSERVATION,0.9,False
4224,5,reservoir_storage,5102.118,mcm,2026-01-07T02:30:00+00:00,2026-08-27T15:58:23.912131+00:00,42,OBSERVED,exact_station_name_and_coordinate_match,MANUAL_GOVERNMENT_OBSERVATION,0.9,False
4225,5,reservoir_level,267.797273,m,2026-01-08T02:30:00+00:00,2026-08-27T15:58:23.912131+00:00,42,OBSERVED,exact_station_name_and_coordinate_match,MANUAL_GOVERNMENT_OBSERVATION,0.9,False
4226,5,reservoir_storage,5069.652,mcm,2026-01-08T02:30:00+00:00,2026-08-27T15:58:23.912131+00:00,42,OBSERVED,exact_station_name_and_coordinate_match,MANUAL_GOVERNMENT_OBSERVATION,0.9,False
4227,5,reservoir_level,267.736327,m,2026-01-09T02:30:00+00:00,2026-08-27T15:58:23.912131+00:00,42,OBSERVED,exact_station_name_and_coordinate_match,MANUAL_GOVERNMENT_OBSERVATION,0.9,False
4228,5,reservoir_storage,5037.186,mcm,2026-01-09T02:30:00+00:00,2026-08-27T15:58:23.912131+00:00,42,OBSERVED,exact_station_name_and_coordinate_match,MANUAL_GOVERNMENT_OBSERVATION,0.9,False
4229,5,reservoir_level,267.644873,m,2026-01-10T02:30:00+00:00,2026-08-27T15:58:23.912131+00:00,42,OBSERVED,exact_station_name_and_coordinate_match,MANUAL_GOVERNMENT_OBSERVATION,0.9,False
4230,5,reservoir_storage,5004.72,mcm,2026-01-10T02:30:00+00:00,2026-08-27T15:58:23.912131+00:00,42,OBSERVED,exact_station_name_and_coordinate_match,MANUAL_GOVERNMENT_OBSERVATION,0.9,False
4231,5,reservoir_level,267.553436,m,2026-01-11T02:30:00+00:00,2026-08-27T15:58:23.912131+00:00,42,OBSERVED,exact_station_name_and_coordinate_match,MANUAL_GOVERNMENT_OBSERVATION,0.9,False
4232,5,reservoir_storage,4960.172,mcm,2026-01-11T02:30:00+00:00,2026-08-27T15:58:23.912131+00:00,42,OBSERVED,exact_station_name_and_coordinate_match,MANUAL_GOVERNMENT_OBSERVATION,0.9,False
4233,5,reservoir_level,267.522964,m,2026-01-12T02:30:00+00:00,2026-08-27T15:58:23.912131+00:00,42,OBSERVED,exact_station_name_and_coordinate_match,MANUAL_GOVERNMENT_OBSERVATION,0.9,False
4234,5,reservoir_storage,4948.7257,mcm,2026-01-12T02:30:00+00:00,2026-08-27T15:58:23.912131+00:00,42,OBSERVED,exact_station_name_and_coordinate_match,MANUAL_GOVERNMENT_OBSERVATION,0.9,False
4235,5,reservoir_level,267.462,m,2026-01-13T02:30:00+00:00,2026-08-27T15:58:23.912131+00:00,42,OBSERVED,exact_station_name_and_coordinate_match,MANUAL_GOVERNMENT_OBSERVATION,0.9,False
4236,5,reservoir_storage,4925.8326,mcm,2026-01-13T02:30:00+00:00,2026-08-27T15:58:23.912131+00:00,42,OBSERVED,exact_station_name_and_coordinate_match,MANUAL_GOVERNMENT_OBSERVATION,0.9,False
4237,5,reservoir_level,267.401036,m,2026-01-14T02:30:00+00:00,2026-08-27T15:58:23.912131+00:00,42,OBSERVED,exact_station_name_and_coordinate_match,MANUAL_GOVERNMENT_OBSERVATION,0.9,False
4238,5,reservoir_storage,4891.4937,mcm,2026-01-14T02:30:00+00:00,2026-08-27T15:58:23.912131+00:00,42,OBSERVED,exact_station_name_and_coordinate_match,MANUAL_GOVERNMENT_OBSERVATION,0.9,False
4239,5,reservoir_level,267.340073,m,2026-01-15T02:30:00+00:00,2026-08-27T15:58:23.912131+00:00,42,OBSERVED,exact_station_name_and_coordinate_match,MANUAL_GOVERNMENT_OBSERVATION,0.9,False
4240,5,reservoir_storage,4868.6006,mcm,2026-01-15T02:30:00+00:00,2026-08-27T15:58:23.912131+00:00,42,OBSERVED,exact_station_name_and_coordinate_match,MANUAL_GOVERNMENT_OBSERVATION,0.9,False
4241,5,reservoir_level,267.340073,m,2026-01-16T02:30:00+00:00,2026-08-27T15:58:23.912131+00:00,42,OBSERVED,exact_station_name_and_coordinate_match,MANUAL_GOVERNMENT_OBSERVATION,0.9,False
4242,5,reservoir_storage,4857.1543,mcm,2026-01-16T02:30:00+00:00,2026-08-27T15:58:23.912131+00:00,42,OBSERVED,exact_station_name_and_coordinate_match,MANUAL_GOVERNMENT_OBSERVATION,0.9,False
4243,5,reservoir_level,267.3096,m,2026-01-17T02:30:00+00:00,2026-08-27T15:58:23.912131+00:00,42,OBSERVED,exact_station_name_and_coordinate_match,MANUAL_GOVERNMENT_OBSERVATION,0.9,False
4244,5,reservoir_storage,4845.708,mcm,2026-01-17T02:30:00+00:00,2026-08-27T15:58:23.912131+00:00,42,OBSERVED,exact_station_name_and_coordinate_match,MANUAL_GOVERNMENT_OBSERVATION,0.9,False
4245,5,reservoir_level,267.248636,m,2026-01-18T02:30:00+00:00,2026-08-27T15:58:23.912131+00:00,42,OBSERVED,exact_station_name_and_coordinate_match,MANUAL_GOVERNMENT_OBSERVATION,0.9,False
4246,5,reservoir_storage,4823.336,mcm,2026-01-18T02:30:00+00:00,2026-08-27T15:58:23.912131+00:00,42,OBSERVED,exact_station_name_and_coordinate_match,MANUAL_GOVERNMENT_OBSERVATION,0.9,False
4247,5,reservoir_level,267.218164,m,2026-01-19T02:30:00+00:00,2026-08-27T15:58:23.912131+00:00,42,OBSERVED,exact_station_name_and_coordinate_match,MANUAL_GOVERNMENT_OBSERVATION,0.9,False
4248,5,reservoir_storage,4812.15,mcm,2026-01-19T02:30:00+00:00,2026-08-27T15:58:23.912131+00:00,42,OBSERVED,exact_station_name_and_coordinate_match,MANUAL_GOVERNMENT_OBSERVATION,0.9,False
4249,5,reservoir_level,267.187673,m,2026-01-20T02:30:00+00:00,2026-08-27T15:58:23.912131+00:00,42,OBSERVED,exact_station_name_and_coordinate_match,MANUAL_GOVERNMENT_OBSERVATION,0.9,False
4250,5,reservoir_storage,4789.778,mcm,2026-01-20T02:30:00+00:00,2026-08-27T15:58:23.912131+00:00,42,OBSERVED,exact_station_name_and_coordinate_match,MANUAL_GOVERNMENT_OBSERVATION,0.9,False
4251,5,reservoir_level,267.096236,m,2026-01-21T02:30:00+00:00,2026-08-27T15:58:23.912131+00:00,42,OBSERVED,exact_station_name_and_coordinate_match,MANUAL_GOVERNMENT_OBSERVATION,0.9,False
4252,5,reservoir_storage,4756.22,mcm,2026-01-21T02:30:00+00:00,2026-08-27T15:58:23.912131+00:00,42,OBSERVED,exact_station_name_and_coordinate_match,MANUAL_GOVERNMENT_OBSERVATION,0.9,False
4253,5,reservoir_level,267.035273,m,2026-01-22T02:30:00+00:00,2026-08-27T15:58:23.912131+00:00,42,OBSERVED,exact_station_name_and_coordinate_match,MANUAL_GOVERNMENT_OBSERVATION,0.9,False
4254,5,reservoir_storage,4733.848,mcm,2026-01-22T02:30:00+00:00,2026-08-27T15:58:23.912131+00:00,42,OBSERVED,exact_station_name_and_coordinate_match,MANUAL_GOVERNMENT_OBSERVATION,0.9,False
4255,5,reservoir_level,266.974327,m,2026-01-23T02:30:00+00:00,2026-08-27T15:58:23.912131+00:00,42,OBSERVED,exact_station_name_and_coordinate_match,MANUAL_GOVERNMENT_OBSERVATION,0.9,False
4256,5,reservoir_storage,4700.5394,mcm,2026-01-23T02:30:00+00:00,2026-08-27T15:58:23.912131+00:00,42,OBSERVED,exact_station_name_and_coordinate_match,MANUAL_GOVERNMENT_OBSERVATION,0.9,False
4257,5,reservoir_level,266.943836,m,2026-01-24T02:30:00+00:00,2026-08-27T15:58:23.912131+00:00,42,OBSERVED,exact_station_name_and_coordinate_match,MANUAL_GOVERNMENT_OBSERVATION,0.9,False
4258,5,reservoir_storage,4689.608,mcm,2026-01-24T02:30:00+00:00,2026-08-27T15:58:23.912131+00:00,42,OBSERVED,exact_station_name_and_coordinate_match,MANUAL_GOVERNMENT_OBSERVATION,0.9,False
4259,5,reservoir_level,266.913364,m,2026-01-25T02:30:00+00:00,2026-08-27T15:58:23.912131+00:00,42,OBSERVED,exact_station_name_and_coordinate_match,MANUAL_GOVERNMENT_OBSERVATION,0.9,False
4260,5,reservoir_storage,4667.7457,mcm,2026-01-25T02:30:00+00:00,2026-08-27T15:58:23.912131+00:00,42,OBSERVED,exact_station_name_and_coordinate_match,MANUAL_GOVERNMENT_OBSERVATION,0.9,False
4261,5,reservoir_level,266.8524,m,2026-01-26T02:30:00+00:00,2026-08-27T15:58:23.912131+00:00,42,OBSERVED,exact_station_name_and_coordinate_match,MANUAL_GOVERNMENT_OBSERVATION,0.9,False
4262,5,reservoir_storage,4645.8834,mcm,2026-01-26T02:30:00+00:00,2026-08-27T15:58:23.912131+00:00,42,OBSERVED,exact_station_name_and_coordinate_match,MANUAL_GOVERNMENT_OBSERVATION,0.9,False
4263,5,reservoir_level,266.821927,m,2026-01-27T02:30:00+00:00,2026-08-27T15:58:23.912131+00:00,42,OBSERVED,exact_station_name_and_coordinate_match,MANUAL_GOVERNMENT_OBSERVATION,0.9,False
4264,5,reservoir_storage,4634.952,mcm,2026-01-27T02:30:00+00:00,2026-08-27T15:58:23.912131+00:00,42,OBSERVED,exact_station_name_and_coordinate_match,MANUAL_GOVERNMENT_OBSERVATION,0.9,False
4265,5,reservoir_level,266.760964,m,2026-01-28T02:30:00+00:00,2026-08-27T15:58:23.912131+00:00,42,OBSERVED,exact_station_name_and_coordinate_match,MANUAL_GOVERNMENT_OBSERVATION,0.9,False
4266,5,reservoir_storage,4613.0897,mcm,2026-01-28T02:30:00+00:00,2026-08-27T15:58:23.912131+00:00,42,OBSERVED,exact_station_name_and_coordinate_match,MANUAL_GOVERNMENT_OBSERVATION,0.9,False
4267,5,reservoir_level,266.730473,m,2026-01-29T02:30:00+00:00,2026-08-27T15:58:23.912131+00:00,42,OBSERVED,exact_station_name_and_coordinate_match,MANUAL_GOVERNMENT_OBSERVATION,0.9,False
4268,5,reservoir_storage,4591.2274,mcm,2026-01-29T02:30:00+00:00,2026-08-27T15:58:23.912131+00:00,42,OBSERVED,exact_station_name_and_coordinate_match,MANUAL_GOVERNMENT_OBSERVATION,0.9,False
4269,5,reservoir_level,266.669527,m,2026-01-30T02:30:00+00:00,2026-08-27T15:58:23.912131+00:00,42,OBSERVED,exact_station_name_and_coordinate_match,MANUAL_GOVERNMENT_OBSERVATION,0.9,False
4270,5,reservoir_storage,4569.6223,mcm,2026-01-30T02:30:00+00:00,2026-08-27T15:58:23.912131+00:00,42,OBSERVED,exact_station_name_and_coordinate_match,MANUAL_GOVERNMENT_OBSERVATION,0.9,False
4271,5,reservoir_level,266.639036,m,2026-01-31T02:30:00+00:00,2026-08-27T15:58:23.912131+00:00,42,OBSERVED,exact_station_name_and_coordinate_match,MANUAL_GOVERNMENT_OBSERVATION,0.9,False
4272,5,reservoir_storage,4548.2417,mcm,2026-01-31T02:30:00+00:00,2026-08-27T15:58:23.912131+00:00,42,OBSERVED,exact_station_name_and_coordinate_match,MANUAL_GOVERNMENT_OBSERVATION,0.9,False
4273,5,reservoir_level,266.5476,m,2026-02-01T02:30:00+00:00,2026-08-27T15:58:23.912131+00:00,42,OBSERVED,exact_station_name_and_coordinate_match,MANUAL_GOVERNMENT_OBSERVATION,0.9,False
4274,5,reservoir_storage,4516.1703,mcm,2026-02-01T02:30:00+00:00,2026-08-27T15:58:23.912131+00:00,42,OBSERVED,exact_station_name_and_coordinate_match,MANUAL_GOVERNMENT_OBSERVATION,0.9,False
4275,5,reservoir_level,266.486636,m,2026-02-02T02:30:00+00:00,2026-08-27T15:58:23.912131+00:00,42,OBSERVED,exact_station_name_and_coordinate_match,MANUAL_GOVERNMENT_OBSERVATION,0.9,False
4276,5,reservoir_storage,4494.7897,mcm,2026-02-02T02:30:00+00:00,2026-08-27T15:58:23.912131+00:00,42,OBSERVED,exact_station_name_and_coordinate_match,MANUAL_GOVERNMENT_OBSERVATION,0.9,False
4277,5,reservoir_level,266.3952,m,2026-02-03T02:30:00+00:00,2026-08-27T15:58:23.912131+00:00,42,OBSERVED,exact_station_name_and_coordinate_match,MANUAL_GOVERNMENT_OBSERVATION,0.9,False
4278,5,reservoir_storage,4452.028,mcm,2026-02-03T02:30:00+00:00,2026-08-27T15:58:23.912131+00:00,42,OBSERVED,exact_station_name_and_coordinate_match,MANUAL_GOVERNMENT_OBSERVATION,0.9,False
4279,5,reservoir_level,266.303764,m,2026-02-04T02:30:00+00:00,2026-08-27T15:58:23.912131+00:00,42,OBSERVED,exact_station_name_and_coordinate_match,MANUAL_GOVERNMENT_OBSERVATION,0.9,False
4280,5,reservoir_storage,4410.1903,mcm,2026-02-04T02:30:00+00:00,2026-08-27T15:58:23.912131+00:00,42,OBSERVED,exact_station_name_and_coordinate_match,MANUAL_GOVERNMENT_OBSERVATION,0.9,False
4281,5,reservoir_level,266.2428,m,2026-02-05T02:30:00+00:00,2026-08-27T15:58:23.912131+00:00,42,OBSERVED,exact_station_name_and_coordinate_match,MANUAL_GOVERNMENT_OBSERVATION,0.9,False
4282,5,reservoir_storage,4389.2686,mcm,2026-02-05T02:30:00+00:00,2026-08-27T15:58:23.912131+00:00,42,OBSERVED,exact_station_name_and_coordinate_match,MANUAL_GOVERNMENT_OBSERVATION,0.9,False
4283,5,reservoir_level,266.212327,m,2026-02-06T02:30:00+00:00,2026-08-27T15:58:23.912131+00:00,42,OBSERVED,exact_station_name_and_coordinate_match,MANUAL_GOVERNMENT_OBSERVATION,0.9,False
4284,5,reservoir_storage,4368.3474,mcm,2026-02-06T02:30:00+00:00,2026-08-27T15:58:23.912131+00:00,42,OBSERVED,exact_station_name_and_coordinate_match,MANUAL_GOVERNMENT_OBSERVATION,0.9,False
4285,5,reservoir_level,266.151364,m,2026-02-07T02:30:00+00:00,2026-08-27T15:58:23.912131+00:00,42,OBSERVED,exact_station_name_and_coordinate_match,MANUAL_GOVERNMENT_OBSERVATION,0.9,False
4286,5,reservoir_storage,4347.4257,mcm,2026-02-07T02:30:00+00:00,2026-08-27T15:58:23.912131+00:00,42,OBSERVED,exact_station_name_and_coordinate_match,MANUAL_GOVERNMENT_OBSERVATION,0.9,False
4287,5,reservoir_level,266.059927,m,2026-02-08T02:30:00+00:00,2026-08-27T15:58:23.912131+00:00,42,OBSERVED,exact_station_name_and_coordinate_match,MANUAL_GOVERNMENT_OBSERVATION,0.9,False
4288,5,reservoir_storage,4317.0566,mcm,2026-02-08T02:30:00+00:00,2026-08-27T15:58:23.912131+00:00,42,OBSERVED,exact_station_name_and_coordinate_match,MANUAL_GOVERNMENT_OBSERVATION,0.9,False
4289,5,reservoir_level,266.029436,m,2026-02-09T02:30:00+00:00,2026-08-27T15:58:23.912131+00:00,42,OBSERVED,exact_station_name_and_coordinate_match,MANUAL_GOVERNMENT_OBSERVATION,0.9,False
4290,5,reservoir_storage,4298.168,mcm,2026-02-09T02:30:00+00:00,2026-08-27T15:58:23.912131+00:00,42,OBSERVED,exact_station_name_and_coordinate_match,MANUAL_GOVERNMENT_OBSERVATION,0.9,False
4291,5,reservoir_level,265.907527,m,2026-02-10T02:30:00+00:00,2026-08-27T15:58:23.912131+00:00,42,OBSERVED,exact_station_name_and_coordinate_match,MANUAL_GOVERNMENT_OBSERVATION,0.9,False
4292,5,reservoir_storage,4279.2794,mcm,2026-02-10T02:30:00+00:00,2026-08-27T15:58:23.912131+00:00,42,OBSERVED,exact_station_name_and_coordinate_match,MANUAL_GOVERNMENT_OBSERVATION,0.9,False
4293,5,reservoir_level,265.846564,m,2026-02-11T02:30:00+00:00,2026-08-27T15:58:23.912131+00:00,42,OBSERVED,exact_station_name_and_coordinate_match,MANUAL_GOVERNMENT_OBSERVATION,0.9,False
4294,5,reservoir_storage,4232.0574,mcm,2026-02-11T02:30:00+00:00,2026-08-27T15:58:23.912131+00:00,42,OBSERVED,exact_station_name_and_coordinate_match,MANUAL_GOVERNMENT_OBSERVATION,0.9,False
4295,5,reservoir_level,265.755127,m,2026-02-12T02:30:00+00:00,2026-08-27T15:58:23.912131+00:00,42,OBSERVED,exact_station_name_and_coordinate_match,MANUAL_GOVERNMENT_OBSERVATION,0.9,False
4296,5,reservoir_storage,4193.728,mcm,2026-02-12T02:30:00+00:00,2026-08-27T15:58:23.912131+00:00,42,OBSERVED,exact_station_name_and_coordinate_match,MANUAL_GOVERNMENT_OBSERVATION,0.9,False
4297,5,reservoir_level,265.663673,m,2026-02-13T02:30:00+00:00,2026-08-27T15:58:23.912131+00:00,42,OBSERVED,exact_station_name_and_coordinate_match,MANUAL_GOVERNMENT_OBSERVATION,0.9,False
4298,5,reservoir_storage,4163.74,mcm,2026-02-13T02:30:00+00:00,2026-08-27T15:58:23.912131+00:00,42,OBSERVED,exact_station_name_and_coordinate_match,MANUAL_GOVERNMENT_OBSERVATION,0.9,False
4299,5,reservoir_level,265.450327,m,2026-02-14T02:30:00+00:00,2026-08-27T15:58:23.912131+00:00,42,OBSERVED,exact_station_name_and_coordinate_match,MANUAL_GOVERNMENT_OBSERVATION,0.9,False
4300,5,reservoir_storage,4074.0114,mcm,2026-02-14T02:30:00+00:00,2026-08-27T15:58:23.912131+00:00,42,OBSERVED,exact_station_name_and_coordinate_match,MANUAL_GOVERNMENT_OBSERVATION,0.9,False
4301,5,reservoir_level,265.176,m,2026-02-15T02:30:00+00:00,2026-08-27T15:58:23.912131+00:00,42,OBSERVED,exact_station_name_and_coordinate_match,MANUAL_GOVERNMENT_OBSERVATION,0.9,False
4302,5,reservoir_storage,3966.704,mcm,2026-02-15T02:30:00+00:00,2026-08-27T15:58:23.912131+00:00,42,OBSERVED,exact_station_name_and_coordinate_match,MANUAL_GOVERNMENT_OBSERVATION,0.9,False
4303,5,reservoir_level,264.901673,m,2026-02-16T02:30:00+00:00,2026-08-27T15:58:23.912131+00:00,42,OBSERVED,exact_station_name_and_coordinate_match,MANUAL_GOVERNMENT_OBSERVATION,0.9,False
4304,5,reservoir_storage,3862.138,mcm,2026-02-16T02:30:00+00:00,2026-08-27T15:58:23.912131+00:00,42,OBSERVED,exact_station_name_and_coordinate_match,MANUAL_GOVERNMENT_OBSERVATION,0.9,False
4305,5,reservoir_level,264.627364,m,2026-02-17T02:30:00+00:00,2026-08-27T15:58:23.912131+00:00,42,OBSERVED,exact_station_name_and_coordinate_match,MANUAL_GOVERNMENT_OBSERVATION,0.9,False
4306,5,reservoir_storage,3760.1143,mcm,2026-02-17T02:30:00+00:00,2026-08-27T15:58:23.912131+00:00,42,OBSERVED,exact_station_name_and_coordinate_match,MANUAL_GOVERNMENT_OBSERVATION,0.9,False
4307,5,reservoir_level,264.292073,m,2026-02-18T02:30:00+00:00,2026-08-27T15:58:23.912131+00:00,42,OBSERVED,exact_station_name_and_coordinate_match,MANUAL_GOVERNMENT_OBSERVATION,0.9,False
4308,5,reservoir_storage,3650.3263,mcm,2026-02-18T02:30:00+00:00,2026-08-27T15:58:23.912131+00:00,42,OBSERVED,exact_station_name_and_coordinate_match,MANUAL_GOVERNMENT_OBSERVATION,0.9,False
4309,5,reservoir_level,263.9568,m,2026-02-19T02:30:00+00:00,2026-08-27T15:58:23.912131+00:00,42,OBSERVED,exact_station_name_and_coordinate_match,MANUAL_GOVERNMENT_OBSERVATION,0.9,False
4310,5,reservoir_storage,3529.036,mcm,2026-02-19T02:30:00+00:00,2026-08-27T15:58:23.912131+00:00,42,OBSERVED,exact_station_name_and_coordinate_match,MANUAL_GOVERNMENT_OBSERVATION,0.9,False
4311,5,reservoir_level,263.621527,m,2026-02-20T02:30:00+00:00,2026-08-27T15:58:23.912131+00:00,42,OBSERVED,exact_station_name_and_coordinate_match,MANUAL_GOVERNMENT_OBSERVATION,0.9,False
4312,5,reservoir_storage,3419.4608,mcm,2026-02-20T02:30:00+00:00,2026-08-27T15:58:23.912131+00:00,42,OBSERVED,exact_station_name_and_coordinate_match,MANUAL_GOVERNMENT_OBSERVATION,0.9,False
4313,5,reservoir_level,263.3472,m,2026-02-21T02:30:00+00:00,2026-08-27T15:58:23.912131+00:00,42,OBSERVED,exact_station_name_and_coordinate_match,MANUAL_GOVERNMENT_OBSERVATION,0.9,False
4314,5,reservoir_storage,3329.34,mcm,2026-02-21T02:30:00+00:00,2026-08-27T15:58:23.912131+00:00,42,OBSERVED,exact_station_name_and_coordinate_match,MANUAL_GOVERNMENT_OBSERVATION,0.9,False
4315,5,reservoir_level,263.1948,m,2026-02-22T02:30:00+00:00,2026-08-27T15:58:23.912131+00:00,42,OBSERVED,exact_station_name_and_coordinate_match,MANUAL_GOVERNMENT_OBSERVATION,0.9,False
4316,5,reservoir_storage,3281.7008,mcm,2026-02-22T02:30:00+00:00,2026-08-27T15:58:23.912131+00:00,42,OBSERVED,exact_station_name_and_coordinate_match,MANUAL_GOVERNMENT_OBSERVATION,0.9,False
4317,5,reservoir_level,263.133836,m,2026-02-23T02:30:00+00:00,2026-08-27T15:58:23.912131+00:00,42,OBSERVED,exact_station_name_and_coordinate_match,MANUAL_GOVERNMENT_OBSERVATION,0.9,False
4318,5,reservoir_storage,3257.8783,mcm,2026-02-23T02:30:00+00:00,2026-08-27T15:58:23.912131+00:00,42,OBSERVED,exact_station_name_and_coordinate_match,MANUAL_GOVERNMENT_OBSERVATION,0.9,False
4319,5,reservoir_level,263.0424,m,2026-02-24T02:30:00+00:00,2026-08-27T15:58:23.912131+00:00,42,OBSERVED,exact_station_name_and_coordinate_match,MANUAL_GOVERNMENT_OBSERVATION,0.9,False
4320,5,reservoir_storage,3219.8657,mcm,2026-02-24T02:30:00+00:00,2026-08-27T15:58:23.912131+00:00,42,OBSERVED,exact_station_name_and_coordinate_match,MANUAL_GOVERNMENT_OBSERVATION,0.9,False
4321,5,reservoir_level,262.89,m,2026-02-25T02:30:00+00:00,2026-08-27T15:58:23.912131+00:00,42,OBSERVED,exact_station_name_and_coordinate_match,MANUAL_GOVERNMENT_OBSERVATION,0.9,False
4322,5,reservoir_storage,3191.5072,mcm,2026-02-25T02:30:00+00:00,2026-08-27T15:58:23.912131+00:00,42,OBSERVED,exact_station_name_and_coordinate_match,MANUAL_GOVERNMENT_OBSERVATION,0.9,False
4323,5,reservoir_level,262.707127,m,2026-02-26T02:30:00+00:00,2026-08-27T15:58:23.912131+00:00,42,OBSERVED,exact_station_name_and_coordinate_match,MANUAL_GOVERNMENT_OBSERVATION,0.9,False
4324,5,reservoir_storage,3134.404,mcm,2026-02-26T02:30:00+00:00,2026-08-27T15:58:23.912131+00:00,42,OBSERVED,exact_station_name_and_coordinate_match,MANUAL_GOVERNMENT_OBSERVATION,0.9,False
4325,5,reservoir_level,262.341364,m,2026-02-27T02:30:00+00:00,2026-08-27T15:58:23.912131+00:00,42,OBSERVED,exact_station_name_and_coordinate_match,MANUAL_GOVERNMENT_OBSERVATION,0.9,False
4326,5,reservoir_storage,3030.4177,mcm,2026-02-27T02:30:00+00:00,2026-08-27T15:58:23.912131+00:00,42,OBSERVED,exact_station_name_and_coordinate_match,MANUAL_GOVERNMENT_OBSERVATION,0.9,False
4327,5,reservoir_level,261.914636,m,2026-02-28T02:30:00+00:00,2026-08-27T15:58:23.912131+00:00,42,OBSERVED,exact_station_name_and_coordinate_match,MANUAL_GOVERNMENT_OBSERVATION,0.9,False
4328,5,reservoir_storage,2902.0152,mcm,2026-02-28T02:30:00+00:00,2026-08-27T15:58:23.912131+00:00,42,OBSERVED,exact_station_name_and_coordinate_match,MANUAL_GOVERNMENT_OBSERVATION,0.9,False
4329,5,reservoir_level,251.063764,m,2026-04-01T02:30:00+00:00,2026-08-27T15:58:23.912131+00:00,42,OBSERVED,exact_station_name_and_coordinate_match,MANUAL_GOVERNMENT_OBSERVATION,0.9,False
4330,5,reservoir_storage,1225.042,mcm,2026-04-01T02:30:00+00:00,2026-08-27T15:58:23.912131+00:00,42,OBSERVED,exact_station_name_and_coordinate_match,MANUAL_GOVERNMENT_OBSERVATION,0.9,False
4331,5,reservoir_level,251.0028,m,2026-04-02T02:30:00+00:00,2026-08-27T15:58:23.912131+00:00,42,OBSERVED,exact_station_name_and_coordinate_match,MANUAL_GOVERNMENT_OBSERVATION,0.9,False
4332,5,reservoir_storage,1219.288,mcm,2026-04-02T02:30:00+00:00,2026-08-27T15:58:23.912131+00:00,42,OBSERVED,exact_station_name_and_coordinate_match,MANUAL_GOVERNMENT_OBSERVATION,0.9,False
4333,5,reservoir_level,250.972327,m,2026-04-03T02:30:00+00:00,2026-08-27T15:58:23.912131+00:00,42,OBSERVED,exact_station_name_and_coordinate_match,MANUAL_GOVERNMENT_OBSERVATION,0.9,False
4334,5,reservoir_storage,1217.37,mcm,2026-04-03T02:30:00+00:00,2026-08-27T15:58:23.912131+00:00,42,OBSERVED,exact_station_name_and_coordinate_match,MANUAL_GOVERNMENT_OBSERVATION,0.9,False
4335,5,reservoir_level,250.911364,m,2026-04-04T02:30:00+00:00,2026-08-27T15:58:23.912131+00:00,42,OBSERVED,exact_station_name_and_coordinate_match,MANUAL_GOVERNMENT_OBSERVATION,0.9,False
4336,5,reservoir_storage,1211.616,mcm,2026-04-04T02:30:00+00:00,2026-08-27T15:58:23.912131+00:00,42,OBSERVED,exact_station_name_and_coordinate_match,MANUAL_GOVERNMENT_OBSERVATION,0.9,False
4337,5,reservoir_level,250.819927,m,2026-04-05T02:30:00+00:00,2026-08-27T15:58:23.912131+00:00,42,OBSERVED,exact_station_name_and_coordinate_match,MANUAL_GOVERNMENT_OBSERVATION,0.9,False
4338,5,reservoir_storage,1205.9348,mcm,2026-04-05T02:30:00+00:00,2026-08-27T15:58:23.912131+00:00,42,OBSERVED,exact_station_name_and_coordinate_match,MANUAL_GOVERNMENT_OBSERVATION,0.9,False
4339,5,reservoir_level,250.789436,m,2026-04-06T02:30:00+00:00,2026-08-27T15:58:23.912131+00:00,42,OBSERVED,exact_station_name_and_coordinate_match,MANUAL_GOVERNMENT_OBSERVATION,0.9,False
4340,5,reservoir_storage,1202.2332,mcm,2026-04-06T02:30:00+00:00,2026-08-27T15:58:23.912131+00:00,42,OBSERVED,exact_station_name_and_coordinate_match,MANUAL_GOVERNMENT_OBSERVATION,0.9,False
4341,5,reservoir_level,250.728473,m,2026-04-07T02:30:00+00:00,2026-08-27T15:58:23.912131+00:00,42,OBSERVED,exact_station_name_and_coordinate_match,MANUAL_GOVERNMENT_OBSERVATION,0.9,False
4342,5,reservoir_storage,1198.5316,mcm,2026-04-07T02:30:00+00:00,2026-08-27T15:58:23.912131+00:00,42,OBSERVED,exact_station_name_and_coordinate_match,MANUAL_GOVERNMENT_OBSERVATION,0.9,False
4343,5,reservoir_level,250.637036,m,2026-04-08T02:30:00+00:00,2026-08-27T15:58:23.912131+00:00,42,OBSERVED,exact_station_name_and_coordinate_match,MANUAL_GOVERNMENT_OBSERVATION,0.9,False
4344,5,reservoir_storage,1192.9792,mcm,2026-04-08T02:30:00+00:00,2026-08-27T15:58:23.912131+00:00,42,OBSERVED,exact_station_name_and_coordinate_match,MANUAL_GOVERNMENT_OBSERVATION,0.9,False
4345,5,reservoir_level,250.576073,m,2026-04-09T02:30:00+00:00,2026-08-27T15:58:23.912131+00:00,42,OBSERVED,exact_station_name_and_coordinate_match,MANUAL_GOVERNMENT_OBSERVATION,0.9,False
4346,5,reservoir_storage,1187.4268,mcm,2026-04-09T02:30:00+00:00,2026-08-27T15:58:23.912131+00:00,42,OBSERVED,exact_station_name_and_coordinate_match,MANUAL_GOVERNMENT_OBSERVATION,0.9,False
4347,5,reservoir_level,250.515127,m,2026-04-10T02:30:00+00:00,2026-08-27T15:58:23.912131+00:00,42,OBSERVED,exact_station_name_and_coordinate_match,MANUAL_GOVERNMENT_OBSERVATION,0.9,False
4348,5,reservoir_storage,1181.964,mcm,2026-04-10T02:30:00+00:00,2026-08-27T15:58:23.912131+00:00,42,OBSERVED,exact_station_name_and_coordinate_match,MANUAL_GOVERNMENT_OBSERVATION,0.9,False
4349,5,reservoir_level,250.454164,m,2026-04-11T02:30:00+00:00,2026-08-27T15:58:23.912131+00:00,42,OBSERVED,exact_station_name_and_coordinate_match,MANUAL_GOVERNMENT_OBSERVATION,0.9,False
4350,5,reservoir_storage,1178.3576,mcm,2026-04-11T02:30:00+00:00,2026-08-27T15:58:23.912131+00:00,42,OBSERVED,exact_station_name_and_coordinate_match,MANUAL_GOVERNMENT_OBSERVATION,0.9,False
4351,5,reservoir_level,250.362727,m,2026-04-12T02:30:00+00:00,2026-08-27T15:58:23.912131+00:00,42,OBSERVED,exact_station_name_and_coordinate_match,MANUAL_GOVERNMENT_OBSERVATION,0.9,False
4352,5,reservoir_storage,1172.948,mcm,2026-04-12T02:30:00+00:00,2026-08-27T15:58:23.912131+00:00,42,OBSERVED,exact_station_name_and_coordinate_match,MANUAL_GOVERNMENT_OBSERVATION,0.9,False
4353,5,reservoir_level,250.301764,m,2026-04-13T02:30:00+00:00,2026-08-27T15:58:23.912131+00:00,42,OBSERVED,exact_station_name_and_coordinate_match,MANUAL_GOVERNMENT_OBSERVATION,0.9,False
4354,5,reservoir_storage,1167.5384,mcm,2026-04-13T02:30:00+00:00,2026-08-27T15:58:23.912131+00:00,42,OBSERVED,exact_station_name_and_coordinate_match,MANUAL_GOVERNMENT_OBSERVATION,0.9,False
4355,5,reservoir_level,250.210327,m,2026-04-14T02:30:00+00:00,2026-08-27T15:58:23.912131+00:00,42,OBSERVED,exact_station_name_and_coordinate_match,MANUAL_GOVERNMENT_OBSERVATION,0.9,False
4356,5,reservoir_storage,1162.2968,mcm,2026-04-14T02:30:00+00:00,2026-08-27T15:58:23.912131+00:00,42,OBSERVED,exact_station_name_and_coordinate_match,MANUAL_GOVERNMENT_OBSERVATION,0.9,False
4357,5,reservoir_level,250.179836,m,2026-04-15T02:30:00+00:00,2026-08-27T15:58:23.912131+00:00,42,OBSERVED,exact_station_name_and_coordinate_match,MANUAL_GOVERNMENT_OBSERVATION,0.9,False
4358,5,reservoir_storage,1159.06,mcm,2026-04-15T02:30:00+00:00,2026-08-27T15:58:23.912131+00:00,42,OBSERVED,exact_station_name_and_coordinate_match,MANUAL_GOVERNMENT_OBSERVATION,0.9,False
4359,5,reservoir_level,250.118873,m,2026-04-16T02:30:00+00:00,2026-08-27T15:58:23.912131+00:00,42,OBSERVED,exact_station_name_and_coordinate_match,MANUAL_GOVERNMENT_OBSERVATION,0.9,False
4360,5,reservoir_storage,1155.8232,mcm,2026-04-16T02:30:00+00:00,2026-08-27T15:58:23.912131+00:00,42,OBSERVED,exact_station_name_and_coordinate_match,MANUAL_GOVERNMENT_OBSERVATION,0.9,False
4361,5,reservoir_level,250.0884,m,2026-04-17T02:30:00+00:00,2026-08-27T15:58:23.912131+00:00,42,OBSERVED,exact_station_name_and_coordinate_match,MANUAL_GOVERNMENT_OBSERVATION,0.9,False
4362,5,reservoir_storage,1154.2048,mcm,2026-04-17T02:30:00+00:00,2026-08-27T15:58:23.912131+00:00,42,OBSERVED,exact_station_name_and_coordinate_match,MANUAL_GOVERNMENT_OBSERVATION,0.9,False
4363,5,reservoir_level,250.027436,m,2026-04-18T02:30:00+00:00,2026-08-27T15:58:23.912131+00:00,42,OBSERVED,exact_station_name_and_coordinate_match,MANUAL_GOVERNMENT_OBSERVATION,0.9,False
4364,5,reservoir_storage,1149.3496,mcm,2026-04-18T02:30:00+00:00,2026-08-27T15:58:23.912131+00:00,42,OBSERVED,exact_station_name_and_coordinate_match,MANUAL_GOVERNMENT_OBSERVATION,0.9,False
4365,5,reservoir_level,249.936,m,2026-04-19T02:30:00+00:00,2026-08-27T15:58:23.912131+00:00,42,OBSERVED,exact_station_name_and_coordinate_match,MANUAL_GOVERNMENT_OBSERVATION,0.9,False
4366,5,reservoir_storage,1144.4944,mcm,2026-04-19T02:30:00+00:00,2026-08-27T15:58:23.912131+00:00,42,OBSERVED,exact_station_name_and_coordinate_match,MANUAL_GOVERNMENT_OBSERVATION,0.9,False
4367,5,reservoir_level,249.905527,m,2026-04-20T02:30:00+00:00,2026-08-27T15:58:23.912131+00:00,42,OBSERVED,exact_station_name_and_coordinate_match,MANUAL_GOVERNMENT_OBSERVATION,0.9,False
4368,5,reservoir_storage,1141.1652,mcm,2026-04-20T02:30:00+00:00,2026-08-27T15:58:23.912131+00:00,42,OBSERVED,exact_station_name_and_coordinate_match,MANUAL_GOVERNMENT_OBSERVATION,0.9,False
4369,5,reservoir_level,249.844564,m,2026-04-21T02:30:00+00:00,2026-08-27T15:58:23.912131+00:00,42,OBSERVED,exact_station_name_and_coordinate_match,MANUAL_GOVERNMENT_OBSERVATION,0.9,False
4370,5,reservoir_storage,1137.7548,mcm,2026-04-21T02:30:00+00:00,2026-08-27T15:58:23.912131+00:00,42,OBSERVED,exact_station_name_and_coordinate_match,MANUAL_GOVERNMENT_OBSERVATION,0.9,False
4371,5,reservoir_level,249.7836,m,2026-04-22T02:30:00+00:00,2026-08-27T15:58:23.912131+00:00,42,OBSERVED,exact_station_name_and_coordinate_match,MANUAL_GOVERNMENT_OBSERVATION,0.9,False
4372,5,reservoir_storage,1134.3444,mcm,2026-04-22T02:30:00+00:00,2026-08-27T15:58:23.912131+00:00,42,OBSERVED,exact_station_name_and_coordinate_match,MANUAL_GOVERNMENT_OBSERVATION,0.9,False
4373,5,reservoir_level,249.7836,m,2026-04-23T02:30:00+00:00,2026-08-27T15:58:23.912131+00:00,42,OBSERVED,exact_station_name_and_coordinate_match,MANUAL_GOVERNMENT_OBSERVATION,0.9,False
4374,5,reservoir_storage,1132.6392,mcm,2026-04-23T02:30:00+00:00,2026-08-27T15:58:23.912131+00:00,42,OBSERVED,exact_station_name_and_coordinate_match,MANUAL_GOVERNMENT_OBSERVATION,0.9,False
4375,5,reservoir_level,249.722636,m,2026-04-24T02:30:00+00:00,2026-08-27T15:58:23.912131+00:00,42,OBSERVED,exact_station_name_and_coordinate_match,MANUAL_GOVERNMENT_OBSERVATION,0.9,False
4376,5,reservoir_storage,1129.2288,mcm,2026-04-24T02:30:00+00:00,2026-08-27T15:58:23.912131+00:00,42,OBSERVED,exact_station_name_and_coordinate_match,MANUAL_GOVERNMENT_OBSERVATION,0.9,False
4377,5,reservoir_level,249.6312,m,2026-04-25T02:30:00+00:00,2026-08-27T15:58:23.912131+00:00,42,OBSERVED,exact_station_name_and_coordinate_match,MANUAL_GOVERNMENT_OBSERVATION,0.9,False
4378,5,reservoir_storage,1122.408,mcm,2026-04-25T02:30:00+00:00,2026-08-27T15:58:23.912131+00:00,42,OBSERVED,exact_station_name_and_coordinate_match,MANUAL_GOVERNMENT_OBSERVATION,0.9,False
4379,5,reservoir_level,249.539764,m,2026-04-26T02:30:00+00:00,2026-08-27T15:58:23.912131+00:00,42,OBSERVED,exact_station_name_and_coordinate_match,MANUAL_GOVERNMENT_OBSERVATION,0.9,False
4380,5,reservoir_storage,1115.7832,mcm,2026-04-26T02:30:00+00:00,2026-08-27T15:58:23.912131+00:00,42,OBSERVED,exact_station_name_and_coordinate_match,MANUAL_GOVERNMENT_OBSERVATION,0.9,False
4381,5,reservoir_level,249.509273,m,2026-04-27T02:30:00+00:00,2026-08-27T15:58:23.912131+00:00,42,OBSERVED,exact_station_name_and_coordinate_match,MANUAL_GOVERNMENT_OBSERVATION,0.9,False
4382,5,reservoir_storage,1114.1228,mcm,2026-04-27T02:30:00+00:00,2026-08-27T15:58:23.912131+00:00,42,OBSERVED,exact_station_name_and_coordinate_match,MANUAL_GOVERNMENT_OBSERVATION,0.9,False
4383,5,reservoir_level,249.4788,m,2026-04-28T02:30:00+00:00,2026-08-27T15:58:23.912131+00:00,42,OBSERVED,exact_station_name_and_coordinate_match,MANUAL_GOVERNMENT_OBSERVATION,0.9,False
4384,5,reservoir_storage,1112.4624,mcm,2026-04-28T02:30:00+00:00,2026-08-27T15:58:23.912131+00:00,42,OBSERVED,exact_station_name_and_coordinate_match,MANUAL_GOVERNMENT_OBSERVATION,0.9,False
4385,5,reservoir_level,249.417836,m,2026-04-29T02:30:00+00:00,2026-08-27T15:58:23.912131+00:00,42,OBSERVED,exact_station_name_and_coordinate_match,MANUAL_GOVERNMENT_OBSERVATION,0.9,False
4386,5,reservoir_storage,1109.1416,mcm,2026-04-29T02:30:00+00:00,2026-08-27T15:58:23.912131+00:00,42,OBSERVED,exact_station_name_and_coordinate_match,MANUAL_GOVERNMENT_OBSERVATION,0.9,False
4387,5,reservoir_level,249.387364,m,2026-04-30T02:30:00+00:00,2026-08-27T15:58:23.912131+00:00,42,OBSERVED,exact_station_name_and_coordinate_match,MANUAL_GOVERNMENT_OBSERVATION,0.9,False
4388,5,reservoir_storage,1105.8208,mcm,2026-04-30T02:30:00+00:00,2026-08-27T15:58:23.912131+00:00,42,OBSERVED,exact_station_name_and_coordinate_match,MANUAL_GOVERNMENT_OBSERVATION,0.9,False
4389,5,reservoir_level,249.356873,m,2026-05-01T02:30:00+00:00,2026-08-27T15:58:23.912131+00:00,42,OBSERVED,exact_station_name_and_coordinate_match,MANUAL_GOVERNMENT_OBSERVATION,0.9,False
4390,5,reservoir_storage,1104.1604,mcm,2026-05-01T02:30:00+00:00,2026-08-27T15:58:23.912131+00:00,42,OBSERVED,exact_station_name_and_coordinate_match,MANUAL_GOVERNMENT_OBSERVATION,0.9,False
4391,5,reservoir_level,249.3264,m,2026-05-02T02:30:00+00:00,2026-08-27T15:58:23.912131+00:00,42,OBSERVED,exact_station_name_and_coordinate_match,MANUAL_GOVERNMENT_OBSERVATION,0.9,False
4392,5,reservoir_storage,1102.5,mcm,2026-05-02T02:30:00+00:00,2026-08-27T15:58:23.912131+00:00,42,OBSERVED,exact_station_name_and_coordinate_match,MANUAL_GOVERNMENT_OBSERVATION,0.9,False
4393,5,reservoir_level,249.295927,m,2026-05-03T02:30:00+00:00,2026-08-27T15:58:23.912131+00:00,42,OBSERVED,exact_station_name_and_coordinate_match,MANUAL_GOVERNMENT_OBSERVATION,0.9,False
4394,5,reservoir_storage,1100.89,mcm,2026-05-03T02:30:00+00:00,2026-08-27T15:58:23.912131+00:00,42,OBSERVED,exact_station_name_and_coordinate_match,MANUAL_GOVERNMENT_OBSERVATION,0.9,False
4395,5,reservoir_level,249.295927,m,2026-05-04T02:30:00+00:00,2026-08-27T15:58:23.912131+00:00,42,OBSERVED,exact_station_name_and_coordinate_match,MANUAL_GOVERNMENT_OBSERVATION,0.9,False
4396,5,reservoir_storage,1100.89,mcm,2026-05-04T02:30:00+00:00,2026-08-27T15:58:23.912131+00:00,42,OBSERVED,exact_station_name_and_coordinate_match,MANUAL_GOVERNMENT_OBSERVATION,0.9,False
4397,5,reservoir_level,249.265436,m,2026-05-05T02:30:00+00:00,2026-08-27T15:58:23.912131+00:00,42,OBSERVED,exact_station_name_and_coordinate_match,MANUAL_GOVERNMENT_OBSERVATION,0.9,False
4398,5,reservoir_storage,1099.28,mcm,2026-05-05T02:30:00+00:00,2026-08-27T15:58:23.912131+00:00,42,OBSERVED,exact_station_name_and_coordinate_match,MANUAL_GOVERNMENT_OBSERVATION,0.9,False
4399,5,reservoir_level,249.265436,m,2026-05-06T02:30:00+00:00,2026-08-27T15:58:23.912131+00:00,42,OBSERVED,exact_station_name_and_coordinate_match,MANUAL_GOVERNMENT_OBSERVATION,0.9,False
4400,5,reservoir_storage,1099.28,mcm,2026-05-06T02:30:00+00:00,2026-08-27T15:58:23.912131+00:00,42,OBSERVED,exact_station_name_and_coordinate_match,MANUAL_GOVERNMENT_OBSERVATION,0.9,False
4401,5,reservoir_level,249.265436,m,2026-05-07T02:30:00+00:00,2026-08-27T15:58:23.912131+00:00,42,OBSERVED,exact_station_name_and_coordinate_match,MANUAL_GOVERNMENT_OBSERVATION,0.9,False
4402,5,reservoir_storage,1099.28,mcm,2026-05-07T02:30:00+00:00,2026-08-27T15:58:23.912131+00:00,42,OBSERVED,exact_station_name_and_coordinate_match,MANUAL_GOVERNMENT_OBSERVATION,0.9,False
4403,5,reservoir_level,249.265436,m,2026-05-08T02:30:00+00:00,2026-08-27T15:58:23.912131+00:00,42,OBSERVED,exact_station_name_and_coordinate_match,MANUAL_GOVERNMENT_OBSERVATION,0.9,False
4404,5,reservoir_storage,1099.28,mcm,2026-05-08T02:30:00+00:00,2026-08-27T15:58:23.912131+00:00,42,OBSERVED,exact_station_name_and_coordinate_match,MANUAL_GOVERNMENT_OBSERVATION,0.9,False
4405,5,reservoir_level,249.265436,m,2026-05-09T02:30:00+00:00,2026-08-27T15:58:23.912131+00:00,42,OBSERVED,exact_station_name_and_coordinate_match,MANUAL_GOVERNMENT_OBSERVATION,0.9,False
4406,5,reservoir_storage,1099.28,mcm,2026-05-09T02:30:00+00:00,2026-08-27T15:58:23.912131+00:00,42,OBSERVED,exact_station_name_and_coordinate_match,MANUAL_GOVERNMENT_OBSERVATION,0.9,False
4407,5,reservoir_level,249.265436,m,2026-05-10T02:30:00+00:00,2026-08-27T15:58:23.912131+00:00,42,OBSERVED,exact_station_name_and_coordinate_match,MANUAL_GOVERNMENT_OBSERVATION,0.9,False
4408,5,reservoir_storage,1099.28,mcm,2026-05-10T02:30:00+00:00,2026-08-27T15:58:23.912131+00:00,42,OBSERVED,exact_station_name_and_coordinate_match,MANUAL_GOVERNMENT_OBSERVATION,0.9,False
4409,5,reservoir_level,249.234964,m,2026-05-11T02:30:00+00:00,2026-08-27T15:58:23.912131+00:00,42,OBSERVED,exact_station_name_and_coordinate_match,MANUAL_GOVERNMENT_OBSERVATION,0.9,False
4410,5,reservoir_storage,1097.67,mcm,2026-05-11T02:30:00+00:00,2026-08-27T15:58:23.912131+00:00,42,OBSERVED,exact_station_name_and_coordinate_match,MANUAL_GOVERNMENT_OBSERVATION,0.9,False
4411,5,reservoir_level,249.234964,m,2026-05-12T02:30:00+00:00,2026-08-27T15:58:23.912131+00:00,42,OBSERVED,exact_station_name_and_coordinate_match,MANUAL_GOVERNMENT_OBSERVATION,0.9,False
4412,5,reservoir_storage,1097.67,mcm,2026-05-12T02:30:00+00:00,2026-08-27T15:58:23.912131+00:00,42,OBSERVED,exact_station_name_and_coordinate_match,MANUAL_GOVERNMENT_OBSERVATION,0.9,False
4413,5,reservoir_level,249.234964,m,2026-05-13T02:30:00+00:00,2026-08-27T15:58:23.912131+00:00,42,OBSERVED,exact_station_name_and_coordinate_match,MANUAL_GOVERNMENT_OBSERVATION,0.9,False
4414,5,reservoir_storage,1097.67,mcm,2026-05-13T02:30:00+00:00,2026-08-27T15:58:23.912131+00:00,42,OBSERVED,exact_station_name_and_coordinate_match,MANUAL_GOVERNMENT_OBSERVATION,0.9,False
4415,5,reservoir_level,249.234964,m,2026-05-14T02:30:00+00:00,2026-08-27T15:58:23.912131+00:00,42,OBSERVED,exact_station_name_and_coordinate_match,MANUAL_GOVERNMENT_OBSERVATION,0.9,False
4416,5,reservoir_storage,1097.67,mcm,2026-05-14T02:30:00+00:00,2026-08-27T15:58:23.912131+00:00,42,OBSERVED,exact_station_name_and_coordinate_match,MANUAL_GOVERNMENT_OBSERVATION,0.9,False
4417,5,reservoir_level,249.234964,m,2026-05-15T02:30:00+00:00,2026-08-27T15:58:23.912131+00:00,42,OBSERVED,exact_station_name_and_coordinate_match,MANUAL_GOVERNMENT_OBSERVATION,0.9,False
4418,5,reservoir_storage,1097.67,mcm,2026-05-15T02:30:00+00:00,2026-08-27T15:58:23.912131+00:00,42,OBSERVED,exact_station_name_and_coordinate_match,MANUAL_GOVERNMENT_OBSERVATION,0.9,False
4419,5,reservoir_level,249.234964,m,2026-05-16T02:30:00+00:00,2026-08-27T15:58:23.912131+00:00,42,OBSERVED,exact_station_name_and_coordinate_match,MANUAL_GOVERNMENT_OBSERVATION,0.9,False
4420,5,reservoir_storage,1097.67,mcm,2026-05-16T02:30:00+00:00,2026-08-27T15:58:23.912131+00:00,42,OBSERVED,exact_station_name_and_coordinate_match,MANUAL_GOVERNMENT_OBSERVATION,0.9,False
4421,5,reservoir_level,249.234964,m,2026-05-17T02:30:00+00:00,2026-08-27T15:58:23.912131+00:00,42,OBSERVED,exact_station_name_and_coordinate_match,MANUAL_GOVERNMENT_OBSERVATION,0.9,False
4422,5,reservoir_storage,1097.67,mcm,2026-05-17T02:30:00+00:00,2026-08-27T15:58:23.912131+00:00,42,OBSERVED,exact_station_name_and_coordinate_match,MANUAL_GOVERNMENT_OBSERVATION,0.9,False
4423,5,reservoir_level,249.234964,m,2026-05-18T02:30:00+00:00,2026-08-27T15:58:23.912131+00:00,42,OBSERVED,exact_station_name_and_coordinate_match,MANUAL_GOVERNMENT_OBSERVATION,0.9,False
4424,5,reservoir_storage,1097.67,mcm,2026-05-18T02:30:00+00:00,2026-08-27T15:58:23.912131+00:00,42,OBSERVED,exact_station_name_and_coordinate_match,MANUAL_GOVERNMENT_OBSERVATION,0.9,False
4425,5,reservoir_level,249.234964,m,2026-05-19T02:30:00+00:00,2026-08-27T15:58:23.912131+00:00,42,OBSERVED,exact_station_name_and_coordinate_match,MANUAL_GOVERNMENT_OBSERVATION,0.9,False
4426,5,reservoir_storage,1097.67,mcm,2026-05-19T02:30:00+00:00,2026-08-27T15:58:23.912131+00:00,42,OBSERVED,exact_station_name_and_coordinate_match,MANUAL_GOVERNMENT_OBSERVATION,0.9,False
4427,5,reservoir_level,249.234964,m,2026-05-20T02:30:00+00:00,2026-08-27T15:58:23.912131+00:00,42,OBSERVED,exact_station_name_and_coordinate_match,MANUAL_GOVERNMENT_OBSERVATION,0.9,False
4428,5,reservoir_storage,1097.67,mcm,2026-05-20T02:30:00+00:00,2026-08-27T15:58:23.912131+00:00,42,OBSERVED,exact_station_name_and_coordinate_match,MANUAL_GOVERNMENT_OBSERVATION,0.9,False
4429,5,reservoir_level,249.234964,m,2026-05-21T02:30:00+00:00,2026-08-27T15:58:23.912131+00:00,42,OBSERVED,exact_station_name_and_coordinate_match,MANUAL_GOVERNMENT_OBSERVATION,0.9,False
4430,5,reservoir_storage,1096.06,mcm,2026-05-21T02:30:00+00:00,2026-08-27T15:58:23.912131+00:00,42,OBSERVED,exact_station_name_and_coordinate_match,MANUAL_GOVERNMENT_OBSERVATION,0.9,False
4431,5,reservoir_level,249.234964,m,2026-05-22T02:30:00+00:00,2026-08-27T15:58:23.912131+00:00,42,OBSERVED,exact_station_name_and_coordinate_match,MANUAL_GOVERNMENT_OBSERVATION,0.9,False
4432,5,reservoir_storage,1096.06,mcm,2026-05-22T02:30:00+00:00,2026-08-27T15:58:23.912131+00:00,42,OBSERVED,exact_station_name_and_coordinate_match,MANUAL_GOVERNMENT_OBSERVATION,0.9,False
4433,5,reservoir_level,249.234964,m,2026-05-23T02:30:00+00:00,2026-08-27T15:58:23.912131+00:00,42,OBSERVED,exact_station_name_and_coordinate_match,MANUAL_GOVERNMENT_OBSERVATION,0.9,False
4434,5,reservoir_storage,1096.06,mcm,2026-05-23T02:30:00+00:00,2026-08-27T15:58:23.912131+00:00,42,OBSERVED,exact_station_name_and_coordinate_match,MANUAL_GOVERNMENT_OBSERVATION,0.9,False
4435,5,reservoir_level,249.204473,m,2026-05-24T02:30:00+00:00,2026-08-27T15:58:23.912131+00:00,42,OBSERVED,exact_station_name_and_coordinate_match,MANUAL_GOVERNMENT_OBSERVATION,0.9,False
4436,5,reservoir_storage,1094.45,mcm,2026-05-24T02:30:00+00:00,2026-08-27T15:58:23.912131+00:00,42,OBSERVED,exact_station_name_and_coordinate_match,MANUAL_GOVERNMENT_OBSERVATION,0.9,False
4437,5,reservoir_level,249.204473,m,2026-05-25T02:30:00+00:00,2026-08-27T15:58:23.912131+00:00,42,OBSERVED,exact_station_name_and_coordinate_match,MANUAL_GOVERNMENT_OBSERVATION,0.9,False
4438,5,reservoir_storage,1094.45,mcm,2026-05-25T02:30:00+00:00,2026-08-27T15:58:23.912131+00:00,42,OBSERVED,exact_station_name_and_coordinate_match,MANUAL_GOVERNMENT_OBSERVATION,0.9,False
4439,5,reservoir_level,249.204473,m,2026-05-26T02:30:00+00:00,2026-08-27T15:58:23.912131+00:00,42,OBSERVED,exact_station_name_and_coordinate_match,MANUAL_GOVERNMENT_OBSERVATION,0.9,False
4440,5,reservoir_storage,1094.45,mcm,2026-05-26T02:30:00+00:00,2026-08-27T15:58:23.912131+00:00,42,OBSERVED,exact_station_name_and_coordinate_match,MANUAL_GOVERNMENT_OBSERVATION,0.9,False
4441,5,reservoir_level,249.204473,m,2026-05-27T02:30:00+00:00,2026-08-27T15:58:23.912131+00:00,42,OBSERVED,exact_station_name_and_coordinate_match,MANUAL_GOVERNMENT_OBSERVATION,0.9,False
4442,5,reservoir_storage,1094.45,mcm,2026-05-27T02:30:00+00:00,2026-08-27T15:58:23.912131+00:00,42,OBSERVED,exact_station_name_and_coordinate_match,MANUAL_GOVERNMENT_OBSERVATION,0.9,False
4443,5,reservoir_level,249.234964,m,2026-05-28T02:30:00+00:00,2026-08-27T15:58:23.912131+00:00,42,OBSERVED,exact_station_name_and_coordinate_match,MANUAL_GOVERNMENT_OBSERVATION,0.9,False
4444,5,reservoir_storage,1096.06,mcm,2026-05-28T02:30:00+00:00,2026-08-27T15:58:23.912131+00:00,42,OBSERVED,exact_station_name_and_coordinate_match,MANUAL_GOVERNMENT_OBSERVATION,0.9,False
4445,5,reservoir_level,249.234964,m,2026-05-29T02:30:00+00:00,2026-08-27T15:58:23.912131+00:00,42,OBSERVED,exact_station_name_and_coordinate_match,MANUAL_GOVERNMENT_OBSERVATION,0.9,False
4446,5,reservoir_storage,1096.06,mcm,2026-05-29T02:30:00+00:00,2026-08-27T15:58:23.912131+00:00,42,OBSERVED,exact_station_name_and_coordinate_match,MANUAL_GOVERNMENT_OBSERVATION,0.9,False
4447,5,reservoir_level,249.234964,m,2026-05-30T02:30:00+00:00,2026-08-27T15:58:23.912131+00:00,42,OBSERVED,exact_station_name_and_coordinate_match,MANUAL_GOVERNMENT_OBSERVATION,0.9,False
4448,5,reservoir_storage,1096.06,mcm,2026-05-30T02:30:00+00:00,2026-08-27T15:58:23.912131+00:00,42,OBSERVED,exact_station_name_and_coordinate_match,MANUAL_GOVERNMENT_OBSERVATION,0.9,False
4449,5,reservoir_level,249.234964,m,2026-05-31T02:30:00+00:00,2026-08-27T15:58:23.912131+00:00,42,OBSERVED,exact_station_name_and_coordinate_match,MANUAL_GOVERNMENT_OBSERVATION,0.9,False
4450,5,reservoir_storage,1097.67,mcm,2026-05-31T02:30:00+00:00,2026-08-27T15:58:23.912131+00:00,42,OBSERVED,exact_station_name_and_coordinate_match,MANUAL_GOVERNMENT_OBSERVATION,0.9,False
4451,5,reservoir_level,249.265436,m,2026-06-01T02:30:00+00:00,2026-08-27T15:58:23.912131+00:00,42,OBSERVED,exact_station_name_and_coordinate_match,MANUAL_GOVERNMENT_OBSERVATION,0.9,False
4452,5,reservoir_storage,1099.28,mcm,2026-06-01T02:30:00+00:00,2026-08-27T15:58:23.912131+00:00,42,OBSERVED,exact_station_name_and_coordinate_match,MANUAL_GOVERNMENT_OBSERVATION,0.9,False
4453,5,reservoir_level,249.3264,m,2026-06-02T02:30:00+00:00,2026-08-27T15:58:23.912131+00:00,42,OBSERVED,exact_station_name_and_coordinate_match,MANUAL_GOVERNMENT_OBSERVATION,0.9,False
4454,5,reservoir_storage,1102.5,mcm,2026-06-02T02:30:00+00:00,2026-08-27T15:58:23.912131+00:00,42,OBSERVED,exact_station_name_and_coordinate_match,MANUAL_GOVERNMENT_OBSERVATION,0.9,False
4455,5,reservoir_level,249.387364,m,2026-06-03T02:30:00+00:00,2026-08-27T15:58:23.912131+00:00,42,OBSERVED,exact_station_name_and_coordinate_match,MANUAL_GOVERNMENT_OBSERVATION,0.9,False
4456,5,reservoir_storage,1105.8208,mcm,2026-06-03T02:30:00+00:00,2026-08-27T15:58:23.912131+00:00,42,OBSERVED,exact_station_name_and_coordinate_match,MANUAL_GOVERNMENT_OBSERVATION,0.9,False
4457,5,reservoir_level,249.448327,m,2026-06-04T02:30:00+00:00,2026-08-27T15:58:23.912131+00:00,42,OBSERVED,exact_station_name_and_coordinate_match,MANUAL_GOVERNMENT_OBSERVATION,0.9,False
4458,5,reservoir_storage,1110.802,mcm,2026-06-04T02:30:00+00:00,2026-08-27T15:58:23.912131+00:00,42,OBSERVED,exact_station_name_and_coordinate_match,MANUAL_GOVERNMENT_OBSERVATION,0.9,False
4459,5,reservoir_level,249.509273,m,2026-06-05T02:30:00+00:00,2026-08-27T15:58:23.912131+00:00,42,OBSERVED,exact_station_name_and_coordinate_match,MANUAL_GOVERNMENT_OBSERVATION,0.9,False
4460,5,reservoir_storage,1114.1228,mcm,2026-06-05T02:30:00+00:00,2026-08-27T15:58:23.912131+00:00,42,OBSERVED,exact_station_name_and_coordinate_match,MANUAL_GOVERNMENT_OBSERVATION,0.9,False
4461,5,reservoir_level,249.539764,m,2026-06-06T02:30:00+00:00,2026-08-27T15:58:23.912131+00:00,42,OBSERVED,exact_station_name_and_coordinate_match,MANUAL_GOVERNMENT_OBSERVATION,0.9,False
4462,5,reservoir_storage,1115.7832,mcm,2026-06-06T02:30:00+00:00,2026-08-27T15:58:23.912131+00:00,42,OBSERVED,exact_station_name_and_coordinate_match,MANUAL_GOVERNMENT_OBSERVATION,0.9,False
4463,5,reservoir_level,249.539764,m,2026-06-07T02:30:00+00:00,2026-08-27T15:58:23.912131+00:00,42,OBSERVED,exact_station_name_and_coordinate_match,MANUAL_GOVERNMENT_OBSERVATION,0.9,False
4464,5,reservoir_storage,1117.4436,mcm,2026-06-07T02:30:00+00:00,2026-08-27T15:58:23.912131+00:00,42,OBSERVED,exact_station_name_and_coordinate_match,MANUAL_GOVERNMENT_OBSERVATION,0.9,False
4465,5,reservoir_level,249.6312,m,2026-06-08T02:30:00+00:00,2026-08-27T15:58:23.912131+00:00,42,OBSERVED,exact_station_name_and_coordinate_match,MANUAL_GOVERNMENT_OBSERVATION,0.9,False
4466,5,reservoir_storage,1122.408,mcm,2026-06-08T02:30:00+00:00,2026-08-27T15:58:23.912131+00:00,42,OBSERVED,exact_station_name_and_coordinate_match,MANUAL_GOVERNMENT_OBSERVATION,0.9,False
4467,5,reservoir_level,249.692164,m,2026-06-09T02:30:00+00:00,2026-08-27T15:58:23.912131+00:00,42,OBSERVED,exact_station_name_and_coordinate_match,MANUAL_GOVERNMENT_OBSERVATION,0.9,False
4468,5,reservoir_storage,1127.5236,mcm,2026-06-09T02:30:00+00:00,2026-08-27T15:58:23.912131+00:00,42,OBSERVED,exact_station_name_and_coordinate_match,MANUAL_GOVERNMENT_OBSERVATION,0.9,False
4469,5,reservoir_level,249.753127,m,2026-06-10T02:30:00+00:00,2026-08-27T15:58:23.912131+00:00,42,OBSERVED,exact_station_name_and_coordinate_match,MANUAL_GOVERNMENT_OBSERVATION,0.9,False
4470,5,reservoir_storage,1130.934,mcm,2026-06-10T02:30:00+00:00,2026-08-27T15:58:23.912131+00:00,42,OBSERVED,exact_station_name_and_coordinate_match,MANUAL_GOVERNMENT_OBSERVATION,0.9,False
4471,5,reservoir_level,249.814073,m,2026-06-11T02:30:00+00:00,2026-08-27T15:58:23.912131+00:00,42,OBSERVED,exact_station_name_and_coordinate_match,MANUAL_GOVERNMENT_OBSERVATION,0.9,False
4472,5,reservoir_storage,1134.3444,mcm,2026-06-11T02:30:00+00:00,2026-08-27T15:58:23.912131+00:00,42,OBSERVED,exact_station_name_and_coordinate_match,MANUAL_GOVERNMENT_OBSERVATION,0.9,False
4473,5,reservoir_level,249.875036,m,2026-06-12T02:30:00+00:00,2026-08-27T15:58:23.912131+00:00,42,OBSERVED,exact_station_name_and_coordinate_match,MANUAL_GOVERNMENT_OBSERVATION,0.9,False
4474,5,reservoir_storage,1139.46,mcm,2026-06-12T02:30:00+00:00,2026-08-27T15:58:23.912131+00:00,42,OBSERVED,exact_station_name_and_coordinate_match,MANUAL_GOVERNMENT_OBSERVATION,0.9,False
4475,5,reservoir_level,249.936,m,2026-06-13T02:30:00+00:00,2026-08-27T15:58:23.912131+00:00,42,OBSERVED,exact_station_name_and_coordinate_match,MANUAL_GOVERNMENT_OBSERVATION,0.9,False
4476,5,reservoir_storage,1144.4944,mcm,2026-06-13T02:30:00+00:00,2026-08-27T15:58:23.912131+00:00,42,OBSERVED,exact_station_name_and_coordinate_match,MANUAL_GOVERNMENT_OBSERVATION,0.9,False
4477,5,reservoir_level,250.027436,m,2026-06-14T02:30:00+00:00,2026-08-27T15:58:23.912131+00:00,42,OBSERVED,exact_station_name_and_coordinate_match,MANUAL_GOVERNMENT_OBSERVATION,0.9,False
4478,5,reservoir_storage,1149.3496,mcm,2026-06-14T02:30:00+00:00,2026-08-27T15:58:23.912131+00:00,42,OBSERVED,exact_station_name_and_coordinate_match,MANUAL_GOVERNMENT_OBSERVATION,0.9,False
4479,5,reservoir_level,250.057927,m,2026-06-15T02:30:00+00:00,2026-08-27T15:58:23.912131+00:00,42,OBSERVED,exact_station_name_and_coordinate_match,MANUAL_GOVERNMENT_OBSERVATION,0.9,False
4480,5,reservoir_storage,1150.968,mcm,2026-06-15T02:30:00+00:00,2026-08-27T15:58:23.912131+00:00,42,OBSERVED,exact_station_name_and_coordinate_match,MANUAL_GOVERNMENT_OBSERVATION,0.9,False
4481,5,reservoir_level,250.210327,m,2026-06-16T02:30:00+00:00,2026-08-27T15:58:23.912131+00:00,42,OBSERVED,exact_station_name_and_coordinate_match,MANUAL_GOVERNMENT_OBSERVATION,0.9,False
4482,5,reservoir_storage,1160.6784,mcm,2026-06-16T02:30:00+00:00,2026-08-27T15:58:23.912131+00:00,42,OBSERVED,exact_station_name_and_coordinate_match,MANUAL_GOVERNMENT_OBSERVATION,0.9,False
4483,5,reservoir_level,250.301764,m,2026-06-17T02:30:00+00:00,2026-08-27T15:58:23.912131+00:00,42,OBSERVED,exact_station_name_and_coordinate_match,MANUAL_GOVERNMENT_OBSERVATION,0.9,False
4484,5,reservoir_storage,1167.5384,mcm,2026-06-17T02:30:00+00:00,2026-08-27T15:58:23.912131+00:00,42,OBSERVED,exact_station_name_and_coordinate_match,MANUAL_GOVERNMENT_OBSERVATION,0.9,False
4485,5,reservoir_level,250.454164,m,2026-06-18T02:30:00+00:00,2026-08-27T15:58:23.912131+00:00,42,OBSERVED,exact_station_name_and_coordinate_match,MANUAL_GOVERNMENT_OBSERVATION,0.9,False
4486,5,reservoir_storage,1178.3576,mcm,2026-06-18T02:30:00+00:00,2026-08-27T15:58:23.912131+00:00,42,OBSERVED,exact_station_name_and_coordinate_match,MANUAL_GOVERNMENT_OBSERVATION,0.9,False
4487,5,reservoir_level,250.515127,m,2026-06-19T02:30:00+00:00,2026-08-27T15:58:23.912131+00:00,42,OBSERVED,exact_station_name_and_coordinate_match,MANUAL_GOVERNMENT_OBSERVATION,0.9,False
4488,5,reservoir_storage,1181.964,mcm,2026-06-19T02:30:00+00:00,2026-08-27T15:58:23.912131+00:00,42,OBSERVED,exact_station_name_and_coordinate_match,MANUAL_GOVERNMENT_OBSERVATION,0.9,False
4489,5,reservoir_level,250.515127,m,2026-06-20T02:30:00+00:00,2026-08-27T15:58:23.912131+00:00,42,OBSERVED,exact_station_name_and_coordinate_match,MANUAL_GOVERNMENT_OBSERVATION,0.9,False
4490,5,reservoir_storage,1181.964,mcm,2026-06-20T02:30:00+00:00,2026-08-27T15:58:23.912131+00:00,42,OBSERVED,exact_station_name_and_coordinate_match,MANUAL_GOVERNMENT_OBSERVATION,0.9,False
4491,5,reservoir_level,250.484636,m,2026-06-21T02:30:00+00:00,2026-08-27T15:58:23.912131+00:00,42,OBSERVED,exact_station_name_and_coordinate_match,MANUAL_GOVERNMENT_OBSERVATION,0.9,False
4492,5,reservoir_storage,1180.1608,mcm,2026-06-21T02:30:00+00:00,2026-08-27T15:58:23.912131+00:00,42,OBSERVED,exact_station_name_and_coordinate_match,MANUAL_GOVERNMENT_OBSERVATION,0.9,False
4493,5,reservoir_level,250.484636,m,2026-06-22T02:30:00+00:00,2026-08-27T15:58:23.912131+00:00,42,OBSERVED,exact_station_name_and_coordinate_match,MANUAL_GOVERNMENT_OBSERVATION,0.9,False
4494,5,reservoir_storage,1180.1608,mcm,2026-06-22T02:30:00+00:00,2026-08-27T15:58:23.912131+00:00,42,OBSERVED,exact_station_name_and_coordinate_match,MANUAL_GOVERNMENT_OBSERVATION,0.9,False
4495,5,reservoir_level,250.515127,m,2026-06-23T02:30:00+00:00,2026-08-27T15:58:23.912131+00:00,42,OBSERVED,exact_station_name_and_coordinate_match,MANUAL_GOVERNMENT_OBSERVATION,0.9,False
4496,5,reservoir_storage,1183.7672,mcm,2026-06-23T02:30:00+00:00,2026-08-27T15:58:23.912131+00:00,42,OBSERVED,exact_station_name_and_coordinate_match,MANUAL_GOVERNMENT_OBSERVATION,0.9,False
4497,5,reservoir_level,250.5456,m,2026-06-24T02:30:00+00:00,2026-08-27T15:58:23.912131+00:00,42,OBSERVED,exact_station_name_and_coordinate_match,MANUAL_GOVERNMENT_OBSERVATION,0.9,False
4498,5,reservoir_storage,1185.576,mcm,2026-06-24T02:30:00+00:00,2026-08-27T15:58:23.912131+00:00,42,OBSERVED,exact_station_name_and_coordinate_match,MANUAL_GOVERNMENT_OBSERVATION,0.9,False
4499,5,reservoir_level,250.5456,m,2026-06-25T02:30:00+00:00,2026-08-27T15:58:23.912131+00:00,42,OBSERVED,exact_station_name_and_coordinate_match,MANUAL_GOVERNMENT_OBSERVATION,0.9,False
4500,5,reservoir_storage,1185.576,mcm,2026-06-25T02:30:00+00:00,2026-08-27T15:58:23.912131+00:00,42,OBSERVED,exact_station_name_and_coordinate_match,MANUAL_GOVERNMENT_OBSERVATION,0.9,False
4501,5,reservoir_level,250.5456,m,2026-06-26T02:30:00+00:00,2026-08-27T15:58:23.912131+00:00,42,OBSERVED,exact_station_name_and_coordinate_match,MANUAL_GOVERNMENT_OBSERVATION,0.9,False
4502,5,reservoir_storage,1185.576,mcm,2026-06-26T02:30:00+00:00,2026-08-27T15:58:23.912131+00:00,42,OBSERVED,exact_station_name_and_coordinate_match,MANUAL_GOVERNMENT_OBSERVATION,0.9,False
4503,5,reservoir_level,250.515127,m,2026-06-27T02:30:00+00:00,2026-08-27T15:58:23.912131+00:00,42,OBSERVED,exact_station_name_and_coordinate_match,MANUAL_GOVERNMENT_OBSERVATION,0.9,False
4504,5,reservoir_storage,1183.7672,mcm,2026-06-27T02:30:00+00:00,2026-08-27T15:58:23.912131+00:00,42,OBSERVED,exact_station_name_and_coordinate_match,MANUAL_GOVERNMENT_OBSERVATION,0.9,False
4505,5,reservoir_level,250.515127,m,2026-06-28T02:30:00+00:00,2026-08-27T15:58:23.912131+00:00,42,OBSERVED,exact_station_name_and_coordinate_match,MANUAL_GOVERNMENT_OBSERVATION,0.9,False
4506,5,reservoir_storage,1181.964,mcm,2026-06-28T02:30:00+00:00,2026-08-27T15:58:23.912131+00:00,42,OBSERVED,exact_station_name_and_coordinate_match,MANUAL_GOVERNMENT_OBSERVATION,0.9,False
4507,5,reservoir_level,250.484636,m,2026-06-29T02:30:00+00:00,2026-08-27T15:58:23.912131+00:00,42,OBSERVED,exact_station_name_and_coordinate_match,MANUAL_GOVERNMENT_OBSERVATION,0.9,False
4508,5,reservoir_storage,1180.1608,mcm,2026-06-29T02:30:00+00:00,2026-08-27T15:58:23.912131+00:00,42,OBSERVED,exact_station_name_and_coordinate_match,MANUAL_GOVERNMENT_OBSERVATION,0.9,False
4509,5,reservoir_level,250.484636,m,2026-06-30T02:30:00+00:00,2026-08-27T15:58:23.912131+00:00,42,OBSERVED,exact_station_name_and_coordinate_match,MANUAL_GOVERNMENT_OBSERVATION,0.9,False
4510,5,reservoir_storage,1180.1608,mcm,2026-06-30T02:30:00+00:00,2026-08-27T15:58:23.912131+00:00,42,OBSERVED,exact_station_name_and_coordinate_match,MANUAL_GOVERNMENT_OBSERVATION,0.9,False
4511,5,reservoir_level,250.484636,m,2026-07-01T02:30:00+00:00,2026-08-27T15:58:23.912131+00:00,42,OBSERVED,exact_station_name_and_coordinate_match,MANUAL_GOVERNMENT_OBSERVATION,0.9,False
4512,5,reservoir_storage,1180.1608,mcm,2026-07-01T02:30:00+00:00,2026-08-27T15:58:23.912131+00:00,42,OBSERVED,exact_station_name_and_coordinate_match,MANUAL_GOVERNMENT_OBSERVATION,0.9,False
4513,5,reservoir_level,250.484636,m,2026-07-02T02:30:00+00:00,2026-08-27T15:58:23.912131+00:00,42,OBSERVED,exact_station_name_and_coordinate_match,MANUAL_GOVERNMENT_OBSERVATION,0.9,False
4514,5,reservoir_storage,1180.1608,mcm,2026-07-02T02:30:00+00:00,2026-08-27T15:58:23.912131+00:00,42,OBSERVED,exact_station_name_and_coordinate_match,MANUAL_GOVERNMENT_OBSERVATION,0.9,False
4515,5,reservoir_level,250.484636,m,2026-07-03T02:30:00+00:00,2026-08-27T15:58:23.912131+00:00,42,OBSERVED,exact_station_name_and_coordinate_match,MANUAL_GOVERNMENT_OBSERVATION,0.9,False
4516,5,reservoir_storage,1180.1608,mcm,2026-07-03T02:30:00+00:00,2026-08-27T15:58:23.912131+00:00,42,OBSERVED,exact_station_name_and_coordinate_match,MANUAL_GOVERNMENT_OBSERVATION,0.9,False
4517,5,reservoir_level,250.515127,m,2026-07-04T02:30:00+00:00,2026-08-27T15:58:23.912131+00:00,42,OBSERVED,exact_station_name_and_coordinate_match,MANUAL_GOVERNMENT_OBSERVATION,0.9,False
4518,5,reservoir_storage,1181.964,mcm,2026-07-04T02:30:00+00:00,2026-08-27T15:58:23.912131+00:00,42,OBSERVED,exact_station_name_and_coordinate_match,MANUAL_GOVERNMENT_OBSERVATION,0.9,False
4519,5,reservoir_level,250.515127,m,2026-07-05T02:30:00+00:00,2026-08-27T15:58:23.912131+00:00,42,OBSERVED,exact_station_name_and_coordinate_match,MANUAL_GOVERNMENT_OBSERVATION,0.9,False
4520,5,reservoir_storage,1181.964,mcm,2026-07-05T02:30:00+00:00,2026-08-27T15:58:23.912131+00:00,42,OBSERVED,exact_station_name_and_coordinate_match,MANUAL_GOVERNMENT_OBSERVATION,0.9,False
4521,5,reservoir_level,250.515127,m,2026-07-06T02:30:00+00:00,2026-08-27T15:58:23.912131+00:00,42,OBSERVED,exact_station_name_and_coordinate_match,MANUAL_GOVERNMENT_OBSERVATION,0.9,False
4522,5,reservoir_storage,1181.964,mcm,2026-07-06T02:30:00+00:00,2026-08-27T15:58:23.912131+00:00,42,OBSERVED,exact_station_name_and_coordinate_match,MANUAL_GOVERNMENT_OBSERVATION,0.9,False
4523,5,reservoir_level,250.515127,m,2026-07-07T02:30:00+00:00,2026-08-27T15:58:23.912131+00:00,42,OBSERVED,exact_station_name_and_coordinate_match,MANUAL_GOVERNMENT_OBSERVATION,0.9,False
4524,5,reservoir_storage,1181.964,mcm,2026-07-07T02:30:00+00:00,2026-08-27T15:58:23.912131+00:00,42,OBSERVED,exact_station_name_and_coordinate_match,MANUAL_GOVERNMENT_OBSERVATION,0.9,False
4525,5,reservoir_level,250.454164,m,2026-07-08T02:30:00+00:00,2026-08-27T15:58:23.912131+00:00,42,OBSERVED,exact_station_name_and_coordinate_match,MANUAL_GOVERNMENT_OBSERVATION,0.9,False
4526,5,reservoir_storage,1178.3576,mcm,2026-07-08T02:30:00+00:00,2026-08-27T15:58:23.912131+00:00,42,OBSERVED,exact_station_name_and_coordinate_match,MANUAL_GOVERNMENT_OBSERVATION,0.9,False
4527,5,reservoir_level,250.423673,m,2026-07-09T02:30:00+00:00,2026-08-27T15:58:23.912131+00:00,42,OBSERVED,exact_station_name_and_coordinate_match,MANUAL_GOVERNMENT_OBSERVATION,0.9,False
4528,5,reservoir_storage,1176.5544,mcm,2026-07-09T02:30:00+00:00,2026-08-27T15:58:23.912131+00:00,42,OBSERVED,exact_station_name_and_coordinate_match,MANUAL_GOVERNMENT_OBSERVATION,0.9,False
4529,5,reservoir_level,250.423673,m,2026-07-10T02:30:00+00:00,2026-08-27T15:58:23.912131+00:00,42,OBSERVED,exact_station_name_and_coordinate_match,MANUAL_GOVERNMENT_OBSERVATION,0.9,False
4530,5,reservoir_storage,1176.5544,mcm,2026-07-10T02:30:00+00:00,2026-08-27T15:58:23.912131+00:00,42,OBSERVED,exact_station_name_and_coordinate_match,MANUAL_GOVERNMENT_OBSERVATION,0.9,False
4531,5,reservoir_level,250.423673,m,2026-07-11T02:30:00+00:00,2026-08-27T15:58:23.912131+00:00,42,OBSERVED,exact_station_name_and_coordinate_match,MANUAL_GOVERNMENT_OBSERVATION,0.9,False
4532,5,reservoir_storage,1176.5544,mcm,2026-07-11T02:30:00+00:00,2026-08-27T15:58:23.912131+00:00,42,OBSERVED,exact_station_name_and_coordinate_match,MANUAL_GOVERNMENT_OBSERVATION,0.9,False
4533,5,reservoir_level,250.3932,m,2026-07-12T02:30:00+00:00,2026-08-27T15:58:23.912131+00:00,42,OBSERVED,exact_station_name_and_coordinate_match,MANUAL_GOVERNMENT_OBSERVATION,0.9,False
4534,5,reservoir_storage,1174.7512,mcm,2026-07-12T02:30:00+00:00,2026-08-27T15:58:23.912131+00:00,42,OBSERVED,exact_station_name_and_coordinate_match,MANUAL_GOVERNMENT_OBSERVATION,0.9,False
4535,5,reservoir_level,250.362727,m,2026-07-13T02:30:00+00:00,2026-08-27T15:58:23.912131+00:00,42,OBSERVED,exact_station_name_and_coordinate_match,MANUAL_GOVERNMENT_OBSERVATION,0.9,False
4536,5,reservoir_storage,1172.948,mcm,2026-07-13T02:30:00+00:00,2026-08-27T15:58:23.912131+00:00,42,OBSERVED,exact_station_name_and_coordinate_match,MANUAL_GOVERNMENT_OBSERVATION,0.9,False
4537,5,reservoir_level,250.362727,m,2026-07-14T02:30:00+00:00,2026-08-27T15:58:23.912131+00:00,42,OBSERVED,exact_station_name_and_coordinate_match,MANUAL_GOVERNMENT_OBSERVATION,0.9,False
4538,5,reservoir_storage,1172.948,mcm,2026-07-14T02:30:00+00:00,2026-08-27T15:58:23.912131+00:00,42,OBSERVED,exact_station_name_and_coordinate_match,MANUAL_GOVERNMENT_OBSERVATION,0.9,False
4539,5,reservoir_level,250.362727,m,2026-07-15T02:30:00+00:00,2026-08-27T15:58:23.912131+00:00,42,OBSERVED,exact_station_name_and_coordinate_match,MANUAL_GOVERNMENT_OBSERVATION,0.9,False
4540,5,reservoir_storage,1172.948,mcm,2026-07-15T02:30:00+00:00,2026-08-27T15:58:23.912131+00:00,42,OBSERVED,exact_station_name_and_coordinate_match,MANUAL_GOVERNMENT_OBSERVATION,0.9,False
4541,5,reservoir_level,250.301764,m,2026-07-16T02:30:00+00:00,2026-08-27T15:58:23.912131+00:00,42,OBSERVED,exact_station_name_and_coordinate_match,MANUAL_GOVERNMENT_OBSERVATION,0.9,False
4542,5,reservoir_storage,1167.5384,mcm,2026-07-16T02:30:00+00:00,2026-08-27T15:58:23.912131+00:00,42,OBSERVED,exact_station_name_and_coordinate_match,MANUAL_GOVERNMENT_OBSERVATION,0.9,False
4543,5,reservoir_level,250.2408,m,2026-07-17T02:30:00+00:00,2026-08-27T15:58:23.912131+00:00,42,OBSERVED,exact_station_name_and_coordinate_match,MANUAL_GOVERNMENT_OBSERVATION,0.9,False
4544,5,reservoir_storage,1163.932,mcm,2026-07-17T02:30:00+00:00,2026-08-27T15:58:23.912131+00:00,42,OBSERVED,exact_station_name_and_coordinate_match,MANUAL_GOVERNMENT_OBSERVATION,0.9,False
4545,5,reservoir_level,250.210327,m,2026-07-18T02:30:00+00:00,2026-08-27T15:58:23.912131+00:00,42,OBSERVED,exact_station_name_and_coordinate_match,MANUAL_GOVERNMENT_OBSERVATION,0.9,False
4546,5,reservoir_storage,1160.6784,mcm,2026-07-18T02:30:00+00:00,2026-08-27T15:58:23.912131+00:00,42,OBSERVED,exact_station_name_and_coordinate_match,MANUAL_GOVERNMENT_OBSERVATION,0.9,False
4547,5,reservoir_level,250.210327,m,2026-07-19T02:30:00+00:00,2026-08-27T15:58:23.912131+00:00,42,OBSERVED,exact_station_name_and_coordinate_match,MANUAL_GOVERNMENT_OBSERVATION,0.9,False
4548,5,reservoir_storage,1160.6784,mcm,2026-07-19T02:30:00+00:00,2026-08-27T15:58:23.912131+00:00,42,OBSERVED,exact_station_name_and_coordinate_match,MANUAL_GOVERNMENT_OBSERVATION,0.9,False
4549,5,reservoir_level,250.210327,m,2026-07-20T02:30:00+00:00,2026-08-27T15:58:23.912131+00:00,42,OBSERVED,exact_station_name_and_coordinate_match,MANUAL_GOVERNMENT_OBSERVATION,0.9,False
4550,5,reservoir_storage,1160.6784,mcm,2026-07-20T02:30:00+00:00,2026-08-27T15:58:23.912131+00:00,42,OBSERVED,exact_station_name_and_coordinate_match,MANUAL_GOVERNMENT_OBSERVATION,0.9,False
4551,5,reservoir_level,250.210327,m,2026-07-21T02:30:00+00:00,2026-08-27T15:58:23.912131+00:00,42,OBSERVED,exact_station_name_and_coordinate_match,MANUAL_GOVERNMENT_OBSERVATION,0.9,False
4552,5,reservoir_storage,1160.6784,mcm,2026-07-21T02:30:00+00:00,2026-08-27T15:58:23.912131+00:00,42,OBSERVED,exact_station_name_and_coordinate_match,MANUAL_GOVERNMENT_OBSERVATION,0.9,False
4553,5,reservoir_level,250.210327,m,2026-07-22T02:30:00+00:00,2026-08-27T15:58:23.912131+00:00,42,OBSERVED,exact_station_name_and_coordinate_match,MANUAL_GOVERNMENT_OBSERVATION,0.9,False
4554,5,reservoir_storage,1162.2968,mcm,2026-07-22T02:30:00+00:00,2026-08-27T15:58:23.912131+00:00,42,OBSERVED,exact_station_name_and_coordinate_match,MANUAL_GOVERNMENT_OBSERVATION,0.9,False
4555,5,reservoir_level,250.210327,m,2026-07-23T02:30:00+00:00,2026-08-27T15:58:23.912131+00:00,42,OBSERVED,exact_station_name_and_coordinate_match,MANUAL_GOVERNMENT_OBSERVATION,0.9,False
4556,5,reservoir_storage,1162.2968,mcm,2026-07-23T02:30:00+00:00,2026-08-27T15:58:23.912131+00:00,42,OBSERVED,exact_station_name_and_coordinate_match,MANUAL_GOVERNMENT_OBSERVATION,0.9,False
4557,5,reservoir_level,250.2408,m,2026-07-24T02:30:00+00:00,2026-08-27T15:58:23.912131+00:00,42,OBSERVED,exact_station_name_and_coordinate_match,MANUAL_GOVERNMENT_OBSERVATION,0.9,False
4558,5,reservoir_storage,1163.932,mcm,2026-07-24T02:30:00+00:00,2026-08-27T15:58:23.912131+00:00,42,OBSERVED,exact_station_name_and_coordinate_match,MANUAL_GOVERNMENT_OBSERVATION,0.9,False
4559,5,reservoir_level,250.2408,m,2026-07-25T02:30:00+00:00,2026-08-27T15:58:23.912131+00:00,42,OBSERVED,exact_station_name_and_coordinate_match,MANUAL_GOVERNMENT_OBSERVATION,0.9,False
4560,5,reservoir_storage,1163.932,mcm,2026-07-25T02:30:00+00:00,2026-08-27T15:58:23.912131+00:00,42,OBSERVED,exact_station_name_and_coordinate_match,MANUAL_GOVERNMENT_OBSERVATION,0.9,False
4561,5,reservoir_level,250.210327,m,2026-07-26T02:30:00+00:00,2026-08-27T15:58:23.912131+00:00,42,OBSERVED,exact_station_name_and_coordinate_match,MANUAL_GOVERNMENT_OBSERVATION,0.9,False
4562,5,reservoir_storage,1162.2968,mcm,2026-07-26T02:30:00+00:00,2026-08-27T15:58:23.912131+00:00,42,OBSERVED,exact_station_name_and_coordinate_match,MANUAL_GOVERNMENT_OBSERVATION,0.9,False
4563,5,reservoir_level,250.179836,m,2026-07-27T02:30:00+00:00,2026-08-27T15:58:23.912131+00:00,42,OBSERVED,exact_station_name_and_coordinate_match,MANUAL_GOVERNMENT_OBSERVATION,0.9,False
4564,5,reservoir_storage,1159.06,mcm,2026-07-27T02:30:00+00:00,2026-08-27T15:58:23.912131+00:00,42,OBSERVED,exact_station_name_and_coordinate_match,MANUAL_GOVERNMENT_OBSERVATION,0.9,False
4565,5,reservoir_level,250.118873,m,2026-07-28T02:30:00+00:00,2026-08-27T15:58:23.912131+00:00,42,OBSERVED,exact_station_name_and_coordinate_match,MANUAL_GOVERNMENT_OBSERVATION,0.9,False
4566,5,reservoir_storage,1155.8232,mcm,2026-07-28T02:30:00+00:00,2026-08-27T15:58:23.912131+00:00,42,OBSERVED,exact_station_name_and_coordinate_match,MANUAL_GOVERNMENT_OBSERVATION,0.9,False
4567,5,reservoir_level,250.484636,m,2026-07-29T02:30:00+00:00,2026-08-27T15:58:23.912131+00:00,42,OBSERVED,exact_station_name_and_coordinate_match,MANUAL_GOVERNMENT_OBSERVATION,0.9,False
4568,5,reservoir_storage,1180.1608,mcm,2026-07-29T02:30:00+00:00,2026-08-27T15:58:23.912131+00:00,42,OBSERVED,exact_station_name_and_coordinate_match,MANUAL_GOVERNMENT_OBSERVATION,0.9,False
4569,5,reservoir_level,251.399036,m,2026-07-30T02:30:00+00:00,2026-08-27T15:58:23.912131+00:00,42,OBSERVED,exact_station_name_and_coordinate_match,MANUAL_GOVERNMENT_OBSERVATION,0.9,False
4570,5,reservoir_storage,1249.052,mcm,2026-07-30T02:30:00+00:00,2026-08-27T15:58:23.912131+00:00,42,OBSERVED,exact_station_name_and_coordinate_match,MANUAL_GOVERNMENT_OBSERVATION,0.9,False
4571,5,reservoir_level,253.197364,m,2026-07-31T02:30:00+00:00,2026-08-27T15:58:23.912131+00:00,42,OBSERVED,exact_station_name_and_coordinate_match,MANUAL_GOVERNMENT_OBSERVATION,0.9,False
4572,5,reservoir_storage,1407.4424,mcm,2026-07-31T02:30:00+00:00,2026-08-27T15:58:23.912131+00:00,42,OBSERVED,exact_station_name_and_coordinate_match,MANUAL_GOVERNMENT_OBSERVATION,0.9,False
