SlNo,Station,Agency,State LGD Code,State,District LGD Code,District,Tehsil,Block,Village,River,Basin,Tributary,Subtributary,SubSubtributary,Local River,Latitude,Longitude,Data Acquisition Time,Manual Daily River Water Discharge (m3/sec)
1,NARASINGARAYANIPETA,Andhra Pradesh SW,28,Andhra Pradesh,503,CHITTOOR,CHITTOOR,-,-,Savitri,West flowing rivers from Tapi to Tadri,-,-,-,Savitri,13.18000000,79.21111111,01-01-2026 08:00,0.98
2,NARASINGARAYANIPETA,Andhra Pradesh SW,28,Andhra Pradesh,503,CHITTOOR,CHITTOOR,-,-,Savitri,West flowing rivers from Tapi to Tadri,-,-,-,Savitri,13.18000000,79.21111111,02-01-2026 08:00,1.058
3,NARASINGARAYANIPETA,Andhra Pradesh SW,28,Andhra Pradesh,503,CHITTOOR,CHITTOOR,-,-,Savitri,West flowing rivers from Tapi to Tadri,-,-,-,Savitri,13.18000000,79.21111111,03-01-2026 08:00,6.39
4,NARASINGARAYANIPETA,Andhra Pradesh SW,28,Andhra Pradesh,503,CHITTOOR,CHITTOOR,-,-,Savitri,West flowing rivers from Tapi to Tadri,-,-,-,Savitri,13.18000000,79.21111111,04-01-2026 08:00,1.058
5,NARASINGARAYANIPETA,Andhra Pradesh SW,28,Andhra Pradesh,503,CHITTOOR,CHITTOOR,-,-,Savitri,West flowing rivers from Tapi to Tadri,-,-,-,Savitri,13.18000000,79.21111111,05-01-2026 08:00,1.058
6,NARASINGARAYANIPETA,Andhra Pradesh SW,28,Andhra Pradesh,503,CHITTOOR,CHITTOOR,-,-,Savitri,West flowing rivers from Tapi to Tadri,-,-,-,Savitri,13.18000000,79.21111111,06-01-2026 08:00,0.98
7,NARASINGARAYANIPETA,Andhra Pradesh SW,28,Andhra Pradesh,503,CHITTOOR,CHITTOOR,-,-,Savitri,West flowing rivers from Tapi to Tadri,-,-,-,Savitri,13.18000000,79.21111111,07-01-2026 08:00,10.202
8,NARASINGARAYANIPETA,Andhra Pradesh SW,28,Andhra Pradesh,503,CHITTOOR,CHITTOOR,-,-,Savitri,West flowing rivers from Tapi to Tadri,-,-,-,Savitri,13.18000000,79.21111111,08-01-2026 08:00,1.569
9,NARASINGARAYANIPETA,Andhra Pradesh SW,28,Andhra Pradesh,503,CHITTOOR,CHITTOOR,-,-,Savitri,West flowing rivers from Tapi to Tadri,-,-,-,Savitri,13.18000000,79.21111111,09-01-2026 08:00,10.202
10,NARASINGARAYANIPETA,Andhra Pradesh SW,28,Andhra Pradesh,503,CHITTOOR,CHITTOOR,-,-,Savitri,West flowing rivers from Tapi to Tadri,-,-,-,Savitri,13.18000000,79.21111111,10-01-2026 08:00,2.156
11,NARASINGARAYANIPETA,Andhra Pradesh SW,28,Andhra Pradesh,503,CHITTOOR,CHITTOOR,-,-,Savitri,West flowing rivers from Tapi to Tadri,-,-,-,Savitri,13.18000000,79.21111111,11-01-2026 08:00,0.836
12,NARASINGARAYANIPETA,Andhra Pradesh SW,28,Andhra Pradesh,503,CHITTOOR,CHITTOOR,-,-,Savitri,West flowing rivers from Tapi to Tadri,-,-,-,Savitri,13.18000000,79.21111111,12-01-2026 08:00,0.526
13,NARASINGARAYANIPETA,Andhra Pradesh SW,28,Andhra Pradesh,503,CHITTOOR,CHITTOOR,-,-,Savitri,West flowing rivers from Tapi to Tadri,-,-,-,Savitri,13.18000000,79.21111111,13-01-2026 08:00,0.526
14,NARASINGARAYANIPETA,Andhra Pradesh SW,28,Andhra Pradesh,503,CHITTOOR,CHITTOOR,-,-,Savitri,West flowing rivers from Tapi to Tadri,-,-,-,Savitri,13.18000000,79.21111111,14-01-2026 08:00,1.391
15,NARASINGARAYANIPETA,Andhra Pradesh SW,28,Andhra Pradesh,503,CHITTOOR,CHITTOOR,-,-,Savitri,West flowing rivers from Tapi to Tadri,-,-,-,Savitri,13.18000000,79.21111111,15-01-2026 08:00,2.518
16,NARASINGARAYANIPETA,Andhra Pradesh SW,28,Andhra Pradesh,503,CHITTOOR,CHITTOOR,-,-,Savitri,West flowing rivers from Tapi to Tadri,-,-,-,Savitri,13.18000000,79.21111111,16-01-2026 08:00,2.518
17,NARASINGARAYANIPETA,Andhra Pradesh SW,28,Andhra Pradesh,503,CHITTOOR,CHITTOOR,-,-,Savitri,West flowing rivers from Tapi to Tadri,-,-,-,Savitri,13.18000000,79.21111111,17-01-2026 08:00,1.97
18,NARASINGARAYANIPETA,Andhra Pradesh SW,28,Andhra Pradesh,503,CHITTOOR,CHITTOOR,-,-,Savitri,West flowing rivers from Tapi to Tadri,-,-,-,Savitri,13.18000000,79.21111111,18-01-2026 08:00,1.3
19,NARASINGARAYANIPETA,Andhra Pradesh SW,28,Andhra Pradesh,503,CHITTOOR,CHITTOOR,-,-,Savitri,West flowing rivers from Tapi to Tadri,-,-,-,Savitri,13.18000000,79.21111111,19-01-2026 08:00,0.836
20,NARASINGARAYANIPETA,Andhra Pradesh SW,28,Andhra Pradesh,503,CHITTOOR,CHITTOOR,-,-,Savitri,West flowing rivers from Tapi to Tadri,-,-,-,Savitri,13.18000000,79.21111111,20-01-2026 08:00,1.058
21,NARASINGARAYANIPETA,Andhra Pradesh SW,28,Andhra Pradesh,503,CHITTOOR,CHITTOOR,-,-,Savitri,West flowing rivers from Tapi to Tadri,-,-,-,Savitri,13.18000000,79.21111111,21-01-2026 08:00,3.702
22,NARASINGARAYANIPETA,Andhra Pradesh SW,28,Andhra Pradesh,503,CHITTOOR,CHITTOOR,-,-,Savitri,West flowing rivers from Tapi to Tadri,-,-,-,Savitri,13.18000000,79.21111111,22-01-2026 08:00,3.537
23,NARASINGARAYANIPETA,Andhra Pradesh SW,28,Andhra Pradesh,503,CHITTOOR,CHITTOOR,-,-,Savitri,West flowing rivers from Tapi to Tadri,-,-,-,Savitri,13.18000000,79.21111111,23-01-2026 08:00,3.073
24,NARASINGARAYANIPETA,Andhra Pradesh SW,28,Andhra Pradesh,503,CHITTOOR,CHITTOOR,-,-,Savitri,West flowing rivers from Tapi to Tadri,-,-,-,Savitri,13.18000000,79.21111111,24-01-2026 08:00,2.518
25,NARASINGARAYANIPETA,Andhra Pradesh SW,28,Andhra Pradesh,503,CHITTOOR,CHITTOOR,-,-,Savitri,West flowing rivers from Tapi to Tadri,-,-,-,Savitri,13.18000000,79.21111111,25-01-2026 08:00,0.836
26,NARASINGARAYANIPETA,Andhra Pradesh SW,28,Andhra Pradesh,503,CHITTOOR,CHITTOOR,-,-,Savitri,West flowing rivers from Tapi to Tadri,-,-,-,Savitri,13.18000000,79.21111111,26-01-2026 08:00,0.836
27,NARASINGARAYANIPETA,Andhra Pradesh SW,28,Andhra Pradesh,503,CHITTOOR,CHITTOOR,-,-,Savitri,West flowing rivers from Tapi to Tadri,-,-,-,Savitri,13.18000000,79.21111111,27-01-2026 08:00,1.3
28,NARASINGARAYANIPETA,Andhra Pradesh SW,28,Andhra Pradesh,503,CHITTOOR,CHITTOOR,-,-,Savitri,West flowing rivers from Tapi to Tadri,-,-,-,Savitri,13.18000000,79.21111111,28-01-2026 08:00,2.156
29,NARASINGARAYANIPETA,Andhra Pradesh SW,28,Andhra Pradesh,503,CHITTOOR,CHITTOOR,-,-,Savitri,West flowing rivers from Tapi to Tadri,-,-,-,Savitri,13.18000000,79.21111111,29-01-2026 08:00,2.518
30,NARASINGARAYANIPETA,Andhra Pradesh SW,28,Andhra Pradesh,503,CHITTOOR,CHITTOOR,-,-,Savitri,West flowing rivers from Tapi to Tadri,-,-,-,Savitri,13.18000000,79.21111111,30-01-2026 08:00,1.058
31,NARASINGARAYANIPETA,Andhra Pradesh SW,28,Andhra Pradesh,503,CHITTOOR,CHITTOOR,-,-,Savitri,West flowing rivers from Tapi to Tadri,-,-,-,Savitri,13.18000000,79.21111111,01-02-2026 08:00,0.836
32,NARASINGARAYANIPETA,Andhra Pradesh SW,28,Andhra Pradesh,503,CHITTOOR,CHITTOOR,-,-,Savitri,West flowing rivers from Tapi to Tadri,-,-,-,Savitri,13.18000000,79.21111111,02-02-2026 08:00,1.058
33,NARASINGARAYANIPETA,Andhra Pradesh SW,28,Andhra Pradesh,503,CHITTOOR,CHITTOOR,-,-,Savitri,West flowing rivers from Tapi to Tadri,-,-,-,Savitri,13.18000000,79.21111111,03-02-2026 08:00,4.375
34,NARASINGARAYANIPETA,Andhra Pradesh SW,28,Andhra Pradesh,503,CHITTOOR,CHITTOOR,-,-,Savitri,West flowing rivers from Tapi to Tadri,-,-,-,Savitri,13.18000000,79.21111111,04-02-2026 08:00,1.391
35,NARASINGARAYANIPETA,Andhra Pradesh SW,28,Andhra Pradesh,503,CHITTOOR,CHITTOOR,-,-,Savitri,West flowing rivers from Tapi to Tadri,-,-,-,Savitri,13.18000000,79.21111111,05-02-2026 08:00,1.058
36,NARASINGARAYANIPETA,Andhra Pradesh SW,28,Andhra Pradesh,503,CHITTOOR,CHITTOOR,-,-,Savitri,West flowing rivers from Tapi to Tadri,-,-,-,Savitri,13.18000000,79.21111111,06-02-2026 08:00,0.383
37,NARASINGARAYANIPETA,Andhra Pradesh SW,28,Andhra Pradesh,503,CHITTOOR,CHITTOOR,-,-,Savitri,West flowing rivers from Tapi to Tadri,-,-,-,Savitri,13.18000000,79.21111111,07-02-2026 08:00,0.526
38,NARASINGARAYANIPETA,Andhra Pradesh SW,28,Andhra Pradesh,503,CHITTOOR,CHITTOOR,-,-,Savitri,West flowing rivers from Tapi to Tadri,-,-,-,Savitri,13.18000000,79.21111111,08-02-2026 08:00,0.526
39,NARASINGARAYANIPETA,Andhra Pradesh SW,28,Andhra Pradesh,503,CHITTOOR,CHITTOOR,-,-,Savitri,West flowing rivers from Tapi to Tadri,-,-,-,Savitri,13.18000000,79.21111111,09-02-2026 08:00,0.526
40,NARASINGARAYANIPETA,Andhra Pradesh SW,28,Andhra Pradesh,503,CHITTOOR,CHITTOOR,-,-,Savitri,West flowing rivers from Tapi to Tadri,-,-,-,Savitri,13.18000000,79.21111111,10-02-2026 08:00,0.526
41,NARASINGARAYANIPETA,Andhra Pradesh SW,28,Andhra Pradesh,503,CHITTOOR,CHITTOOR,-,-,Savitri,West flowing rivers from Tapi to Tadri,-,-,-,Savitri,13.18000000,79.21111111,11-02-2026 08:00,0.836
42,NARASINGARAYANIPETA,Andhra Pradesh SW,28,Andhra Pradesh,503,CHITTOOR,CHITTOOR,-,-,Savitri,West flowing rivers from Tapi to Tadri,-,-,-,Savitri,13.18000000,79.21111111,12-02-2026 08:00,3.073
43,NARASINGARAYANIPETA,Andhra Pradesh SW,28,Andhra Pradesh,503,CHITTOOR,CHITTOOR,-,-,Savitri,West flowing rivers from Tapi to Tadri,-,-,-,Savitri,13.18000000,79.21111111,13-02-2026 08:00,2.338
44,NARASINGARAYANIPETA,Andhra Pradesh SW,28,Andhra Pradesh,503,CHITTOOR,CHITTOOR,-,-,Savitri,West flowing rivers from Tapi to Tadri,-,-,-,Savitri,13.18000000,79.21111111,14-02-2026 08:00,2.156
45,NARASINGARAYANIPETA,Andhra Pradesh SW,28,Andhra Pradesh,503,CHITTOOR,CHITTOOR,-,-,Savitri,West flowing rivers from Tapi to Tadri,-,-,-,Savitri,13.18000000,79.21111111,15-02-2026 08:00,0.836
46,NARASINGARAYANIPETA,Andhra Pradesh SW,28,Andhra Pradesh,503,CHITTOOR,CHITTOOR,-,-,Savitri,West flowing rivers from Tapi to Tadri,-,-,-,Savitri,13.18000000,79.21111111,16-02-2026 08:00,0.526
47,NARASINGARAYANIPETA,Andhra Pradesh SW,28,Andhra Pradesh,503,CHITTOOR,CHITTOOR,-,-,Savitri,West flowing rivers from Tapi to Tadri,-,-,-,Savitri,13.18000000,79.21111111,17-02-2026 08:00,0.526
48,NARASINGARAYANIPETA,Andhra Pradesh SW,28,Andhra Pradesh,503,CHITTOOR,CHITTOOR,-,-,Savitri,West flowing rivers from Tapi to Tadri,-,-,-,Savitri,13.18000000,79.21111111,18-02-2026 08:00,0.526
49,NARASINGARAYANIPETA,Andhra Pradesh SW,28,Andhra Pradesh,503,CHITTOOR,CHITTOOR,-,-,Savitri,West flowing rivers from Tapi to Tadri,-,-,-,Savitri,13.18000000,79.21111111,19-02-2026 08:00,0.526
50,NARASINGARAYANIPETA,Andhra Pradesh SW,28,Andhra Pradesh,503,CHITTOOR,CHITTOOR,-,-,Savitri,West flowing rivers from Tapi to Tadri,-,-,-,Savitri,13.18000000,79.21111111,20-02-2026 08:00,0.526
51,NARASINGARAYANIPETA,Andhra Pradesh SW,28,Andhra Pradesh,503,CHITTOOR,CHITTOOR,-,-,Savitri,West flowing rivers from Tapi to Tadri,-,-,-,Savitri,13.18000000,79.21111111,21-02-2026 08:00,0.836
52,NARASINGARAYANIPETA,Andhra Pradesh SW,28,Andhra Pradesh,503,CHITTOOR,CHITTOOR,-,-,Savitri,West flowing rivers from Tapi to Tadri,-,-,-,Savitri,13.18000000,79.21111111,22-02-2026 08:00,0.836
53,NARASINGARAYANIPETA,Andhra Pradesh SW,28,Andhra Pradesh,503,CHITTOOR,CHITTOOR,-,-,Savitri,West flowing rivers from Tapi to Tadri,-,-,-,Savitri,13.18000000,79.21111111,23-02-2026 08:00,0.526
54,NARASINGARAYANIPETA,Andhra Pradesh SW,28,Andhra Pradesh,503,CHITTOOR,CHITTOOR,-,-,Savitri,West flowing rivers from Tapi to Tadri,-,-,-,Savitri,13.18000000,79.21111111,24-02-2026 08:00,0.526
55,NARASINGARAYANIPETA,Andhra Pradesh SW,28,Andhra Pradesh,503,CHITTOOR,CHITTOOR,-,-,Savitri,West flowing rivers from Tapi to Tadri,-,-,-,Savitri,13.18000000,79.21111111,25-02-2026 08:00,0.526
56,NARASINGARAYANIPETA,Andhra Pradesh SW,28,Andhra Pradesh,503,CHITTOOR,CHITTOOR,-,-,Savitri,West flowing rivers from Tapi to Tadri,-,-,-,Savitri,13.18000000,79.21111111,26-02-2026 08:00,0.526
57,NARASINGARAYANIPETA,Andhra Pradesh SW,28,Andhra Pradesh,503,CHITTOOR,CHITTOOR,-,-,Savitri,West flowing rivers from Tapi to Tadri,-,-,-,Savitri,13.18000000,79.21111111,27-02-2026 08:00,0.526
58,NARASINGARAYANIPETA,Andhra Pradesh SW,28,Andhra Pradesh,503,CHITTOOR,CHITTOOR,-,-,Savitri,West flowing rivers from Tapi to Tadri,-,-,-,Savitri,13.18000000,79.21111111,28-02-2026 08:00,0.526
