"asset_code","name","asset_type","district","latitude","longitude","priority","osm2world_action","output_target"
"AP_DAM_WRIS_D01773","Ahobilam / Penna Ahobilam (Dr. K.S.P.A.B.R.) Dam","dam","Anantapur",,,"3","GENERATE_DETAILED_OSM_CONTEXT_IF_OSM_TAGS_EXIST","/reality-twin/models/AP_DAM_WRIS_D01773.glb"
"AP_DAM_WRIS_AP01MH0168","Akasaganga","dam","Chittoor",,,"3","GENERATE_DETAILED_OSM_CONTEXT_IF_OSM_TAGS_EXIST","/reality-twin/models/AP_DAM_WRIS_AP01MH0168.glb"
"AP_DAM_WRIS_AP01LH0084","Akkapalem Dam","dam","Krishna",,,"3","GENERATE_DETAILED_OSM_CONTEXT_IF_OSM_TAGS_EXIST","/reality-twin/models/AP_DAM_WRIS_AP01LH0084.glb"
"AP_DAM_WRIS_D06052","Alaganoor Dam","dam","Kurnool",,,"3","GENERATE_DETAILED_OSM_CONTEXT_IF_OSM_TAGS_EXIST","/reality-twin/models/AP_DAM_WRIS_D06052.glb"
"AP_DAM_WRIS_AP01LH0085","Ananthasagarm Dam","dam","Sri Potti Sriramulu Nellore",,,"3","GENERATE_DETAILED_OSM_CONTEXT_IF_OSM_TAGS_EXIST","/reality-twin/models/AP_DAM_WRIS_AP01LH0085.glb"
"AP_DAM_WRIS_AP01MH0072","Andhra Dam","dam","Vizianagaram",,,"3","GENERATE_DETAILED_OSM_CONTEXT_IF_OSM_TAGS_EXIST","/reality-twin/models/AP_DAM_WRIS_AP01MH0072.glb"
"AP_DAM_WRIS_AP01MH0021","Arniar Dam","dam","Chittoor",,,"3","GENERATE_DETAILED_OSM_CONTEXT_IF_OSM_TAGS_EXIST","/reality-twin/models/AP_DAM_WRIS_AP01MH0021.glb"
"AP_DAM_WRIS_AP01HH0127","Bahuda Dam","dam","Chittoor",,,"3","GENERATE_DETAILED_OSM_CONTEXT_IF_OSM_TAGS_EXIST","/reality-twin/models/AP_DAM_WRIS_AP01HH0127.glb"
"AP_DAM_WRIS_AP01MH0018","Bhairavanithippa Dam","dam","Anantapur",,,"3","GENERATE_DETAILED_OSM_CONTEXT_IF_OSM_TAGS_EXIST","/reality-twin/models/AP_DAM_WRIS_AP01MH0018.glb"
"AP_DAM_WRIS_D01879","Bhupathipalem Dam","dam","East Godavari",,,"3","GENERATE_DETAILED_OSM_CONTEXT_IF_OSM_TAGS_EXIST","/reality-twin/models/AP_DAM_WRIS_D01879.glb"
"AP_DAM_WRIS_AP01HH0019","Buggavagu Dam","dam","Guntur",,,"3","GENERATE_DETAILED_OSM_CONTEXT_IF_OSM_TAGS_EXIST","/reality-twin/models/AP_DAM_WRIS_AP01HH0019.glb"
"AP_DAM_WRIS_AP01MH0073","Buggavanka Dam","dam","Y.S.R.",,,"3","GENERATE_DETAILED_OSM_CONTEXT_IF_OSM_TAGS_EXIST","/reality-twin/models/AP_DAM_WRIS_AP01MH0073.glb"
"AP_DAM_WRIS_AP01LH0034","Bukkapatnam Dam","dam","Anantapur",,,"3","GENERATE_DETAILED_OSM_CONTEXT_IF_OSM_TAGS_EXIST","/reality-twin/models/AP_DAM_WRIS_AP01LH0034.glb"
"AP_DAM_WRIS_AP01MH0128","Chagallu Barrage Dam","dam","Anantapur",,,"3","GENERATE_DETAILED_OSM_CONTEXT_IF_OSM_TAGS_EXIST","/reality-twin/models/AP_DAM_WRIS_AP01MH0128.glb"
"AP_BAR_WRIS_B01201","Chagallur Barrage","barrage","Anantapur",,,"2","GENERATE_DETAILED_OSM_CONTEXT_IF_OSM_TAGS_EXIST","/reality-twin/models/AP_BAR_WRIS_B01201.glb"
"AP_DAM_WRIS_AP01LH0086","Chennapatnam Cheruvu","dam","Chittoor",,,"3","GENERATE_DETAILED_OSM_CONTEXT_IF_OSM_TAGS_EXIST","/reality-twin/models/AP_DAM_WRIS_AP01LH0086.glb"
"AP_DAM_WRIS_AP01MH0129","Cheyyeru / Annamayya Dam","dam","Y.S.R.",,,"3","GENERATE_DETAILED_OSM_CONTEXT_IF_OSM_TAGS_EXIST","/reality-twin/models/AP_DAM_WRIS_AP01MH0129.glb"
"AP_DAM_WRIS_AP01LH0087","Chikkavadiyar, Anantapur","dam","Anantapur",,,"3","GENERATE_DETAILED_OSM_CONTEXT_IF_OSM_TAGS_EXIST","/reality-twin/models/AP_DAM_WRIS_AP01LH0087.glb"
"AP_DAM_WRIS_AP01MH0089","Chinnagottigallu Tank","dam","Chittoor",,,"3","GENERATE_DETAILED_OSM_CONTEXT_IF_OSM_TAGS_EXIST","/reality-twin/models/AP_DAM_WRIS_AP01MH0089.glb"
"AP_DAM_WRIS_AP01MH0026","Chinnarayaswamy Gudi /Chennaraya Dam","dam","Anantapur",,,"3","GENERATE_DETAILED_OSM_CONTEXT_IF_OSM_TAGS_EXIST","/reality-twin/models/AP_DAM_WRIS_AP01MH0026.glb"
"AP_DAM_WRIS_AP01LH0090","Chinna Tippa Samudram
Tank","dam","Chittoor",,,"3","GENERATE_DETAILED_OSM_CONTEXT_IF_OSM_TAGS_EXIST","/reality-twin/models/AP_DAM_WRIS_AP01LH0090.glb"
"AP_DAM_WRIS_AP01LH0091","Chintakuntavagu Dam","dam","Y.S.R.",,,"3","GENERATE_DETAILED_OSM_CONTEXT_IF_OSM_TAGS_EXIST","/reality-twin/models/AP_DAM_WRIS_AP01LH0091.glb"
"AP_DAM_WRIS_D00569","Chitravathi Dam","dam","Y.S.R.",,,"3","GENERATE_DETAILED_OSM_CONTEXT_IF_OSM_TAGS_EXIST","/reality-twin/models/AP_DAM_WRIS_D00569.glb"
"AP_DAM_WRIS_AP01MH0001","Cumbum Dam","dam","Prakasam",,,"3","GENERATE_DETAILED_OSM_CONTEXT_IF_OSM_TAGS_EXIST","/reality-twin/models/AP_DAM_WRIS_AP01MH0001.glb"
"AP_DAM_WRIS_AP01LH0077","Dharakalava Reservoir","dam","East Godavari",,,"3","GENERATE_DETAILED_OSM_CONTEXT_IF_OSM_TAGS_EXIST","/reality-twin/models/AP_DAM_WRIS_AP01LH0077.glb"
"AP_DAM_WRIS_AP01LH0125","Dharmavaram Dam","dam","Anantapur",,,"3","GENERATE_DETAILED_OSM_CONTEXT_IF_OSM_TAGS_EXIST","/reality-twin/models/AP_DAM_WRIS_AP01LH0125.glb"
"AP_DAM_WRIS_AP01LH0002","Dondapadu Tank","dam","Guntur",,,"3","GENERATE_DETAILED_OSM_CONTEXT_IF_OSM_TAGS_EXIST","/reality-twin/models/AP_DAM_WRIS_AP01LH0002.glb"
"AP_DAM_WRIS_AP01HH0057","Donkarai ( S.H.E.S)","dam","Malkangiri",,,"3","GENERATE_DETAILED_OSM_CONTEXT_IF_OSM_TAGS_EXIST","/reality-twin/models/AP_DAM_WRIS_AP01HH0057.glb"
"AP_DAM_WRIS_AP01MH0080","Earlakatta  Tank","dam","Prakasam",,,"3","GENERATE_DETAILED_OSM_CONTEXT_IF_OSM_TAGS_EXIST","/reality-twin/models/AP_DAM_WRIS_AP01MH0080.glb"
"AP_DAM_WRIS_D06074","Eguva Thamballa Palli - Cheruvu Dam","dam","Y.S.R.",,,"3","GENERATE_DETAILED_OSM_CONTEXT_IF_OSM_TAGS_EXIST","/reality-twin/models/AP_DAM_WRIS_D06074.glb"
"AP_DAM_WRIS_TL47HH0060","Forebay Lower Sileru ( S.H.E.S) Dam","dam","Khammam",,,"3","GENERATE_DETAILED_OSM_CONTEXT_IF_OSM_TAGS_EXIST","/reality-twin/models/AP_DAM_WRIS_TL47HH0060.glb"
"AP_DAM_WRIS_AP01MH0047","Gajuladinne (Sanjeevaiah Sagar) Dam","dam","Kurnool",,,"3","GENERATE_DETAILED_OSM_CONTEXT_IF_OSM_TAGS_EXIST","/reality-twin/models/AP_DAM_WRIS_AP01MH0047.glb"
"AP_DAM_WRIS_AP01MH0092","Gandicheruvu (Dist-Prakasam) Dam","dam","Prakasam",,,"1","GENERATE_DETAILED_OSM_CONTEXT_IF_OSM_TAGS_EXIST","/reality-twin/models/AP_DAM_WRIS_AP01MH0092.glb"
"AP_DAM_WRIS_AP01MH0063","Gandipalem /Pcr Gandipalem Dam","dam","Sri Potti Sriramulu Nellore",,,"3","GENERATE_DETAILED_OSM_CONTEXT_IF_OSM_TAGS_EXIST","/reality-twin/models/AP_DAM_WRIS_AP01MH0063.glb"
"AP_DAM_WRIS_D02672","Ghambiramgedda Dam","dam","Visakhapatnam",,,"3","GENERATE_DETAILED_OSM_CONTEXT_IF_OSM_TAGS_EXIST","/reality-twin/models/AP_DAM_WRIS_D02672.glb"
"AP_BR_00001","Godavari Arch Bridge","bridge","East Godavari",,,"1","GENERATE_DETAILED_OSM_CONTEXT_IF_OSM_TAGS_EXIST","/reality-twin/models/AP_BR_00001.glb"
"AP_DAM_WRIS_AP01MH0167","Gogarbham Dam","dam","Chittoor",,,"3","GENERATE_DETAILED_OSM_CONTEXT_IF_OSM_TAGS_EXIST","/reality-twin/models/AP_DAM_WRIS_AP01MH0167.glb"
"AP_DAM_WRIS_D06350","Gooty Tank","dam","Anantapur",,,"3","GENERATE_DETAILED_OSM_CONTEXT_IF_OSM_TAGS_EXIST","/reality-twin/models/AP_DAM_WRIS_D06350.glb"
"AP_DAM_WRIS_AP01HH0130","Gorakallu Dam","dam","Kurnool",,,"3","GENERATE_DETAILED_OSM_CONTEXT_IF_OSM_TAGS_EXIST","/reality-twin/models/AP_DAM_WRIS_AP01HH0130.glb"
"AP_BAR_WRIS_B00434","Gotta Barrage","barrage","Srikakulam",,,"2","GENERATE_DETAILED_OSM_CONTEXT_IF_OSM_TAGS_EXIST","/reality-twin/models/AP_BAR_WRIS_B00434.glb"
"AP_DAM_WRIS_AP01LH0093","Gowricheru, Mogili","dam","Chittoor",,,"3","GENERATE_DETAILED_OSM_CONTEXT_IF_OSM_TAGS_EXIST","/reality-twin/models/AP_DAM_WRIS_AP01LH0093.glb"
"AP_DAM_WRIS_AP01LH0033","Gujjuvai  Reservoir","dam","Vizianagaram",,,"3","GENERATE_DETAILED_OSM_CONTEXT_IF_OSM_TAGS_EXIST","/reality-twin/models/AP_DAM_WRIS_AP01LH0033.glb"
"AP_DAM_WRIS_AP01MH0094","Gullur Tank","dam","Chittoor",,,"3","GENERATE_DETAILED_OSM_CONTEXT_IF_OSM_TAGS_EXIST","/reality-twin/models/AP_DAM_WRIS_AP01MH0094.glb"
"AP_DAM_WRIS_D00587","Gundlakamma Dam","dam","Prakasam",,,"3","GENERATE_DETAILED_OSM_CONTEXT_IF_OSM_TAGS_EXIST","/reality-twin/models/AP_DAM_WRIS_D00587.glb"
"AP_DAM_WRIS_D03507","Gundlamotu Dam","dam","Prakasam",,,"3","GENERATE_DETAILED_OSM_CONTEXT_IF_OSM_TAGS_EXIST","/reality-twin/models/AP_DAM_WRIS_D03507.glb"
"AP_DAM_WRIS_AP01MH0095","Gundlamotu Reservoir","dam","Prakasam",,,"3","GENERATE_DETAILED_OSM_CONTEXT_IF_OSM_TAGS_EXIST","/reality-twin/models/AP_DAM_WRIS_AP01MH0095.glb"
"AP_DAM_WRIS_AP01HH0023","Guntawada Main Dam","dam","Visakhapatnam",,,"3","GENERATE_DETAILED_OSM_CONTEXT_IF_OSM_TAGS_EXIST","/reality-twin/models/AP_DAM_WRIS_AP01HH0023.glb"
"AP_DAM_WRIS_AP01LH0096","Haresamudram Big Dam","dam","Anantapur",,,"3","GENERATE_DETAILED_OSM_CONTEXT_IF_OSM_TAGS_EXIST","/reality-twin/models/AP_DAM_WRIS_AP01LH0096.glb"
"AP_DAM_WRIS_AP01_0131","Hiramandalam Dam","dam","Srikakulam",,,"3","GENERATE_DETAILED_OSM_CONTEXT_IF_OSM_TAGS_EXIST","/reality-twin/models/AP_DAM_WRIS_AP01_0131.glb"
"AP_DAM_WRIS_AP01LH0054","Itugulapadu Tank","dam","YSR",,,"3","GENERATE_DETAILED_OSM_CONTEXT_IF_OSM_TAGS_EXIST","/reality-twin/models/AP_DAM_WRIS_AP01LH0054.glb"
"AP_DAM_WRIS_AP01LH0097","Jajigedda Dam","dam","Visakhapatnam",,,"3","GENERATE_DETAILED_OSM_CONTEXT_IF_OSM_TAGS_EXIST","/reality-twin/models/AP_DAM_WRIS_AP01LH0097.glb"
"AP_DAM_WRIS_AP01LH0051","Jalakanur Dam","dam","Kurnool",,,"3","GENERATE_DETAILED_OSM_CONTEXT_IF_OSM_TAGS_EXIST","/reality-twin/models/AP_DAM_WRIS_AP01LH0051.glb"
"AP_DAM_WRIS_AP01HH0064","Jalleru Dam","dam","West Godavari",,,"3","GENERATE_DETAILED_OSM_CONTEXT_IF_OSM_TAGS_EXIST","/reality-twin/models/AP_DAM_WRIS_AP01HH0064.glb"
"AP_DAM_WRIS_AP01HH0132","Jhanjhavathi / Janjavathi Dam","dam","Vizianagaram",,,"3","GENERATE_DETAILED_OSM_CONTEXT_IF_OSM_TAGS_EXIST","/reality-twin/models/AP_DAM_WRIS_AP01HH0132.glb"
"AP_AIR_AAI_KADAPA","Kadapa Airport","airport","YSR Kadapa",,,"2","GENERATE_DETAILED_OSM_CONTEXT_IF_OSM_TAGS_EXIST","/reality-twin/models/AP_AIR_AAI_KADAPA.glb"
"AP_DAM_WRIS_D06395","Kakarla Dam","dam","Prakasam",,,"3","GENERATE_DETAILED_OSM_CONTEXT_IF_OSM_TAGS_EXIST","/reality-twin/models/AP_DAM_WRIS_D06395.glb"
"AP_DAM_WRIS_AP01MH0015","Kalangi Dam","dam","Chittoor",,,"3","GENERATE_DETAILED_OSM_CONTEXT_IF_OSM_TAGS_EXIST","/reality-twin/models/AP_DAM_WRIS_AP01MH0015.glb"
"AP_DAM_WRIS_AP01LH0041","Kaleti Vagu Reservoir","dam","YSR",,,"3","GENERATE_DETAILED_OSM_CONTEXT_IF_OSM_TAGS_EXIST","/reality-twin/models/AP_DAM_WRIS_AP01LH0041.glb"
"AP_DAM_WRIS_D06095","Kalinga Dal Dam","dam","Srikakulam",,,"3","GENERATE_DETAILED_OSM_CONTEXT_IF_OSM_TAGS_EXIST","/reality-twin/models/AP_DAM_WRIS_D06095.glb"
"AP_DAM_NWDP_AP01HH0040","Kalyani Dam","dam","Tirupati",,,"3","GENERATE_DETAILED_OSM_CONTEXT_IF_OSM_TAGS_EXIST","/reality-twin/models/AP_DAM_NWDP_AP01HH0040.glb"
"AP_DAM_WRIS_AP01LH0098","Kampasamudram New Dam","dam","Sri Potti Sriramulu Nellore",,,"3","GENERATE_DETAILED_OSM_CONTEXT_IF_OSM_TAGS_EXIST","/reality-twin/models/AP_DAM_WRIS_AP01LH0098.glb"
"AP_BR_00002","Kanaka Durga Flyover","bridge","NTR",,,"1","GENERATE_DETAILED_OSM_CONTEXT_IF_OSM_TAGS_EXIST","/reality-twin/models/AP_BR_00002.glb"
"AP_DAM_WRIS_AP01HH0133","Kandaleru /Kandaleru Dam","dam","Sri Potti Sriramulu Nellore",,,"3","GENERATE_DETAILED_OSM_CONTEXT_IF_OSM_TAGS_EXIST","/reality-twin/models/AP_DAM_WRIS_AP01HH0133.glb"
"AP_DAM_WRIS_D06351","Kanelal Tank","dam","Anantapur",,,"3","GENERATE_DETAILED_OSM_CONTEXT_IF_OSM_TAGS_EXIST","/reality-twin/models/AP_DAM_WRIS_D06351.glb"
"AP_DAM_WRIS_D00719","Kanigiri Dam","dam","Sri Potti Sriramulu Nellore",,,"3","GENERATE_DETAILED_OSM_CONTEXT_IF_OSM_TAGS_EXIST","/reality-twin/models/AP_DAM_WRIS_D00719.glb"
"AP_DAM_WRIS_AP01LH0099","Koduru Reservoir","dam","Anantapur",,,"3","GENERATE_DETAILED_OSM_CONTEXT_IF_OSM_TAGS_EXIST","/reality-twin/models/AP_DAM_WRIS_AP01LH0099.glb"
"AP_DAM_WRIS_AP01MH0056","Konam Dam","dam","Visakhapatnam",,,"3","GENERATE_DETAILED_OSM_CONTEXT_IF_OSM_TAGS_EXIST","/reality-twin/models/AP_DAM_WRIS_AP01MH0056.glb"
"AP_DAM_WRIS_D02041","Kovvadakalva Dam","dam","West Godavari",,,"3","GENERATE_DETAILED_OSM_CONTEXT_IF_OSM_TAGS_EXIST","/reality-twin/models/AP_DAM_WRIS_D02041.glb"
"AP_DAM_WRIS_AP01MH0052","Krishnapuram (Chittor) Dam","dam","Chittoor",,,"3","GENERATE_DETAILED_OSM_CONTEXT_IF_OSM_TAGS_EXIST","/reality-twin/models/AP_DAM_WRIS_AP01MH0052.glb"
"AP_DAM_WRIS_AP01HH0169","Kumaradhara Pushpadhara
Dam","dam","Chittoor",,,"3","GENERATE_DETAILED_OSM_CONTEXT_IF_OSM_TAGS_EXIST","/reality-twin/models/AP_DAM_WRIS_AP01HH0169.glb"
"AP_DAM_WRIS_D02317","Kumili Dam","dam","Vizianagaram",,,"3","GENERATE_DETAILED_OSM_CONTEXT_IF_OSM_TAGS_EXIST","/reality-twin/models/AP_DAM_WRIS_D02317.glb"
"AP_AIR_AAI_KURNOOL","Kurnool Airport","airport","Kurnool",,,"2","GENERATE_DETAILED_OSM_CONTEXT_IF_OSM_TAGS_EXIST","/reality-twin/models/AP_AIR_AAI_KURNOOL.glb"
"AP_DAM_WRIS_AP01MH0100","Kushavathi Dam","dam","Y.S.R.",,,"3","GENERATE_DETAILED_OSM_CONTEXT_IF_OSM_TAGS_EXIST","/reality-twin/models/AP_DAM_WRIS_AP01MH0100.glb"
"AP_DAM_WRIS_D02086","Lower Sagileru Dam","dam","Y.S.R.",,,"3","GENERATE_DETAILED_OSM_CONTEXT_IF_OSM_TAGS_EXIST","/reality-twin/models/AP_DAM_WRIS_D02086.glb"
"AP_DAM_WRIS_AP01LH0102","Madakasira Dam","dam","Anantapur",,,"3","GENERATE_DETAILED_OSM_CONTEXT_IF_OSM_TAGS_EXIST","/reality-twin/models/AP_DAM_WRIS_AP01LH0102.glb"
"AP_DAM_WRIS_AP01MH0078","Maddigedda Dam","dam","East Godavari",,,"3","GENERATE_DETAILED_OSM_CONTEXT_IF_OSM_TAGS_EXIST","/reality-twin/models/AP_DAM_WRIS_AP01MH0078.glb"
"AP_DAM_WRIS_AP01MH0075","Madduvalasa Dam","dam","Srikakulam",,,"3","GENERATE_DETAILED_OSM_CONTEXT_IF_OSM_TAGS_EXIST","/reality-twin/models/AP_DAM_WRIS_AP01MH0075.glb"
"AP_DAM_NWDP_AP01MH0135","Mallemadugu","dam","Tirupati",,,"3","GENERATE_DETAILED_OSM_CONTEXT_IF_OSM_TAGS_EXIST","/reality-twin/models/AP_DAM_NWDP_AP01MH0135.glb"
"AP_DAM_WRIS_AP01LH0136","Marala Dam","dam","Anantapur",,,"3","GENERATE_DETAILED_OSM_CONTEXT_IF_OSM_TAGS_EXIST","/reality-twin/models/AP_DAM_WRIS_AP01LH0136.glb"
"AP_DAM_WRIS_AP01LH0006","Markapur  Tank","dam","Prakasam",,,"3","GENERATE_DETAILED_OSM_CONTEXT_IF_OSM_TAGS_EXIST","/reality-twin/models/AP_DAM_WRIS_AP01LH0006.glb"
"AP_DAM_WRIS_D06353","Matchukota Balancing Reservoir","dam","Anantapur",,,"3","GENERATE_DETAILED_OSM_CONTEXT_IF_OSM_TAGS_EXIST","/reality-twin/models/AP_DAM_WRIS_D06353.glb"
"AP_DAM_WRIS_AP01MH0042","Mehadrigedda","dam","Visakhapatnam",,,"3","GENERATE_DETAILED_OSM_CONTEXT_IF_OSM_TAGS_EXIST","/reality-twin/models/AP_DAM_WRIS_AP01MH0042.glb"
"AP_DAM_WRIS_D06026","Midpennar Stage-I/Mid-Pennar Dam","dam","Anantapur",,,"3","GENERATE_DETAILED_OSM_CONTEXT_IF_OSM_TAGS_EXIST","/reality-twin/models/AP_DAM_WRIS_D06026.glb"
"AP_DAM_WRIS_AP01MH0004","Mopadu Dam","dam","Prakasam",,,"3","GENERATE_DETAILED_OSM_CONTEXT_IF_OSM_TAGS_EXIST","/reality-twin/models/AP_DAM_WRIS_AP01MH0004.glb"
"AP_DAM_WRIS_AP01MH0036","Muraripalli / Mararipalli Dam","dam","Prakasam",,,"3","GENERATE_DETAILED_OSM_CONTEXT_IF_OSM_TAGS_EXIST","/reality-twin/models/AP_DAM_WRIS_AP01MH0036.glb"
"AP_DAM_WRIS_AP01HH0137","Musurumilli /Musurmilli Dam","dam","East Godavari",,,"3","GENERATE_DETAILED_OSM_CONTEXT_IF_OSM_TAGS_EXIST","/reality-twin/models/AP_DAM_WRIS_AP01HH0137.glb"
"AP_DAM_WRIS_AP01LH0103","Muthyalacheruvu","dam","Anantapur",,,"3","GENERATE_DETAILED_OSM_CONTEXT_IF_OSM_TAGS_EXIST","/reality-twin/models/AP_DAM_WRIS_AP01LH0103.glb"
"AP_DAM_WRIS_AP01MH0058","Mylavaram Dam","dam","Y.S.R.",,,"3","GENERATE_DETAILED_OSM_CONTEXT_IF_OSM_TAGS_EXIST","/reality-twin/models/AP_DAM_WRIS_AP01MH0058.glb"
"AP_DAM_WRIS_AP01MH0028","Nagurur Dam","dam","Kurnool",,,"3","GENERATE_DETAILED_OSM_CONTEXT_IF_OSM_TAGS_EXIST","/reality-twin/models/AP_DAM_WRIS_AP01MH0028.glb"
"AP_DAM_WRIS_AP01MH0010","Nakkalagandi Dam","dam","Sri Potti Sriramulu Nellore",,,"3","GENERATE_DETAILED_OSM_CONTEXT_IF_OSM_TAGS_EXIST","/reality-twin/models/AP_DAM_WRIS_AP01MH0010.glb"
"AP_DAM_WRIS_D02198","Narayanapuram Dam","dam","Srikakulam",,,"3","GENERATE_DETAILED_OSM_CONTEXT_IF_OSM_TAGS_EXIST","/reality-twin/models/AP_DAM_WRIS_D02198.glb"
"AP_DAM_WRIS_D00721","Nellore Dam","dam","Sri Potti Sriramulu Nellore",,,"3","GENERATE_DETAILED_OSM_CONTEXT_IF_OSM_TAGS_EXIST","/reality-twin/models/AP_DAM_WRIS_D00721.glb"
"AP_BAR_WRIS_B00435","Neradi Barrage","barrage","Srikakulam",,,"2","GENERATE_DETAILED_OSM_CONTEXT_IF_OSM_TAGS_EXIST","/reality-twin/models/AP_BAR_WRIS_B00435.glb"
"AP_DAM_WRIS_AP01MH0083","N.T.R. T.G.P-Subsidiary
Reservoir  No 1","dam","YSR",,,"3","GENERATE_DETAILED_OSM_CONTEXT_IF_OSM_TAGS_EXIST","/reality-twin/models/AP_DAM_WRIS_AP01MH0083.glb"
"AP_DAM_WRIS_AP01MH0152","N.T.R. T.G.P-Subsidiary
Reservoir  No 2","dam","YSR",,,"3","GENERATE_DETAILED_OSM_CONTEXT_IF_OSM_TAGS_EXIST","/reality-twin/models/AP_DAM_WRIS_AP01MH0152.glb"
"AP_DAM_WRIS_AP01MH0138","N.T.R. , Thatiparthi(V), Madugula (M) Dam","dam","Visakhapatnam",,,"3","GENERATE_DETAILED_OSM_CONTEXT_IF_OSM_TAGS_EXIST","/reality-twin/models/AP_DAM_WRIS_AP01MH0138.glb"
"AP_DAM_WRIS_D00963","Paleru ,Owk Dam","dam","Kurnool",,,"3","GENERATE_DETAILED_OSM_CONTEXT_IF_OSM_TAGS_EXIST","/reality-twin/models/AP_DAM_WRIS_D00963.glb"
"AP_DAM_WRIS_AP01MH0046","Pampa Dam","dam","East Godavari",,,"3","GENERATE_DETAILED_OSM_CONTEXT_IF_OSM_TAGS_EXIST","/reality-twin/models/AP_DAM_WRIS_AP01MH0046.glb"
"AP_DAM_WRIS_AP01LH0104","Panthulu Cheruvu Dam","dam","Anantapur",,,"3","GENERATE_DETAILED_OSM_CONTEXT_IF_OSM_TAGS_EXIST","/reality-twin/models/AP_DAM_WRIS_AP01LH0104.glb"
"AP_DAM_WRIS_AP01HH0060","Papavinasanam Dam","dam","Chittoor",,,"3","GENERATE_DETAILED_OSM_CONTEXT_IF_OSM_TAGS_EXIST","/reality-twin/models/AP_DAM_WRIS_AP01HH0060.glb"
"AP_DAM_WRIS_AP01LH0105","Pattikondavanka, Guttava","dam","Chittoor",,,"3","GENERATE_DETAILED_OSM_CONTEXT_IF_OSM_TAGS_EXIST","/reality-twin/models/AP_DAM_WRIS_AP01LH0105.glb"
"AP_DAM_WRIS_AP01LH0106","Paya Cheruvu Dam","dam","Chittoor",,,"3","GENERATE_DETAILED_OSM_CONTEXT_IF_OSM_TAGS_EXIST","/reality-twin/models/AP_DAM_WRIS_AP01LH0106.glb"
"AP_DAM_WRIS_AP01LH0070","Pedaballi Dam","dam","Anantapur",,,"3","GENERATE_DETAILED_OSM_CONTEXT_IF_OSM_TAGS_EXIST","/reality-twin/models/AP_DAM_WRIS_AP01LH0070.glb"
"AP_DAM_WRIS_AP01LH0107","Peddabadava, Tulasikrishan Dam","dam","Chittoor",,,"3","GENERATE_DETAILED_OSM_CONTEXT_IF_OSM_TAGS_EXIST","/reality-twin/models/AP_DAM_WRIS_AP01LH0107.glb"
"AP_DAM_WRIS_AP01MH0044","Peddabommalapuram
Reservoir","dam","Prakasam",,,"3","GENERATE_DETAILED_OSM_CONTEXT_IF_OSM_TAGS_EXIST","/reality-twin/models/AP_DAM_WRIS_AP01MH0044.glb"
"AP_DAM_WRIS_AP01LH0037","Pedda Cheruvu , Nagasamudram Dam","dam","Anantapur",,,"3","GENERATE_DETAILED_OSM_CONTEXT_IF_OSM_TAGS_EXIST","/reality-twin/models/AP_DAM_WRIS_AP01LH0037.glb"
"AP_DAM_WRIS_AP01MH0140","Peddagedda Dam","dam","Vizianagaram",,,"3","GENERATE_DETAILED_OSM_CONTEXT_IF_OSM_TAGS_EXIST","/reality-twin/models/AP_DAM_WRIS_AP01MH0140.glb"
"AP_DAM_WRIS_AP01LH0108","Pedda Rayala Cheruvu Dam","dam","Chittoor",,,"3","GENERATE_DETAILED_OSM_CONTEXT_IF_OSM_TAGS_EXIST","/reality-twin/models/AP_DAM_WRIS_AP01LH0108.glb"
"AP_DAM_WRIS_AP01MH0109","Pedda Tippa Samudram Dam","dam","Chittoor",,,"3","GENERATE_DETAILED_OSM_CONTEXT_IF_OSM_TAGS_EXIST","/reality-twin/models/AP_DAM_WRIS_AP01MH0109.glb"
"AP_DAM_WRIS_D04538","Peddayetivanka, Annupal Dam","dam","Chittoor",,,"3","GENERATE_DETAILED_OSM_CONTEXT_IF_OSM_TAGS_EXIST","/reality-twin/models/AP_DAM_WRIS_D04538.glb"
"AP_DAM_NWDP_AP01HH0049","Pedderu","dam","Annamayya",,,"3","GENERATE_DETAILED_OSM_CONTEXT_IF_OSM_TAGS_EXIST","/reality-twin/models/AP_DAM_NWDP_AP01HH0049.glb"
"AP_DAM_WRIS_D06352","Pendekallu","dam","Anantapur",,,"3","GENERATE_DETAILED_OSM_CONTEXT_IF_OSM_TAGS_EXIST","/reality-twin/models/AP_DAM_WRIS_D06352.glb"
"AP_DAM_WRIS_AP01LH0067","Pendlur Dam","dam","Y.S.R.",,,"3","GENERATE_DETAILED_OSM_CONTEXT_IF_OSM_TAGS_EXIST","/reality-twin/models/AP_DAM_WRIS_AP01LH0067.glb"
"AP_DAM_WRIS_AP01LH0111","Peruru Dam","dam","Chittoor",,,"3","GENERATE_DETAILED_OSM_CONTEXT_IF_OSM_TAGS_EXIST","/reality-twin/models/AP_DAM_WRIS_AP01LH0111.glb"
"AP_DAM_WRIS_AP01MH0016","Pincha Dam","dam","Y.S.R.",,,"3","GENERATE_DETAILED_OSM_CONTEXT_IF_OSM_TAGS_EXIST","/reality-twin/models/AP_DAM_WRIS_AP01MH0016.glb"
"AP_DAM_WRIS_AP01LH0045","Pittakayagulla Dam","dam","Prakasam",,,"3","GENERATE_DETAILED_OSM_CONTEXT_IF_OSM_TAGS_EXIST","/reality-twin/models/AP_DAM_WRIS_AP01LH0045.glb"
"AP_DAM_00002","Polavaram Project","dam","Eluru",,,"1","GENERATE_DETAILED_OSM_CONTEXT_IF_OSM_TAGS_EXIST","/reality-twin/models/AP_DAM_00002.glb"
"AP_DAM_00001","Prakasam Barrage","barrage","NTR",,,"1","GENERATE_DETAILED_OSM_CONTEXT_IF_OSM_TAGS_EXIST","/reality-twin/models/AP_DAM_00001.glb"
"AP_DAM_WRIS_AP01HH0159","Ps Velegonda Project Kakarla
Dam","dam","Prakasam",,,"3","GENERATE_DETAILED_OSM_CONTEXT_IF_OSM_TAGS_EXIST","/reality-twin/models/AP_DAM_WRIS_AP01HH0159.glb"
"AP_DAM_WRIS_D06356","P.T.Cheruvu","dam","Anantapur",,,"3","GENERATE_DETAILED_OSM_CONTEXT_IF_OSM_TAGS_EXIST","/reality-twin/models/AP_DAM_WRIS_D06356.glb"
"AP_DAM_WRIS_D06327","Pulichintala","dam","Nalgonda",,,"3","GENERATE_DETAILED_OSM_CONTEXT_IF_OSM_TAGS_EXIST","/reality-twin/models/AP_DAM_WRIS_D06327.glb"
"AP_DAM_WRIS_AP01MH0053","Raiwada Dam","dam","Visakhapatnam",,,"3","GENERATE_DETAILED_OSM_CONTEXT_IF_OSM_TAGS_EXIST","/reality-twin/models/AP_DAM_WRIS_AP01MH0053.glb"
"AP_AIR_AAI_RAJAHMUNDRY","Rajahmundry Airport","airport","East Godavari",,,"2","GENERATE_DETAILED_OSM_CONTEXT_IF_OSM_TAGS_EXIST","/reality-twin/models/AP_AIR_AAI_RAJAHMUNDRY.glb"
"AP_DAM_WRIS_AP01LH0113","Rallakalva, Kaliyambaka","dam","Chittoor",,,"3","GENERATE_DETAILED_OSM_CONTEXT_IF_OSM_TAGS_EXIST","/reality-twin/models/AP_DAM_WRIS_AP01LH0113.glb"
"AP_BAR_WRIS_B00800","Rallapadu Barrage","barrage","Prakasam",,,"2","GENERATE_DETAILED_OSM_CONTEXT_IF_OSM_TAGS_EXIST","/reality-twin/models/AP_BAR_WRIS_B00800.glb"
"AP_DAM_WRIS_AP01LH0013","Rallapadu Dam","dam","Prakasam",,,"3","GENERATE_DETAILED_OSM_CONTEXT_IF_OSM_TAGS_EXIST","/reality-twin/models/AP_DAM_WRIS_AP01LH0013.glb"
"AP_DAM_WRIS_D06139","Ramathirtham Dam","dam","Prakasam",,,"3","GENERATE_DETAILED_OSM_CONTEXT_IF_OSM_TAGS_EXIST","/reality-twin/models/AP_DAM_WRIS_D06139.glb"
"AP_DAM_WRIS_AP01MH0114","Rao Cheruvu,  Rajupalem","dam","YSR",,,"3","GENERATE_DETAILED_OSM_CONTEXT_IF_OSM_TAGS_EXIST","/reality-twin/models/AP_DAM_WRIS_AP01MH0114.glb"
"AP_DAM_WRIS_AP01LH0115","Rayalacheruvu Dam","dam","Anantapur",,,"3","GENERATE_DETAILED_OSM_CONTEXT_IF_OSM_TAGS_EXIST","/reality-twin/models/AP_DAM_WRIS_AP01LH0115.glb"
"AP_DAM_WRIS_AP01LH0048","Sadasivakona Dam","dam","Chittoor",,,"3","GENERATE_DETAILED_OSM_CONTEXT_IF_OSM_TAGS_EXIST","/reality-twin/models/AP_DAM_WRIS_AP01LH0048.glb"
"AP_DAM_WRIS_AP01LH0050","Saddikutimadugu Reservoir","dam","Chittoor",,,"3","GENERATE_DETAILED_OSM_CONTEXT_IF_OSM_TAGS_EXIST","/reality-twin/models/AP_DAM_WRIS_AP01LH0050.glb"
"AP_DAM_WRIS_AP01LH0071","Sancherla Dam","dam","Y.S.R.",,,"3","GENERATE_DETAILED_OSM_CONTEXT_IF_OSM_TAGS_EXIST","/reality-twin/models/AP_DAM_WRIS_AP01LH0071.glb"
"AP_DAM_WRIS_AP01LH0116","Sankarayalapeta Dam","dam","Chittoor",,,"3","GENERATE_DETAILED_OSM_CONTEXT_IF_OSM_TAGS_EXIST","/reality-twin/models/AP_DAM_WRIS_AP01LH0116.glb"
"AP_DAM_WRIS_AP01LH0061","Savisettipalli Dam","dam","Y.S.R.",,,"3","GENERATE_DETAILED_OSM_CONTEXT_IF_OSM_TAGS_EXIST","/reality-twin/models/AP_DAM_WRIS_AP01LH0061.glb"
"AP_DAM_WRIS_AP01LH0117","Seethai Cheru, Seethaipally Dam","dam","Prakasam",,,"3","GENERATE_DETAILED_OSM_CONTEXT_IF_OSM_TAGS_EXIST","/reality-twin/models/AP_DAM_WRIS_AP01LH0117.glb"
"AP_DAM_WRIS_AP01MH0017","Siddalagandi Dam","dam","Chittoor",,,"3","GENERATE_DETAILED_OSM_CONTEXT_IF_OSM_TAGS_EXIST","/reality-twin/models/AP_DAM_WRIS_AP01MH0017.glb"
"AP_DAM_WRIS_AP01MH0003","Siddapuram Tank","dam","Kurnool",,,"3","GENERATE_DETAILED_OSM_CONTEXT_IF_OSM_TAGS_EXIST","/reality-twin/models/AP_DAM_WRIS_AP01MH0003.glb"
"AP_BAR_WRIS_B00131","Sir Arthur Cotton Barrage /Godavari Barrage","barrage","East Godavari",,,"2","GENERATE_DETAILED_OSM_CONTEXT_IF_OSM_TAGS_EXIST","/reality-twin/models/AP_BAR_WRIS_B00131.glb"
"AP_DAM_WRIS_AP01HH0062","Somasila Dam","dam","Sri Potti Sriramulu Nellore",,,"1","GENERATE_DETAILED_OSM_CONTEXT_IF_OSM_TAGS_EXIST","/reality-twin/models/AP_DAM_WRIS_AP01HH0062.glb"
"AP_DAM_WRIS_D06393","Spvbs Dam","dam","Y.s.r.",,,"3","GENERATE_DETAILED_OSM_CONTEXT_IF_OSM_TAGS_EXIST","/reality-twin/models/AP_DAM_WRIS_D06393.glb"
"AP_DAM_WRIS_AP01LH0118","Sreerangarayani Cheruvu Dam","dam","Anantapur",,,"3","GENERATE_DETAILED_OSM_CONTEXT_IF_OSM_TAGS_EXIST","/reality-twin/models/AP_DAM_WRIS_AP01LH0118.glb"
"AP_TEMPLE_KANAKA_DURGA","Sri Durga Malleswara Swamy Varla Devasthanam","temple","NTR",,,"2","GENERATE_DETAILED_OSM_CONTEXT_IF_OSM_TAGS_EXIST","/reality-twin/models/AP_TEMPLE_KANAKA_DURGA.glb"
"AP_TEMPLE_SRIKALAHASTI","Sri Kalahasteeswara Swamy Temple","temple","Tirupati",,,"1","GENERATE_DETAILED_OSM_CONTEXT_IF_OSM_TAGS_EXIST","/reality-twin/models/AP_TEMPLE_SRIKALAHASTI.glb"
"AP_TEMPLE_SRISAILAM","Sri Mallikarjuna Swamy Temple, Srisailam","temple","Nandyal",,,"1","GENERATE_DETAILED_OSM_CONTEXT_IF_OSM_TAGS_EXIST","/reality-twin/models/AP_TEMPLE_SRISAILAM.glb"
"AP_DAM_NWDP_AP01VH0059","Srisailam Project (N.S.R.S.P)","dam","Nandyal",,,"1","GENERATE_DETAILED_OSM_CONTEXT_IF_OSM_TAGS_EXIST","/reality-twin/models/AP_DAM_NWDP_AP01VH0059.glb"
"AP_DAM_WRIS_D06354","Sri Subbaraya Sagar","dam","Anantapur",,,"3","GENERATE_DETAILED_OSM_CONTEXT_IF_OSM_TAGS_EXIST","/reality-twin/models/AP_DAM_WRIS_D06354.glb"
"AP_DAM_WRIS_D02215","Sri Tenneti Viswanatham Pedderu Dam","dam","Visakhapatnam",,,"3","GENERATE_DETAILED_OSM_CONTEXT_IF_OSM_TAGS_EXIST","/reality-twin/models/AP_DAM_WRIS_D02215.glb"
"AP_TEMPLE_SIMHACHALAM","Sri Varaha Lakshmi Narasimha Temple, Simhachalam","temple","Visakhapatnam",,,"2","GENERATE_DETAILED_OSM_CONTEXT_IF_OSM_TAGS_EXIST","/reality-twin/models/AP_TEMPLE_SIMHACHALAM.glb"
"AP_TEMPLE_ANNAVARAM","Sri Veera Venkata Satyanarayana Swamy Temple, Annavaram","temple","Kakinada",,,"2","GENERATE_DETAILED_OSM_CONTEXT_IF_OSM_TAGS_EXIST","/reality-twin/models/AP_TEMPLE_ANNAVARAM.glb"
"AP_TEMPLE_DWARAKA_TIRUMALA","Sri Venkateswara Swamy Temple, Dwaraka Tirumala","temple","Eluru",,,"1","GENERATE_DETAILED_OSM_CONTEXT_IF_OSM_TAGS_EXIST","/reality-twin/models/AP_TEMPLE_DWARAKA_TIRUMALA.glb"
"AP_TEMPLE_TIRUMALA","Sri Venkateswara Swamy Temple, Tirumala","temple","Tirupati",,,"1","GENERATE_DETAILED_OSM_CONTEXT_IF_OSM_TAGS_EXIST","/reality-twin/models/AP_TEMPLE_TIRUMALA.glb"
"AP_DAM_WRIS_AP01MH0027","Subba Reddy Sagar","dam","East Godavari",,,"3","GENERATE_DETAILED_OSM_CONTEXT_IF_OSM_TAGS_EXIST","/reality-twin/models/AP_DAM_WRIS_AP01MH0027.glb"
"AP_DAM_WRIS_D02269","Surampalem Dam","dam","East Godavari",,,"3","GENERATE_DETAILED_OSM_CONTEXT_IF_OSM_TAGS_EXIST","/reality-twin/models/AP_DAM_WRIS_D02269.glb"
"AP_DAM_WRIS_AP01MH0166","Surempalem Reservoir
Project","dam","East Godavari",,,"3","GENERATE_DETAILED_OSM_CONTEXT_IF_OSM_TAGS_EXIST","/reality-twin/models/AP_DAM_WRIS_AP01MH0166.glb"
"AP_DAM_WRIS_AP01LH0119","Swamy Tank","dam","Sri Potti Sriramulu Nellore",,,"3","GENERATE_DETAILED_OSM_CONTEXT_IF_OSM_TAGS_EXIST","/reality-twin/models/AP_DAM_WRIS_AP01LH0119.glb"
"AP_BAR_WRIS_B00448","Swarnamukhi Barrage","barrage","Sri Potti Sriramulu Nellore",,,"2","GENERATE_DETAILED_OSM_CONTEXT_IF_OSM_TAGS_EXIST","/reality-twin/models/AP_BAR_WRIS_B00448.glb"
"AP_DAM_WRIS_AP01MH0121","Tajangi , Tajangi(V) Dam","dam","Visakhapatnam",,,"3","GENERATE_DETAILED_OSM_CONTEXT_IF_OSM_TAGS_EXIST","/reality-twin/models/AP_DAM_WRIS_AP01MH0121.glb"
"AP_BAR_WRIS_B00165","Tarakarama Thirtha Sagaram Barrage","barrage","Vizianagaram",,,"2","GENERATE_DETAILED_OSM_CONTEXT_IF_OSM_TAGS_EXIST","/reality-twin/models/AP_BAR_WRIS_B00165.glb"
"AP_DAM_WRIS_AP01LH0055","Thadukuvagu Dam","dam","Y.S.R.",,,"3","GENERATE_DETAILED_OSM_CONTEXT_IF_OSM_TAGS_EXIST","/reality-twin/models/AP_DAM_WRIS_AP01LH0055.glb"
"AP_DAM_WRIS_AP01MH0065","Thammileru Dam","dam","Krishna",,,"3","GENERATE_DETAILED_OSM_CONTEXT_IF_OSM_TAGS_EXIST","/reality-twin/models/AP_DAM_WRIS_AP01MH0065.glb"
"AP_DAM_WRIS_AP01HH0043","Thandava(Sri Raja Sagi Suryanarayana Raju (Srssr) Dam","dam","Visakhapatnam",,,"3","GENERATE_DETAILED_OSM_CONTEXT_IF_OSM_TAGS_EXIST","/reality-twin/models/AP_DAM_WRIS_AP01HH0043.glb"
"AP_DAM_WRIS_AP01HH0024","Thatipudi Dam","dam","Vizianagaram",,,"3","GENERATE_DETAILED_OSM_CONTEXT_IF_OSM_TAGS_EXIST","/reality-twin/models/AP_DAM_WRIS_AP01HH0024.glb"
"AP_DAM_WRIS_AP01LH0005","Thippayapalem Dam","dam","Prakasam",,,"3","GENERATE_DETAILED_OSM_CONTEXT_IF_OSM_TAGS_EXIST","/reality-twin/models/AP_DAM_WRIS_AP01LH0005.glb"
"AP_BAR_WRIS_B00429","Thotapalli Barrage","barrage","Vizianagaram",,,"2","GENERATE_DETAILED_OSM_CONTEXT_IF_OSM_TAGS_EXIST","/reality-twin/models/AP_BAR_WRIS_B00429.glb"
"AP_AIR_AAI_TIRUPATI","Tirupati Airport","airport","Tirupati",,,"1","GENERATE_DETAILED_OSM_CONTEXT_IF_OSM_TAGS_EXIST","/reality-twin/models/AP_AIR_AAI_TIRUPATI.glb"
"AP_AIR_VOTP","Tirupati Airport","airport","Tirupati",,,"1","GENERATE_DETAILED_OSM_CONTEXT_IF_OSM_TAGS_EXIST","/reality-twin/models/AP_AIR_VOTP.glb"
"AP_DAM_WRIS_AP01LH0120","T.Sundupalli Dam","dam","Y.S.R.",,,"3","GENERATE_DETAILED_OSM_CONTEXT_IF_OSM_TAGS_EXIST","/reality-twin/models/AP_DAM_WRIS_AP01LH0120.glb"
"AP_DAM_WRIS_D06394","Turimella Reservoir Dam","dam","Prakasam",,,"3","GENERATE_DETAILED_OSM_CONTEXT_IF_OSM_TAGS_EXIST","/reality-twin/models/AP_DAM_WRIS_D06394.glb"
"AP_DAM_NWDP_AP01MH0011","Upper Pennar","dam","Sri Sathya Sai",,,"3","GENERATE_DETAILED_OSM_CONTEXT_IF_OSM_TAGS_EXIST","/reality-twin/models/AP_DAM_NWDP_AP01MH0011.glb"
"AP_DAM_WRIS_AP01MH0145","Urakagedda , Sankaram (V), Madugula(M) Dam","dam","Visakhapatnam",,,"3","GENERATE_DETAILED_OSM_CONTEXT_IF_OSM_TAGS_EXIST","/reality-twin/models/AP_DAM_WRIS_AP01MH0145.glb"
"AP_DAM_WRIS_AP01LH0122","Ura Tank, S.R. Puram","dam","Sri Potti Sriramulu Nellore",,,"3","GENERATE_DETAILED_OSM_CONTEXT_IF_OSM_TAGS_EXIST","/reality-twin/models/AP_DAM_WRIS_AP01LH0122.glb"
"AP_DAM_WRIS_AP01LH0068","Vagetikona Reservoir","dam","YSR",,,"3","GENERATE_DETAILED_OSM_CONTEXT_IF_OSM_TAGS_EXIST","/reality-twin/models/AP_DAM_WRIS_AP01LH0068.glb"
"AP_BAR_WRIS_B01609","Vaikuntapuram Barrage","barrage","Guntur",,,"2","GENERATE_DETAILED_OSM_CONTEXT_IF_OSM_TAGS_EXIST","/reality-twin/models/AP_BAR_WRIS_B01609.glb"
"AP_DAM_WRIS_AP01LH0147","Vanaka Badigedda Dam","dam","Vizianagaram",,,"3","GENERATE_DETAILED_OSM_CONTEXT_IF_OSM_TAGS_EXIST","/reality-twin/models/AP_DAM_WRIS_AP01LH0147.glb"
"AP_DAM_WRIS_AP01MH0148","Varadaraja Swamy Gudi Dam","dam","Kurnool",,,"3","GENERATE_DETAILED_OSM_CONTEXT_IF_OSM_TAGS_EXIST","/reality-twin/models/AP_DAM_WRIS_AP01MH0148.glb"
"AP_DAM_WRIS_AP01MH0039","Varaha Dam","dam","Visakhapatnam",,,"3","GENERATE_DETAILED_OSM_CONTEXT_IF_OSM_TAGS_EXIST","/reality-twin/models/AP_DAM_WRIS_AP01MH0039.glb"
"AP_DAM_WRIS_AP01MH0066","Varikunta Dam","dam","Y.S.R.",,,"3","GENERATE_DETAILED_OSM_CONTEXT_IF_OSM_TAGS_EXIST","/reality-twin/models/AP_DAM_WRIS_AP01MH0066.glb"
"AP_DAM_WRIS_AP01HH0081","Veligallu Dam","dam","Y.S.R.",,,"3","GENERATE_DETAILED_OSM_CONTEXT_IF_OSM_TAGS_EXIST","/reality-twin/models/AP_DAM_WRIS_AP01HH0081.glb"
"AP_DAM_WRIS_D01824","Veligonda Dam","dam","Prakasam",,,"3","GENERATE_DETAILED_OSM_CONTEXT_IF_OSM_TAGS_EXIST","/reality-twin/models/AP_DAM_WRIS_D01824.glb"
"AP_DAM_WRIS_AP01MH0150","Velugodu Dam","dam","Kurnool",,,"3","GENERATE_DETAILED_OSM_CONTEXT_IF_OSM_TAGS_EXIST","/reality-twin/models/AP_DAM_WRIS_AP01MH0150.glb"
"AP_DAM_WRIS_AP01MH0069","Vengalaraya Sagar Dam","dam","Vizianagaram",,,"3","GENERATE_DETAILED_OSM_CONTEXT_IF_OSM_TAGS_EXIST","/reality-twin/models/AP_DAM_WRIS_AP01MH0069.glb"
"AP_AIR_AAI_VIJAYAWADA","Vijayawada Airport","airport","Krishna",,,"1","GENERATE_DETAILED_OSM_CONTEXT_IF_OSM_TAGS_EXIST","/reality-twin/models/AP_AIR_AAI_VIJAYAWADA.glb"
"AP_AIR_VOBZ","Vijayawada Airport","airport","Krishna",,,"1","GENERATE_DETAILED_OSM_CONTEXT_IF_OSM_TAGS_EXIST","/reality-twin/models/AP_AIR_VOBZ.glb"
"AP_DAM_WRIS_AP01LH0123","Virupana  Tank","dam","Anantapur",,,"3","GENERATE_DETAILED_OSM_CONTEXT_IF_OSM_TAGS_EXIST","/reality-twin/models/AP_DAM_WRIS_AP01LH0123.glb"
"AP_AIR_AAI_VISAKHAPATNAM","Visakhapatnam Airport","airport","Visakhapatnam",,,"1","GENERATE_DETAILED_OSM_CONTEXT_IF_OSM_TAGS_EXIST","/reality-twin/models/AP_AIR_AAI_VISAKHAPATNAM.glb"
"AP_DAM_WRIS_AP01MH0030","Vottigadda Dam","dam","Vizianagaram",,,"3","GENERATE_DETAILED_OSM_CONTEXT_IF_OSM_TAGS_EXIST","/reality-twin/models/AP_DAM_WRIS_AP01MH0030.glb"
"AP_DAM_WRIS_AP01LH0032","Vyasasamudram Dam","dam","Chittoor",,,"3","GENERATE_DETAILED_OSM_CONTEXT_IF_OSM_TAGS_EXIST","/reality-twin/models/AP_DAM_WRIS_AP01LH0032.glb"
"AP_DAM_WRIS_D06208","Yeddula Eswaraiah Gandikoata Dam","dam","Y.S.R.",,,"3","GENERATE_DETAILED_OSM_CONTEXT_IF_OSM_TAGS_EXIST","/reality-twin/models/AP_DAM_WRIS_D06208.glb"
"AP_DAM_WRIS_AP01HH0149","Yeleru Dam","dam","East Godavari",,,"3","GENERATE_DETAILED_OSM_CONTEXT_IF_OSM_TAGS_EXIST","/reality-twin/models/AP_DAM_WRIS_AP01HH0149.glb"
"AP_DAM_WRIS_AP01MH0076","Yerrakalva Dam","dam","West Godavari",,,"3","GENERATE_DETAILED_OSM_CONTEXT_IF_OSM_TAGS_EXIST","/reality-twin/models/AP_DAM_WRIS_AP01MH0076.glb"
"AP_DAM_WRIS_AP01MH0074","Yogivemana Dam","dam","Anantapur",,,"3","GENERATE_DETAILED_OSM_CONTEXT_IF_OSM_TAGS_EXIST","/reality-twin/models/AP_DAM_WRIS_AP01MH0074.glb"
"AP_DAM_NWDP_AP01MH0074","Yogi Vemana (Maddileru) Reservoir","dam","Sri Sathya Sai",,,"3","GENERATE_DETAILED_OSM_CONTEXT_IF_OSM_TAGS_EXIST","/reality-twin/models/AP_DAM_NWDP_AP01MH0074.glb"
"AP_DAM_WRIS_AP01LH0124","Y.T.Cheruvu Dam","dam","Anantapur",,,"3","GENERATE_DETAILED_OSM_CONTEXT_IF_OSM_TAGS_EXIST","/reality-twin/models/AP_DAM_WRIS_AP01LH0124.glb"
"AP_DAM_WRIS_AP01MH0022","Zurreru Dam","dam","Kurnool",,,"3","GENERATE_DETAILED_OSM_CONTEXT_IF_OSM_TAGS_EXIST","/reality-twin/models/AP_DAM_WRIS_AP01MH0022.glb"
