"asset_code","name","asset_type","district","latitude","longitude","priority","fidelity","model_status","local_model_count","model_format","model_path","workspace","dimension_authority","dimension_status","visual_strategy"
"AP_AIR_AAI_KADAPA","Kadapa Airport","airport","YSR Kadapa","14.5101","78.7728","1","L1_SOURCE_BACKED_PENDING_ASSET_MODEL","NO_ASSET_SPECIFIC_MODEL","0","","","D:\simras-digital-twin-repository\simras-digital-twin\data\reality_twin\all_assets\AP_AIR_AAI_KADAPA","AAI / AIS AIP / airport engineering documents","USE_ONLY_SOURCE_BACKED_VALUES","PHOTOREALISTIC_3D_CONTEXT_PLUS_AIP_DIMENSIONS"
"AP_AIR_AAI_KURNOOL","Kurnool Airport","airport","Kurnool","15.7163","78.1692","1","L1_SOURCE_BACKED_PENDING_ASSET_MODEL","NO_ASSET_SPECIFIC_MODEL","0","","","D:\simras-digital-twin-repository\simras-digital-twin\data\reality_twin\all_assets\AP_AIR_AAI_KURNOOL","AAI / AIS AIP / airport engineering documents","USE_ONLY_SOURCE_BACKED_VALUES","PHOTOREALISTIC_3D_CONTEXT_PLUS_AIP_DIMENSIONS"
"AP_AIR_AAI_RAJAHMUNDRY","Rajahmundry Airport","airport","East Godavari","17.1104","81.8182","1","L1_SOURCE_BACKED_PENDING_ASSET_MODEL","NO_ASSET_SPECIFIC_MODEL","0","","","D:\simras-digital-twin-repository\simras-digital-twin\data\reality_twin\all_assets\AP_AIR_AAI_RAJAHMUNDRY","AAI / AIS AIP / airport engineering documents","USE_ONLY_SOURCE_BACKED_VALUES","PHOTOREALISTIC_3D_CONTEXT_PLUS_AIP_DIMENSIONS"
"AP_AIR_AAI_TIRUPATI","Tirupati Airport","airport","Tirupati","13.6325","79.5433","1","L1_SOURCE_BACKED_PENDING_ASSET_MODEL","NO_ASSET_SPECIFIC_MODEL","0","","","D:\simras-digital-twin-repository\simras-digital-twin\data\reality_twin\all_assets\AP_AIR_AAI_TIRUPATI","AAI / AIS AIP / airport engineering documents","USE_ONLY_SOURCE_BACKED_VALUES","PHOTOREALISTIC_3D_CONTEXT_PLUS_AIP_DIMENSIONS"
"AP_AIR_VOTP","Tirupati Airport","airport","Tirupati","13.633056","79.541944","1","L1_SOURCE_BACKED_PENDING_ASSET_MODEL","NO_ASSET_SPECIFIC_MODEL","0","","","D:\simras-digital-twin-repository\simras-digital-twin\data\reality_twin\all_assets\AP_AIR_VOTP","AAI / AIS AIP / airport engineering documents","USE_ONLY_SOURCE_BACKED_VALUES","PHOTOREALISTIC_3D_CONTEXT_PLUS_AIP_DIMENSIONS"
"AP_AIR_AAI_VIJAYAWADA","Vijayawada Airport","airport","Krishna","16.5304","80.7968","1","L1_SOURCE_BACKED_PENDING_ASSET_MODEL","NO_ASSET_SPECIFIC_MODEL","0","","","D:\simras-digital-twin-repository\simras-digital-twin\data\reality_twin\all_assets\AP_AIR_AAI_VIJAYAWADA","AAI / AIS AIP / airport engineering documents","USE_ONLY_SOURCE_BACKED_VALUES","PHOTOREALISTIC_3D_CONTEXT_PLUS_AIP_DIMENSIONS"
"AP_AIR_VOBZ","Vijayawada Airport","airport","Krishna","16.533611","80.803333","1","L1_SOURCE_BACKED_PENDING_ASSET_MODEL","NO_ASSET_SPECIFIC_MODEL","0","","","D:\simras-digital-twin-repository\simras-digital-twin\data\reality_twin\all_assets\AP_AIR_VOBZ","AAI / AIS AIP / airport engineering documents","USE_ONLY_SOURCE_BACKED_VALUES","PHOTOREALISTIC_3D_CONTEXT_PLUS_AIP_DIMENSIONS"
"AP_AIR_AAI_VISAKHAPATNAM","Visakhapatnam Airport","airport","Visakhapatnam","17.7212","83.2245","1","L1_SOURCE_BACKED_PENDING_ASSET_MODEL","NO_ASSET_SPECIFIC_MODEL","0","","","D:\simras-digital-twin-repository\simras-digital-twin\data\reality_twin\all_assets\AP_AIR_AAI_VISAKHAPATNAM","AAI / AIS AIP / airport engineering documents","USE_ONLY_SOURCE_BACKED_VALUES","PHOTOREALISTIC_3D_CONTEXT_PLUS_AIP_DIMENSIONS"
"AP_DAM_00001","Prakasam Barrage","barrage","NTR","16.5075","80.6052777777778","1","L1_SOURCE_BACKED_PENDING_ASSET_MODEL","NO_ASSET_SPECIFIC_MODEL","0","","","D:\simras-digital-twin-repository\simras-digital-twin\data\reality_twin\all_assets\AP_DAM_00001","CWC / AP WRD / DPR","USE_ONLY_SOURCE_BACKED_VALUES","PHOTOREALISTIC_3D_CONTEXT_PLUS_SOURCE_DIMENSIONS"
"AP_BAR_WRIS_B00131","Sir Arthur Cotton Barrage /Godavari Barrage","barrage","East Godavari","16.93630906","81.75615385","1","L1_SOURCE_BACKED_PENDING_ASSET_MODEL","NO_ASSET_SPECIFIC_MODEL","0","","","D:\simras-digital-twin-repository\simras-digital-twin\data\reality_twin\all_assets\AP_BAR_WRIS_B00131","CWC / AP WRD / DPR","USE_ONLY_SOURCE_BACKED_VALUES","PHOTOREALISTIC_3D_CONTEXT_PLUS_SOURCE_DIMENSIONS"
"AP_BR_00001","Godavari Arch Bridge","bridge","East Godavari","17.007833","81.75583","1","L1_SOURCE_BACKED_PENDING_ASSET_MODEL","NO_ASSET_SPECIFIC_MODEL","0","","","D:\simras-digital-twin-repository\simras-digital-twin\data\reality_twin\all_assets\AP_BR_00001","APRDC / MoRTH / NHAI / Indian Railways / DPR","USE_ONLY_SOURCE_BACKED_VALUES","PHOTOREALISTIC_3D_CONTEXT_PLUS_ASSET_OVERLAY"
"AP_BR_00002","Kanaka Durga Flyover","bridge","NTR","16.5154062","80.6029107","1","L1_SOURCE_BACKED_PENDING_ASSET_MODEL","NO_ASSET_SPECIFIC_MODEL","0","","","D:\simras-digital-twin-repository\simras-digital-twin\data\reality_twin\all_assets\AP_BR_00002","APRDC / MoRTH / NHAI / Indian Railways / DPR","USE_ONLY_SOURCE_BACKED_VALUES","PHOTOREALISTIC_3D_CONTEXT_PLUS_ASSET_OVERLAY"
"AP_DAM_00002","Polavaram Project","dam","Eluru","17.2473","81.6433","1","L1_SOURCE_BACKED_PENDING_ASSET_MODEL","NO_ASSET_SPECIFIC_MODEL","0","","","D:\simras-digital-twin-repository\simras-digital-twin\data\reality_twin\all_assets\AP_DAM_00002","CWC / NRLD / India-WRIS / AP WRD","USE_ONLY_SOURCE_BACKED_VALUES","PHOTOREALISTIC_3D_CONTEXT_PLUS_SOURCE_DIMENSIONS"
"AP_DAM_WRIS_AP01HH0062","Somasila Dam","dam","Sri Potti Sriramulu Nellore","14.48810983","79.30578834","1","L1_SOURCE_BACKED_PENDING_ASSET_MODEL","NO_ASSET_SPECIFIC_MODEL","0","","","D:\simras-digital-twin-repository\simras-digital-twin\data\reality_twin\all_assets\AP_DAM_WRIS_AP01HH0062","CWC / NRLD / India-WRIS / AP WRD","USE_ONLY_SOURCE_BACKED_VALUES","PHOTOREALISTIC_3D_CONTEXT_PLUS_SOURCE_DIMENSIONS"
"AP_DAM_NWDP_AP01VH0059","Srisailam Project (N.S.R.S.P)","dam","Nandyal","16.0866523","78.8967766","1","L1_SOURCE_BACKED_PENDING_ASSET_MODEL","NO_ASSET_SPECIFIC_MODEL","0","","","D:\simras-digital-twin-repository\simras-digital-twin\data\reality_twin\all_assets\AP_DAM_NWDP_AP01VH0059","CWC / NRLD / India-WRIS / AP WRD","USE_ONLY_SOURCE_BACKED_VALUES","PHOTOREALISTIC_3D_CONTEXT_PLUS_SOURCE_DIMENSIONS"
"AP_DAM_WRIS_D01824","Veligonda Dam","dam","Prakasam","15.76750386","79.18046396","1","L1_SOURCE_BACKED_PENDING_ASSET_MODEL","NO_ASSET_SPECIFIC_MODEL","0","","","D:\simras-digital-twin-repository\simras-digital-twin\data\reality_twin\all_assets\AP_DAM_WRIS_D01824","CWC / NRLD / India-WRIS / AP WRD","USE_ONLY_SOURCE_BACKED_VALUES","PHOTOREALISTIC_3D_CONTEXT_PLUS_SOURCE_DIMENSIONS"
"AP_TEMPLE_SRISAILAM","Sri Mallikarjuna Swamy Temple, Srisailam","temple","Nandyal","16.0833","78.8667","1","L1_SOURCE_BACKED_PENDING_ASSET_MODEL","NO_ASSET_SPECIFIC_MODEL","0","","","D:\simras-digital-twin-repository\simras-digital-twin\data\reality_twin\all_assets\AP_TEMPLE_SRISAILAM","Official Devasthanam / government heritage source / survey","USE_ONLY_SOURCE_BACKED_VALUES","PHOTOREALISTIC_3D_CONTEXT_PLUS_ASSET_OVERLAY"
"AP_TEMPLE_SIMHACHALAM","Sri Varaha Lakshmi Narasimha Temple, Simhachalam","temple","Visakhapatnam","17.7664","83.2505","1","L1_SOURCE_BACKED_PENDING_ASSET_MODEL","NO_ASSET_SPECIFIC_MODEL","0","","","D:\simras-digital-twin-repository\simras-digital-twin\data\reality_twin\all_assets\AP_TEMPLE_SIMHACHALAM","Official Devasthanam / government heritage source / survey","USE_ONLY_SOURCE_BACKED_VALUES","PHOTOREALISTIC_3D_CONTEXT_PLUS_ASSET_OVERLAY"
"AP_TEMPLE_ANNAVARAM","Sri Veera Venkata Satyanarayana Swamy Temple, Annavaram","temple","Kakinada","17.2825","82.4042","1","L1_SOURCE_BACKED_PENDING_ASSET_MODEL","NO_ASSET_SPECIFIC_MODEL","0","","","D:\simras-digital-twin-repository\simras-digital-twin\data\reality_twin\all_assets\AP_TEMPLE_ANNAVARAM","Official Devasthanam / government heritage source / survey","USE_ONLY_SOURCE_BACKED_VALUES","PHOTOREALISTIC_3D_CONTEXT_PLUS_ASSET_OVERLAY"
"AP_TEMPLE_DWARAKA_TIRUMALA","Sri Venkateswara Swamy Temple, Dwaraka Tirumala","temple","Eluru","16.9545","81.2566","1","L1_SOURCE_BACKED_PENDING_ASSET_MODEL","NO_ASSET_SPECIFIC_MODEL","0","","","D:\simras-digital-twin-repository\simras-digital-twin\data\reality_twin\all_assets\AP_TEMPLE_DWARAKA_TIRUMALA","Official Devasthanam / government heritage source / survey","USE_ONLY_SOURCE_BACKED_VALUES","PHOTOREALISTIC_3D_CONTEXT_PLUS_ASSET_OVERLAY"
"AP_TEMPLE_TIRUMALA","Sri Venkateswara Swamy Temple, Tirumala","temple","Tirupati","13.6831","79.3469","1","L1_SOURCE_BACKED_PENDING_ASSET_MODEL","NO_ASSET_SPECIFIC_MODEL","0","","","D:\simras-digital-twin-repository\simras-digital-twin\data\reality_twin\all_assets\AP_TEMPLE_TIRUMALA","Official Devasthanam / government heritage source / survey","USE_ONLY_SOURCE_BACKED_VALUES","PHOTOREALISTIC_3D_CONTEXT_PLUS_ASSET_OVERLAY"
"AP_BAR_WRIS_B01201","Chagallur Barrage","barrage","Anantapur","14.91841065","77.82824068","2","L1_SOURCE_BACKED_PENDING_ASSET_MODEL","NO_ASSET_SPECIFIC_MODEL","0","","","D:\simras-digital-twin-repository\simras-digital-twin\data\reality_twin\all_assets\AP_BAR_WRIS_B01201","CWC / AP WRD / DPR","USE_ONLY_SOURCE_BACKED_VALUES","PHOTOREALISTIC_3D_CONTEXT_PLUS_SOURCE_DIMENSIONS"
"AP_BAR_WRIS_B00434","Gotta Barrage","barrage","Srikakulam","18.68849917","83.96260961","2","L1_SOURCE_BACKED_PENDING_ASSET_MODEL","NO_ASSET_SPECIFIC_MODEL","0","","","D:\simras-digital-twin-repository\simras-digital-twin\data\reality_twin\all_assets\AP_BAR_WRIS_B00434","CWC / AP WRD / DPR","USE_ONLY_SOURCE_BACKED_VALUES","PHOTOREALISTIC_3D_CONTEXT_PLUS_SOURCE_DIMENSIONS"
"AP_BAR_WRIS_B00435","Neradi Barrage","barrage","Srikakulam","18.99197127","83.81016627","2","L1_SOURCE_BACKED_PENDING_ASSET_MODEL","NO_ASSET_SPECIFIC_MODEL","0","","","D:\simras-digital-twin-repository\simras-digital-twin\data\reality_twin\all_assets\AP_BAR_WRIS_B00435","CWC / AP WRD / DPR","USE_ONLY_SOURCE_BACKED_VALUES","PHOTOREALISTIC_3D_CONTEXT_PLUS_SOURCE_DIMENSIONS"
"AP_BAR_WRIS_B00800","Rallapadu Barrage","barrage","Prakasam","15.04166667","79.70833333","2","L1_SOURCE_BACKED_PENDING_ASSET_MODEL","NO_ASSET_SPECIFIC_MODEL","0","","","D:\simras-digital-twin-repository\simras-digital-twin\data\reality_twin\all_assets\AP_BAR_WRIS_B00800","CWC / AP WRD / DPR","USE_ONLY_SOURCE_BACKED_VALUES","PHOTOREALISTIC_3D_CONTEXT_PLUS_SOURCE_DIMENSIONS"
"AP_BAR_WRIS_B00448","Swarnamukhi Barrage","barrage","Sri Potti Sriramulu Nellore","14.00638047","80.06930247","2","L1_SOURCE_BACKED_PENDING_ASSET_MODEL","NO_ASSET_SPECIFIC_MODEL","0","","","D:\simras-digital-twin-repository\simras-digital-twin\data\reality_twin\all_assets\AP_BAR_WRIS_B00448","CWC / AP WRD / DPR","USE_ONLY_SOURCE_BACKED_VALUES","PHOTOREALISTIC_3D_CONTEXT_PLUS_SOURCE_DIMENSIONS"
"AP_BAR_WRIS_B00165","Tarakarama Thirtha Sagaram Barrage","barrage","Vizianagaram","18.24133711","83.4333391","2","L1_SOURCE_BACKED_PENDING_ASSET_MODEL","NO_ASSET_SPECIFIC_MODEL","0","","","D:\simras-digital-twin-repository\simras-digital-twin\data\reality_twin\all_assets\AP_BAR_WRIS_B00165","CWC / AP WRD / DPR","USE_ONLY_SOURCE_BACKED_VALUES","PHOTOREALISTIC_3D_CONTEXT_PLUS_SOURCE_DIMENSIONS"
"AP_BAR_WRIS_B00429","Thotapalli Barrage","barrage","Vizianagaram","18.78529852","83.49661842","2","L1_SOURCE_BACKED_PENDING_ASSET_MODEL","NO_ASSET_SPECIFIC_MODEL","0","","","D:\simras-digital-twin-repository\simras-digital-twin\data\reality_twin\all_assets\AP_BAR_WRIS_B00429","CWC / AP WRD / DPR","USE_ONLY_SOURCE_BACKED_VALUES","PHOTOREALISTIC_3D_CONTEXT_PLUS_SOURCE_DIMENSIONS"
"AP_BAR_WRIS_B01609","Vaikuntapuram Barrage","barrage","Guntur","16.58160938","80.42228184","2","L1_SOURCE_BACKED_PENDING_ASSET_MODEL","NO_ASSET_SPECIFIC_MODEL","0","","","D:\simras-digital-twin-repository\simras-digital-twin\data\reality_twin\all_assets\AP_BAR_WRIS_B01609","CWC / AP WRD / DPR","USE_ONLY_SOURCE_BACKED_VALUES","PHOTOREALISTIC_3D_CONTEXT_PLUS_SOURCE_DIMENSIONS"
"AP_DAM_WRIS_D01773","Ahobilam / Penna Ahobilam (Dr. K.S.P.A.B.R.) Dam","dam","Anantapur","14.79085399","77.29862207","2","L1_SOURCE_BACKED_PENDING_ASSET_MODEL","NO_ASSET_SPECIFIC_MODEL","0","","","D:\simras-digital-twin-repository\simras-digital-twin\data\reality_twin\all_assets\AP_DAM_WRIS_D01773","CWC / NRLD / India-WRIS / AP WRD","USE_ONLY_SOURCE_BACKED_VALUES","PHOTOREALISTIC_3D_CONTEXT_PLUS_SOURCE_DIMENSIONS"
"AP_DAM_WRIS_AP01MH0168","Akasaganga","dam","Chittoor","13.76833333","79.33916667","2","L1_SOURCE_BACKED_PENDING_ASSET_MODEL","NO_ASSET_SPECIFIC_MODEL","0","","","D:\simras-digital-twin-repository\simras-digital-twin\data\reality_twin\all_assets\AP_DAM_WRIS_AP01MH0168","CWC / NRLD / India-WRIS / AP WRD","USE_ONLY_SOURCE_BACKED_VALUES","PHOTOREALISTIC_3D_CONTEXT_PLUS_SOURCE_DIMENSIONS"
"AP_DAM_WRIS_AP01LH0084","Akkapalem Dam","dam","Krishna","17.13395618","80.59027273","2","L1_SOURCE_BACKED_PENDING_ASSET_MODEL","NO_ASSET_SPECIFIC_MODEL","0","","","D:\simras-digital-twin-repository\simras-digital-twin\data\reality_twin\all_assets\AP_DAM_WRIS_AP01LH0084","CWC / NRLD / India-WRIS / AP WRD","USE_ONLY_SOURCE_BACKED_VALUES","PHOTOREALISTIC_3D_CONTEXT_PLUS_SOURCE_DIMENSIONS"
"AP_DAM_WRIS_D06052","Alaganoor Dam","dam","Kurnool","15.69996308","78.40817558","2","L1_SOURCE_BACKED_PENDING_ASSET_MODEL","NO_ASSET_SPECIFIC_MODEL","0","","","D:\simras-digital-twin-repository\simras-digital-twin\data\reality_twin\all_assets\AP_DAM_WRIS_D06052","CWC / NRLD / India-WRIS / AP WRD","USE_ONLY_SOURCE_BACKED_VALUES","PHOTOREALISTIC_3D_CONTEXT_PLUS_SOURCE_DIMENSIONS"
"AP_DAM_WRIS_AP01LH0085","Ananthasagarm Dam","dam","Sri Potti Sriramulu Nellore","14.56027829","79.38739583","2","L1_SOURCE_BACKED_PENDING_ASSET_MODEL","NO_ASSET_SPECIFIC_MODEL","0","","","D:\simras-digital-twin-repository\simras-digital-twin\data\reality_twin\all_assets\AP_DAM_WRIS_AP01LH0085","CWC / NRLD / India-WRIS / AP WRD","USE_ONLY_SOURCE_BACKED_VALUES","PHOTOREALISTIC_3D_CONTEXT_PLUS_SOURCE_DIMENSIONS"
"AP_DAM_WRIS_AP01MH0072","Andhra Dam","dam","Vizianagaram","18.34265174","83.19757541","2","L1_SOURCE_BACKED_PENDING_ASSET_MODEL","NO_ASSET_SPECIFIC_MODEL","0","","","D:\simras-digital-twin-repository\simras-digital-twin\data\reality_twin\all_assets\AP_DAM_WRIS_AP01MH0072","CWC / NRLD / India-WRIS / AP WRD","USE_ONLY_SOURCE_BACKED_VALUES","PHOTOREALISTIC_3D_CONTEXT_PLUS_SOURCE_DIMENSIONS"
"AP_DAM_WRIS_AP01MH0021","Arniar Dam","dam","Chittoor","13.41694978","79.74269111","2","L1_SOURCE_BACKED_PENDING_ASSET_MODEL","NO_ASSET_SPECIFIC_MODEL","0","","","D:\simras-digital-twin-repository\simras-digital-twin\data\reality_twin\all_assets\AP_DAM_WRIS_AP01MH0021","CWC / NRLD / India-WRIS / AP WRD","USE_ONLY_SOURCE_BACKED_VALUES","PHOTOREALISTIC_3D_CONTEXT_PLUS_SOURCE_DIMENSIONS"
"AP_DAM_WRIS_AP01HH0127","Bahuda Dam","dam","Chittoor","13.55934796","78.62877169","2","L1_SOURCE_BACKED_PENDING_ASSET_MODEL","NO_ASSET_SPECIFIC_MODEL","0","","","D:\simras-digital-twin-repository\simras-digital-twin\data\reality_twin\all_assets\AP_DAM_WRIS_AP01HH0127","CWC / NRLD / India-WRIS / AP WRD","USE_ONLY_SOURCE_BACKED_VALUES","PHOTOREALISTIC_3D_CONTEXT_PLUS_SOURCE_DIMENSIONS"
"AP_DAM_WRIS_AP01MH0018","Bhairavanithippa Dam","dam","Anantapur","14.53801688","76.83914118","2","L1_SOURCE_BACKED_PENDING_ASSET_MODEL","NO_ASSET_SPECIFIC_MODEL","0","","","D:\simras-digital-twin-repository\simras-digital-twin\data\reality_twin\all_assets\AP_DAM_WRIS_AP01MH0018","CWC / NRLD / India-WRIS / AP WRD","USE_ONLY_SOURCE_BACKED_VALUES","PHOTOREALISTIC_3D_CONTEXT_PLUS_SOURCE_DIMENSIONS"
"AP_DAM_WRIS_D01879","Bhupathipalem Dam","dam","East Godavari","17.44681795","81.76549352","2","L1_SOURCE_BACKED_PENDING_ASSET_MODEL","NO_ASSET_SPECIFIC_MODEL","0","","","D:\simras-digital-twin-repository\simras-digital-twin\data\reality_twin\all_assets\AP_DAM_WRIS_D01879","CWC / NRLD / India-WRIS / AP WRD","USE_ONLY_SOURCE_BACKED_VALUES","PHOTOREALISTIC_3D_CONTEXT_PLUS_SOURCE_DIMENSIONS"
"AP_DAM_WRIS_AP01HH0019","Buggavagu Dam","dam","Guntur","16.48199115","79.53124211","2","L1_SOURCE_BACKED_PENDING_ASSET_MODEL","NO_ASSET_SPECIFIC_MODEL","0","","","D:\simras-digital-twin-repository\simras-digital-twin\data\reality_twin\all_assets\AP_DAM_WRIS_AP01HH0019","CWC / NRLD / India-WRIS / AP WRD","USE_ONLY_SOURCE_BACKED_VALUES","PHOTOREALISTIC_3D_CONTEXT_PLUS_SOURCE_DIMENSIONS"
"AP_DAM_WRIS_AP01MH0073","Buggavanka Dam","dam","Y.S.R.","14.40017137","78.83565042","2","L1_SOURCE_BACKED_PENDING_ASSET_MODEL","NO_ASSET_SPECIFIC_MODEL","0","","","D:\simras-digital-twin-repository\simras-digital-twin\data\reality_twin\all_assets\AP_DAM_WRIS_AP01MH0073","CWC / NRLD / India-WRIS / AP WRD","USE_ONLY_SOURCE_BACKED_VALUES","PHOTOREALISTIC_3D_CONTEXT_PLUS_SOURCE_DIMENSIONS"
"AP_DAM_WRIS_AP01LH0034","Bukkapatnam Dam","dam","Anantapur","14.18511928","77.77219364","2","L1_SOURCE_BACKED_PENDING_ASSET_MODEL","NO_ASSET_SPECIFIC_MODEL","0","","","D:\simras-digital-twin-repository\simras-digital-twin\data\reality_twin\all_assets\AP_DAM_WRIS_AP01LH0034","CWC / NRLD / India-WRIS / AP WRD","USE_ONLY_SOURCE_BACKED_VALUES","PHOTOREALISTIC_3D_CONTEXT_PLUS_SOURCE_DIMENSIONS"
"AP_DAM_WRIS_AP01MH0128","Chagallu Barrage Dam","dam","Anantapur","14.91831297","77.82826904","2","L1_SOURCE_BACKED_PENDING_ASSET_MODEL","NO_ASSET_SPECIFIC_MODEL","0","","","D:\simras-digital-twin-repository\simras-digital-twin\data\reality_twin\all_assets\AP_DAM_WRIS_AP01MH0128","CWC / NRLD / India-WRIS / AP WRD","USE_ONLY_SOURCE_BACKED_VALUES","PHOTOREALISTIC_3D_CONTEXT_PLUS_SOURCE_DIMENSIONS"
"AP_DAM_WRIS_AP01LH0086","Chennapatnam Cheruvu","dam","Chittoor","13.45166667","78.82166667","2","L1_SOURCE_BACKED_PENDING_ASSET_MODEL","NO_ASSET_SPECIFIC_MODEL","0","","","D:\simras-digital-twin-repository\simras-digital-twin\data\reality_twin\all_assets\AP_DAM_WRIS_AP01LH0086","CWC / NRLD / India-WRIS / AP WRD","USE_ONLY_SOURCE_BACKED_VALUES","PHOTOREALISTIC_3D_CONTEXT_PLUS_SOURCE_DIMENSIONS"
"AP_DAM_WRIS_AP01MH0129","Cheyyeru / Annamayya Dam","dam","Y.S.R.","14.21376072","79.01755427","2","L1_SOURCE_BACKED_PENDING_ASSET_MODEL","NO_ASSET_SPECIFIC_MODEL","0","","","D:\simras-digital-twin-repository\simras-digital-twin\data\reality_twin\all_assets\AP_DAM_WRIS_AP01MH0129","CWC / NRLD / India-WRIS / AP WRD","USE_ONLY_SOURCE_BACKED_VALUES","PHOTOREALISTIC_3D_CONTEXT_PLUS_SOURCE_DIMENSIONS"
"AP_DAM_WRIS_AP01LH0087","Chikkavadiyar, Anantapur","dam","Anantapur","14.67083333","77.67027778","2","L1_SOURCE_BACKED_PENDING_ASSET_MODEL","NO_ASSET_SPECIFIC_MODEL","0","","","D:\simras-digital-twin-repository\simras-digital-twin\data\reality_twin\all_assets\AP_DAM_WRIS_AP01LH0087","CWC / NRLD / India-WRIS / AP WRD","USE_ONLY_SOURCE_BACKED_VALUES","PHOTOREALISTIC_3D_CONTEXT_PLUS_SOURCE_DIMENSIONS"
"AP_DAM_WRIS_AP01LH0090","Chinna Tippa Samudram
Tank","dam","Chittoor","13.63333333","78.6","2","L1_SOURCE_BACKED_PENDING_ASSET_MODEL","NO_ASSET_SPECIFIC_MODEL","0","","","D:\simras-digital-twin-repository\simras-digital-twin\data\reality_twin\all_assets\AP_DAM_WRIS_AP01LH0090","CWC / NRLD / India-WRIS / AP WRD","USE_ONLY_SOURCE_BACKED_VALUES","PHOTOREALISTIC_3D_CONTEXT_PLUS_SOURCE_DIMENSIONS"
"AP_DAM_WRIS_AP01MH0089","Chinnagottigallu Tank","dam","Chittoor","13.64805556","79.0925","2","L1_SOURCE_BACKED_PENDING_ASSET_MODEL","NO_ASSET_SPECIFIC_MODEL","0","","","D:\simras-digital-twin-repository\simras-digital-twin\data\reality_twin\all_assets\AP_DAM_WRIS_AP01MH0089","CWC / NRLD / India-WRIS / AP WRD","USE_ONLY_SOURCE_BACKED_VALUES","PHOTOREALISTIC_3D_CONTEXT_PLUS_SOURCE_DIMENSIONS"
"AP_DAM_WRIS_AP01MH0026","Chinnarayaswamy Gudi /Chennaraya Dam","dam","Anantapur","13.86161573","78.17947277","2","L1_SOURCE_BACKED_PENDING_ASSET_MODEL","NO_ASSET_SPECIFIC_MODEL","0","","","D:\simras-digital-twin-repository\simras-digital-twin\data\reality_twin\all_assets\AP_DAM_WRIS_AP01MH0026","CWC / NRLD / India-WRIS / AP WRD","USE_ONLY_SOURCE_BACKED_VALUES","PHOTOREALISTIC_3D_CONTEXT_PLUS_SOURCE_DIMENSIONS"
"AP_DAM_WRIS_AP01LH0091","Chintakuntavagu Dam","dam","Y.S.R.","14.69667139","78.32099927","2","L1_SOURCE_BACKED_PENDING_ASSET_MODEL","NO_ASSET_SPECIFIC_MODEL","0","","","D:\simras-digital-twin-repository\simras-digital-twin\data\reality_twin\all_assets\AP_DAM_WRIS_AP01LH0091","CWC / NRLD / India-WRIS / AP WRD","USE_ONLY_SOURCE_BACKED_VALUES","PHOTOREALISTIC_3D_CONTEXT_PLUS_SOURCE_DIMENSIONS"
"AP_DAM_WRIS_D00569","Chitravathi Dam","dam","Y.S.R.","14.56189482","77.95875023","2","L1_SOURCE_BACKED_PENDING_ASSET_MODEL","NO_ASSET_SPECIFIC_MODEL","0","","","D:\simras-digital-twin-repository\simras-digital-twin\data\reality_twin\all_assets\AP_DAM_WRIS_D00569","CWC / NRLD / India-WRIS / AP WRD","USE_ONLY_SOURCE_BACKED_VALUES","PHOTOREALISTIC_3D_CONTEXT_PLUS_SOURCE_DIMENSIONS"
"AP_DAM_WRIS_AP01MH0001","Cumbum Dam","dam","Prakasam","15.57613043","79.08129862","2","L1_SOURCE_BACKED_PENDING_ASSET_MODEL","NO_ASSET_SPECIFIC_MODEL","0","","","D:\simras-digital-twin-repository\simras-digital-twin\data\reality_twin\all_assets\AP_DAM_WRIS_AP01MH0001","CWC / NRLD / India-WRIS / AP WRD","USE_ONLY_SOURCE_BACKED_VALUES","PHOTOREALISTIC_3D_CONTEXT_PLUS_SOURCE_DIMENSIONS"
"AP_DAM_WRIS_AP01LH0077","Dharakalava Reservoir","dam","East Godavari","17.33916667","82.23666667","2","L1_SOURCE_BACKED_PENDING_ASSET_MODEL","NO_ASSET_SPECIFIC_MODEL","0","","","D:\simras-digital-twin-repository\simras-digital-twin\data\reality_twin\all_assets\AP_DAM_WRIS_AP01LH0077","CWC / NRLD / India-WRIS / AP WRD","USE_ONLY_SOURCE_BACKED_VALUES","PHOTOREALISTIC_3D_CONTEXT_PLUS_SOURCE_DIMENSIONS"
"AP_DAM_WRIS_AP01LH0125","Dharmavaram Dam","dam","Anantapur","14.39855365","77.74328411","2","L1_SOURCE_BACKED_PENDING_ASSET_MODEL","NO_ASSET_SPECIFIC_MODEL","0","","","D:\simras-digital-twin-repository\simras-digital-twin\data\reality_twin\all_assets\AP_DAM_WRIS_AP01LH0125","CWC / NRLD / India-WRIS / AP WRD","USE_ONLY_SOURCE_BACKED_VALUES","PHOTOREALISTIC_3D_CONTEXT_PLUS_SOURCE_DIMENSIONS"
"AP_DAM_WRIS_AP01LH0002","Dondapadu Tank","dam","Guntur","16.54333333","80.4525","2","L1_SOURCE_BACKED_PENDING_ASSET_MODEL","NO_ASSET_SPECIFIC_MODEL","0","","","D:\simras-digital-twin-repository\simras-digital-twin\data\reality_twin\all_assets\AP_DAM_WRIS_AP01LH0002","CWC / NRLD / India-WRIS / AP WRD","USE_ONLY_SOURCE_BACKED_VALUES","PHOTOREALISTIC_3D_CONTEXT_PLUS_SOURCE_DIMENSIONS"
"AP_DAM_WRIS_AP01HH0057","Donkarai ( S.H.E.S)","dam","Malkangiri","17.93429283","81.79511466","2","L1_SOURCE_BACKED_PENDING_ASSET_MODEL","NO_ASSET_SPECIFIC_MODEL","0","","","D:\simras-digital-twin-repository\simras-digital-twin\data\reality_twin\all_assets\AP_DAM_WRIS_AP01HH0057","CWC / NRLD / India-WRIS / AP WRD","USE_ONLY_SOURCE_BACKED_VALUES","PHOTOREALISTIC_3D_CONTEXT_PLUS_SOURCE_DIMENSIONS"
"AP_DAM_WRIS_AP01MH0080","Earlakatta  Tank","dam","Prakasam","15.75361111","78.97833333","2","L1_SOURCE_BACKED_PENDING_ASSET_MODEL","NO_ASSET_SPECIFIC_MODEL","0","","","D:\simras-digital-twin-repository\simras-digital-twin\data\reality_twin\all_assets\AP_DAM_WRIS_AP01MH0080","CWC / NRLD / India-WRIS / AP WRD","USE_ONLY_SOURCE_BACKED_VALUES","PHOTOREALISTIC_3D_CONTEXT_PLUS_SOURCE_DIMENSIONS"
"AP_DAM_WRIS_D06074","Eguva Thamballa Palli - Cheruvu Dam","dam","Y.S.R.","15.13353222","78.86885221","2","L1_SOURCE_BACKED_PENDING_ASSET_MODEL","NO_ASSET_SPECIFIC_MODEL","0","","","D:\simras-digital-twin-repository\simras-digital-twin\data\reality_twin\all_assets\AP_DAM_WRIS_D06074","CWC / NRLD / India-WRIS / AP WRD","USE_ONLY_SOURCE_BACKED_VALUES","PHOTOREALISTIC_3D_CONTEXT_PLUS_SOURCE_DIMENSIONS"
"AP_DAM_WRIS_TL47HH0060","Forebay Lower Sileru ( S.H.E.S) Dam","dam","Khammam","17.8651526","81.70191883","2","L1_SOURCE_BACKED_PENDING_ASSET_MODEL","NO_ASSET_SPECIFIC_MODEL","0","","","D:\simras-digital-twin-repository\simras-digital-twin\data\reality_twin\all_assets\AP_DAM_WRIS_TL47HH0060","CWC / NRLD / India-WRIS / AP WRD","USE_ONLY_SOURCE_BACKED_VALUES","PHOTOREALISTIC_3D_CONTEXT_PLUS_SOURCE_DIMENSIONS"
"AP_DAM_WRIS_AP01MH0047","Gajuladinne (Sanjeevaiah Sagar) Dam","dam","Kurnool","15.69345933","77.6196078","2","L1_SOURCE_BACKED_PENDING_ASSET_MODEL","NO_ASSET_SPECIFIC_MODEL","0","","","D:\simras-digital-twin-repository\simras-digital-twin\data\reality_twin\all_assets\AP_DAM_WRIS_AP01MH0047","CWC / NRLD / India-WRIS / AP WRD","USE_ONLY_SOURCE_BACKED_VALUES","PHOTOREALISTIC_3D_CONTEXT_PLUS_SOURCE_DIMENSIONS"
"AP_DAM_WRIS_AP01MH0092","Gandicheruvu (Dist-Prakasam) Dam","dam","Prakasam","16.07975491","79.19397414","2","L1_SOURCE_BACKED_PENDING_ASSET_MODEL","NO_ASSET_SPECIFIC_MODEL","0","","","D:\simras-digital-twin-repository\simras-digital-twin\data\reality_twin\all_assets\AP_DAM_WRIS_AP01MH0092","CWC / NRLD / India-WRIS / AP WRD","USE_ONLY_SOURCE_BACKED_VALUES","PHOTOREALISTIC_3D_CONTEXT_PLUS_SOURCE_DIMENSIONS"
"AP_DAM_WRIS_AP01MH0063","Gandipalem /Pcr Gandipalem Dam","dam","Sri Potti Sriramulu Nellore","14.99069647","79.29765101","2","L1_SOURCE_BACKED_PENDING_ASSET_MODEL","NO_ASSET_SPECIFIC_MODEL","0","","","D:\simras-digital-twin-repository\simras-digital-twin\data\reality_twin\all_assets\AP_DAM_WRIS_AP01MH0063","CWC / NRLD / India-WRIS / AP WRD","USE_ONLY_SOURCE_BACKED_VALUES","PHOTOREALISTIC_3D_CONTEXT_PLUS_SOURCE_DIMENSIONS"
"AP_DAM_WRIS_D02672","Ghambiramgedda Dam","dam","Visakhapatnam","17.87570318","83.3522305","2","L1_SOURCE_BACKED_PENDING_ASSET_MODEL","NO_ASSET_SPECIFIC_MODEL","0","","","D:\simras-digital-twin-repository\simras-digital-twin\data\reality_twin\all_assets\AP_DAM_WRIS_D02672","CWC / NRLD / India-WRIS / AP WRD","USE_ONLY_SOURCE_BACKED_VALUES","PHOTOREALISTIC_3D_CONTEXT_PLUS_SOURCE_DIMENSIONS"
"AP_DAM_WRIS_AP01MH0167","Gogarbham Dam","dam","Chittoor","13.690976","79.353559","2","L1_SOURCE_BACKED_PENDING_ASSET_MODEL","NO_ASSET_SPECIFIC_MODEL","0","","","D:\simras-digital-twin-repository\simras-digital-twin\data\reality_twin\all_assets\AP_DAM_WRIS_AP01MH0167","CWC / NRLD / India-WRIS / AP WRD","USE_ONLY_SOURCE_BACKED_VALUES","PHOTOREALISTIC_3D_CONTEXT_PLUS_SOURCE_DIMENSIONS"
"AP_DAM_WRIS_D06350","Gooty Tank","dam","Anantapur","15.11544984","77.60546379","2","L1_SOURCE_BACKED_PENDING_ASSET_MODEL","NO_ASSET_SPECIFIC_MODEL","0","","","D:\simras-digital-twin-repository\simras-digital-twin\data\reality_twin\all_assets\AP_DAM_WRIS_D06350","CWC / NRLD / India-WRIS / AP WRD","USE_ONLY_SOURCE_BACKED_VALUES","PHOTOREALISTIC_3D_CONTEXT_PLUS_SOURCE_DIMENSIONS"
"AP_DAM_WRIS_AP01HH0130","Gorakallu Dam","dam","Kurnool","15.57006907","78.40330932","2","L1_SOURCE_BACKED_PENDING_ASSET_MODEL","NO_ASSET_SPECIFIC_MODEL","0","","","D:\simras-digital-twin-repository\simras-digital-twin\data\reality_twin\all_assets\AP_DAM_WRIS_AP01HH0130","CWC / NRLD / India-WRIS / AP WRD","USE_ONLY_SOURCE_BACKED_VALUES","PHOTOREALISTIC_3D_CONTEXT_PLUS_SOURCE_DIMENSIONS"
"AP_DAM_WRIS_AP01LH0093","Gowricheru, Mogili","dam","Chittoor","13.23","78.81944444","2","L1_SOURCE_BACKED_PENDING_ASSET_MODEL","NO_ASSET_SPECIFIC_MODEL","0","","","D:\simras-digital-twin-repository\simras-digital-twin\data\reality_twin\all_assets\AP_DAM_WRIS_AP01LH0093","CWC / NRLD / India-WRIS / AP WRD","USE_ONLY_SOURCE_BACKED_VALUES","PHOTOREALISTIC_3D_CONTEXT_PLUS_SOURCE_DIMENSIONS"
"AP_DAM_WRIS_AP01LH0033","Gujjuvai  Reservoir","dam","Vizianagaram","18.93888889","83.73333333","2","L1_SOURCE_BACKED_PENDING_ASSET_MODEL","NO_ASSET_SPECIFIC_MODEL","0","","","D:\simras-digital-twin-repository\simras-digital-twin\data\reality_twin\all_assets\AP_DAM_WRIS_AP01LH0033","CWC / NRLD / India-WRIS / AP WRD","USE_ONLY_SOURCE_BACKED_VALUES","PHOTOREALISTIC_3D_CONTEXT_PLUS_SOURCE_DIMENSIONS"
"AP_DAM_WRIS_AP01MH0094","Gullur Tank","dam","Chittoor","13.48","79.525","2","L1_SOURCE_BACKED_PENDING_ASSET_MODEL","NO_ASSET_SPECIFIC_MODEL","0","","","D:\simras-digital-twin-repository\simras-digital-twin\data\reality_twin\all_assets\AP_DAM_WRIS_AP01MH0094","CWC / NRLD / India-WRIS / AP WRD","USE_ONLY_SOURCE_BACKED_VALUES","PHOTOREALISTIC_3D_CONTEXT_PLUS_SOURCE_DIMENSIONS"
"AP_DAM_WRIS_D00587","Gundlakamma Dam","dam","Prakasam","15.66088434","79.98661493","2","L1_SOURCE_BACKED_PENDING_ASSET_MODEL","NO_ASSET_SPECIFIC_MODEL","0","","","D:\simras-digital-twin-repository\simras-digital-twin\data\reality_twin\all_assets\AP_DAM_WRIS_D00587","CWC / NRLD / India-WRIS / AP WRD","USE_ONLY_SOURCE_BACKED_VALUES","PHOTOREALISTIC_3D_CONTEXT_PLUS_SOURCE_DIMENSIONS"
"AP_DAM_WRIS_D03507","Gundlamotu Dam","dam","Prakasam","15.35489328","78.81859319","2","L1_SOURCE_BACKED_PENDING_ASSET_MODEL","NO_ASSET_SPECIFIC_MODEL","0","","","D:\simras-digital-twin-repository\simras-digital-twin\data\reality_twin\all_assets\AP_DAM_WRIS_D03507","CWC / NRLD / India-WRIS / AP WRD","USE_ONLY_SOURCE_BACKED_VALUES","PHOTOREALISTIC_3D_CONTEXT_PLUS_SOURCE_DIMENSIONS"
"AP_DAM_WRIS_AP01MH0095","Gundlamotu Reservoir","dam","Prakasam","15.35527778","79.81861111","2","L1_SOURCE_BACKED_PENDING_ASSET_MODEL","NO_ASSET_SPECIFIC_MODEL","0","","","D:\simras-digital-twin-repository\simras-digital-twin\data\reality_twin\all_assets\AP_DAM_WRIS_AP01MH0095","CWC / NRLD / India-WRIS / AP WRD","USE_ONLY_SOURCE_BACKED_VALUES","PHOTOREALISTIC_3D_CONTEXT_PLUS_SOURCE_DIMENSIONS"
"AP_DAM_WRIS_AP01HH0023","Guntawada Main Dam","dam","Visakhapatnam","18.05978839","82.03941964","2","L1_SOURCE_BACKED_PENDING_ASSET_MODEL","NO_ASSET_SPECIFIC_MODEL","0","","","D:\simras-digital-twin-repository\simras-digital-twin\data\reality_twin\all_assets\AP_DAM_WRIS_AP01HH0023","CWC / NRLD / India-WRIS / AP WRD","USE_ONLY_SOURCE_BACKED_VALUES","PHOTOREALISTIC_3D_CONTEXT_PLUS_SOURCE_DIMENSIONS"
"AP_DAM_WRIS_AP01LH0096","Haresamudram Big Dam","dam","Anantapur","13.90717929","77.29847333","2","L1_SOURCE_BACKED_PENDING_ASSET_MODEL","NO_ASSET_SPECIFIC_MODEL","0","","","D:\simras-digital-twin-repository\simras-digital-twin\data\reality_twin\all_assets\AP_DAM_WRIS_AP01LH0096","CWC / NRLD / India-WRIS / AP WRD","USE_ONLY_SOURCE_BACKED_VALUES","PHOTOREALISTIC_3D_CONTEXT_PLUS_SOURCE_DIMENSIONS"
"AP_DAM_WRIS_AP01_0131","Hiramandalam Dam","dam","Srikakulam","18.66494367","83.94647681","2","L1_SOURCE_BACKED_PENDING_ASSET_MODEL","NO_ASSET_SPECIFIC_MODEL","0","","","D:\simras-digital-twin-repository\simras-digital-twin\data\reality_twin\all_assets\AP_DAM_WRIS_AP01_0131","CWC / NRLD / India-WRIS / AP WRD","USE_ONLY_SOURCE_BACKED_VALUES","PHOTOREALISTIC_3D_CONTEXT_PLUS_SOURCE_DIMENSIONS"
"AP_DAM_WRIS_AP01LH0054","Itugulapadu Tank","dam","YSR","14.73138889","78.78138889","2","L1_SOURCE_BACKED_PENDING_ASSET_MODEL","NO_ASSET_SPECIFIC_MODEL","0","","","D:\simras-digital-twin-repository\simras-digital-twin\data\reality_twin\all_assets\AP_DAM_WRIS_AP01LH0054","CWC / NRLD / India-WRIS / AP WRD","USE_ONLY_SOURCE_BACKED_VALUES","PHOTOREALISTIC_3D_CONTEXT_PLUS_SOURCE_DIMENSIONS"
"AP_DAM_WRIS_AP01LH0097","Jajigedda Dam","dam","Visakhapatnam","17.66696959","82.75100659","2","L1_SOURCE_BACKED_PENDING_ASSET_MODEL","NO_ASSET_SPECIFIC_MODEL","0","","","D:\simras-digital-twin-repository\simras-digital-twin\data\reality_twin\all_assets\AP_DAM_WRIS_AP01LH0097","CWC / NRLD / India-WRIS / AP WRD","USE_ONLY_SOURCE_BACKED_VALUES","PHOTOREALISTIC_3D_CONTEXT_PLUS_SOURCE_DIMENSIONS"
"AP_DAM_WRIS_AP01LH0051","Jalakanur Dam","dam","Kurnool","15.72272933","78.31117549","2","L1_SOURCE_BACKED_PENDING_ASSET_MODEL","NO_ASSET_SPECIFIC_MODEL","0","","","D:\simras-digital-twin-repository\simras-digital-twin\data\reality_twin\all_assets\AP_DAM_WRIS_AP01LH0051","CWC / NRLD / India-WRIS / AP WRD","USE_ONLY_SOURCE_BACKED_VALUES","PHOTOREALISTIC_3D_CONTEXT_PLUS_SOURCE_DIMENSIONS"
"AP_DAM_WRIS_AP01HH0064","Jalleru Dam","dam","West Godavari","17.29000348","81.34574665","2","L1_SOURCE_BACKED_PENDING_ASSET_MODEL","NO_ASSET_SPECIFIC_MODEL","0","","","D:\simras-digital-twin-repository\simras-digital-twin\data\reality_twin\all_assets\AP_DAM_WRIS_AP01HH0064","CWC / NRLD / India-WRIS / AP WRD","USE_ONLY_SOURCE_BACKED_VALUES","PHOTOREALISTIC_3D_CONTEXT_PLUS_SOURCE_DIMENSIONS"
"AP_DAM_WRIS_AP01HH0132","Jhanjhavathi / Janjavathi Dam","dam","Vizianagaram","18.86274443","83.43455871","2","L1_SOURCE_BACKED_PENDING_ASSET_MODEL","NO_ASSET_SPECIFIC_MODEL","0","","","D:\simras-digital-twin-repository\simras-digital-twin\data\reality_twin\all_assets\AP_DAM_WRIS_AP01HH0132","CWC / NRLD / India-WRIS / AP WRD","USE_ONLY_SOURCE_BACKED_VALUES","PHOTOREALISTIC_3D_CONTEXT_PLUS_SOURCE_DIMENSIONS"
"AP_DAM_WRIS_D06395","Kakarla Dam","dam","Prakasam","15.65104814","79.11110054","2","L1_SOURCE_BACKED_PENDING_ASSET_MODEL","NO_ASSET_SPECIFIC_MODEL","0","","","D:\simras-digital-twin-repository\simras-digital-twin\data\reality_twin\all_assets\AP_DAM_WRIS_D06395","CWC / NRLD / India-WRIS / AP WRD","USE_ONLY_SOURCE_BACKED_VALUES","PHOTOREALISTIC_3D_CONTEXT_PLUS_SOURCE_DIMENSIONS"
"AP_DAM_WRIS_AP01MH0015","Kalangi Dam","dam","Chittoor","13.60794554","79.79502307","2","L1_SOURCE_BACKED_PENDING_ASSET_MODEL","NO_ASSET_SPECIFIC_MODEL","0","","","D:\simras-digital-twin-repository\simras-digital-twin\data\reality_twin\all_assets\AP_DAM_WRIS_AP01MH0015","CWC / NRLD / India-WRIS / AP WRD","USE_ONLY_SOURCE_BACKED_VALUES","PHOTOREALISTIC_3D_CONTEXT_PLUS_SOURCE_DIMENSIONS"
"AP_DAM_WRIS_AP01LH0041","Kaleti Vagu Reservoir","dam","YSR","14.735","78.45722222","2","L1_SOURCE_BACKED_PENDING_ASSET_MODEL","NO_ASSET_SPECIFIC_MODEL","0","","","D:\simras-digital-twin-repository\simras-digital-twin\data\reality_twin\all_assets\AP_DAM_WRIS_AP01LH0041","CWC / NRLD / India-WRIS / AP WRD","USE_ONLY_SOURCE_BACKED_VALUES","PHOTOREALISTIC_3D_CONTEXT_PLUS_SOURCE_DIMENSIONS"
"AP_DAM_WRIS_D06095","Kalinga Dal Dam","dam","Srikakulam","18.94762939","84.43538905","2","L1_SOURCE_BACKED_PENDING_ASSET_MODEL","NO_ASSET_SPECIFIC_MODEL","0","","","D:\simras-digital-twin-repository\simras-digital-twin\data\reality_twin\all_assets\AP_DAM_WRIS_D06095","CWC / NRLD / India-WRIS / AP WRD","USE_ONLY_SOURCE_BACKED_VALUES","PHOTOREALISTIC_3D_CONTEXT_PLUS_SOURCE_DIMENSIONS"
"AP_DAM_NWDP_AP01HH0040","Kalyani Dam","dam","Tirupati","13.6575477","79.2692838","2","L1_SOURCE_BACKED_PENDING_ASSET_MODEL","NO_ASSET_SPECIFIC_MODEL","0","","","D:\simras-digital-twin-repository\simras-digital-twin\data\reality_twin\all_assets\AP_DAM_NWDP_AP01HH0040","CWC / NRLD / India-WRIS / AP WRD","USE_ONLY_SOURCE_BACKED_VALUES","PHOTOREALISTIC_3D_CONTEXT_PLUS_SOURCE_DIMENSIONS"
"AP_DAM_WRIS_AP01LH0098","Kampasamudram New Dam","dam","Sri Potti Sriramulu Nellore","14.78965363","79.24861601","2","L1_SOURCE_BACKED_PENDING_ASSET_MODEL","NO_ASSET_SPECIFIC_MODEL","0","","","D:\simras-digital-twin-repository\simras-digital-twin\data\reality_twin\all_assets\AP_DAM_WRIS_AP01LH0098","CWC / NRLD / India-WRIS / AP WRD","USE_ONLY_SOURCE_BACKED_VALUES","PHOTOREALISTIC_3D_CONTEXT_PLUS_SOURCE_DIMENSIONS"
"AP_DAM_WRIS_AP01HH0133","Kandaleru /Kandaleru Dam","dam","Sri Potti Sriramulu Nellore","14.33612279","79.62390336","2","L1_SOURCE_BACKED_PENDING_ASSET_MODEL","NO_ASSET_SPECIFIC_MODEL","0","","","D:\simras-digital-twin-repository\simras-digital-twin\data\reality_twin\all_assets\AP_DAM_WRIS_AP01HH0133","CWC / NRLD / India-WRIS / AP WRD","USE_ONLY_SOURCE_BACKED_VALUES","PHOTOREALISTIC_3D_CONTEXT_PLUS_SOURCE_DIMENSIONS"
"AP_DAM_WRIS_D06351","Kanelal Tank","dam","Anantapur","14.80138504","77.06886359","2","L1_SOURCE_BACKED_PENDING_ASSET_MODEL","NO_ASSET_SPECIFIC_MODEL","0","","","D:\simras-digital-twin-repository\simras-digital-twin\data\reality_twin\all_assets\AP_DAM_WRIS_D06351","CWC / NRLD / India-WRIS / AP WRD","USE_ONLY_SOURCE_BACKED_VALUES","PHOTOREALISTIC_3D_CONTEXT_PLUS_SOURCE_DIMENSIONS"
"AP_DAM_WRIS_D00719","Kanigiri Dam","dam","Sri Potti Sriramulu Nellore","14.54733101","79.853524","2","L1_SOURCE_BACKED_PENDING_ASSET_MODEL","NO_ASSET_SPECIFIC_MODEL","0","","","D:\simras-digital-twin-repository\simras-digital-twin\data\reality_twin\all_assets\AP_DAM_WRIS_D00719","CWC / NRLD / India-WRIS / AP WRD","USE_ONLY_SOURCE_BACKED_VALUES","PHOTOREALISTIC_3D_CONTEXT_PLUS_SOURCE_DIMENSIONS"
"AP_DAM_WRIS_AP01LH0099","Koduru Reservoir","dam","Anantapur","13.86472222","77.72611111","2","L1_SOURCE_BACKED_PENDING_ASSET_MODEL","NO_ASSET_SPECIFIC_MODEL","0","","","D:\simras-digital-twin-repository\simras-digital-twin\data\reality_twin\all_assets\AP_DAM_WRIS_AP01LH0099","CWC / NRLD / India-WRIS / AP WRD","USE_ONLY_SOURCE_BACKED_VALUES","PHOTOREALISTIC_3D_CONTEXT_PLUS_SOURCE_DIMENSIONS"
"AP_DAM_WRIS_AP01MH0056","Konam Dam","dam","Visakhapatnam","17.96612358","82.85416886","2","L1_SOURCE_BACKED_PENDING_ASSET_MODEL","NO_ASSET_SPECIFIC_MODEL","0","","","D:\simras-digital-twin-repository\simras-digital-twin\data\reality_twin\all_assets\AP_DAM_WRIS_AP01MH0056","CWC / NRLD / India-WRIS / AP WRD","USE_ONLY_SOURCE_BACKED_VALUES","PHOTOREALISTIC_3D_CONTEXT_PLUS_SOURCE_DIMENSIONS"
"AP_DAM_WRIS_D02041","Kovvadakalva Dam","dam","West Godavari","17.19816059","81.5079656","2","L1_SOURCE_BACKED_PENDING_ASSET_MODEL","NO_ASSET_SPECIFIC_MODEL","0","","","D:\simras-digital-twin-repository\simras-digital-twin\data\reality_twin\all_assets\AP_DAM_WRIS_D02041","CWC / NRLD / India-WRIS / AP WRD","USE_ONLY_SOURCE_BACKED_VALUES","PHOTOREALISTIC_3D_CONTEXT_PLUS_SOURCE_DIMENSIONS"
"AP_DAM_WRIS_AP01MH0052","Krishnapuram (Chittor) Dam","dam","Chittoor","13.36900447","79.35319891","2","L1_SOURCE_BACKED_PENDING_ASSET_MODEL","NO_ASSET_SPECIFIC_MODEL","0","","","D:\simras-digital-twin-repository\simras-digital-twin\data\reality_twin\all_assets\AP_DAM_WRIS_AP01MH0052","CWC / NRLD / India-WRIS / AP WRD","USE_ONLY_SOURCE_BACKED_VALUES","PHOTOREALISTIC_3D_CONTEXT_PLUS_SOURCE_DIMENSIONS"
"AP_DAM_WRIS_AP01HH0169","Kumaradhara Pushpadhara
Dam","dam","Chittoor","13.72861111","79.325","2","L1_SOURCE_BACKED_PENDING_ASSET_MODEL","NO_ASSET_SPECIFIC_MODEL","0","","","D:\simras-digital-twin-repository\simras-digital-twin\data\reality_twin\all_assets\AP_DAM_WRIS_AP01HH0169","CWC / NRLD / India-WRIS / AP WRD","USE_ONLY_SOURCE_BACKED_VALUES","PHOTOREALISTIC_3D_CONTEXT_PLUS_SOURCE_DIMENSIONS"
"AP_DAM_WRIS_D02317","Kumili Dam","dam","Vizianagaram","18.12159194","83.51407376","2","L1_SOURCE_BACKED_PENDING_ASSET_MODEL","NO_ASSET_SPECIFIC_MODEL","0","","","D:\simras-digital-twin-repository\simras-digital-twin\data\reality_twin\all_assets\AP_DAM_WRIS_D02317","CWC / NRLD / India-WRIS / AP WRD","USE_ONLY_SOURCE_BACKED_VALUES","PHOTOREALISTIC_3D_CONTEXT_PLUS_SOURCE_DIMENSIONS"
"AP_DAM_WRIS_AP01MH0100","Kushavathi Dam","dam","Y.S.R.","13.975491","78.52705451","2","L1_SOURCE_BACKED_PENDING_ASSET_MODEL","NO_ASSET_SPECIFIC_MODEL","0","","","D:\simras-digital-twin-repository\simras-digital-twin\data\reality_twin\all_assets\AP_DAM_WRIS_AP01MH0100","CWC / NRLD / India-WRIS / AP WRD","USE_ONLY_SOURCE_BACKED_VALUES","PHOTOREALISTIC_3D_CONTEXT_PLUS_SOURCE_DIMENSIONS"
"AP_DAM_WRIS_D02086","Lower Sagileru Dam","dam","Y.S.R.","14.95356084","78.94818736","2","L1_SOURCE_BACKED_PENDING_ASSET_MODEL","NO_ASSET_SPECIFIC_MODEL","0","","","D:\simras-digital-twin-repository\simras-digital-twin\data\reality_twin\all_assets\AP_DAM_WRIS_D02086","CWC / NRLD / India-WRIS / AP WRD","USE_ONLY_SOURCE_BACKED_VALUES","PHOTOREALISTIC_3D_CONTEXT_PLUS_SOURCE_DIMENSIONS"
"AP_DAM_WRIS_AP01LH0102","Madakasira Dam","dam","Anantapur","13.92755361","77.2473022","2","L1_SOURCE_BACKED_PENDING_ASSET_MODEL","NO_ASSET_SPECIFIC_MODEL","0","","","D:\simras-digital-twin-repository\simras-digital-twin\data\reality_twin\all_assets\AP_DAM_WRIS_AP01LH0102","CWC / NRLD / India-WRIS / AP WRD","USE_ONLY_SOURCE_BACKED_VALUES","PHOTOREALISTIC_3D_CONTEXT_PLUS_SOURCE_DIMENSIONS"
"AP_DAM_WRIS_AP01MH0078","Maddigedda Dam","dam","East Godavari","17.48579608","82.01205806","2","L1_SOURCE_BACKED_PENDING_ASSET_MODEL","NO_ASSET_SPECIFIC_MODEL","0","","","D:\simras-digital-twin-repository\simras-digital-twin\data\reality_twin\all_assets\AP_DAM_WRIS_AP01MH0078","CWC / NRLD / India-WRIS / AP WRD","USE_ONLY_SOURCE_BACKED_VALUES","PHOTOREALISTIC_3D_CONTEXT_PLUS_SOURCE_DIMENSIONS"
"AP_DAM_WRIS_AP01MH0075","Madduvalasa Dam","dam","Srikakulam","18.58732798","83.61923487","2","L1_SOURCE_BACKED_PENDING_ASSET_MODEL","NO_ASSET_SPECIFIC_MODEL","0","","","D:\simras-digital-twin-repository\simras-digital-twin\data\reality_twin\all_assets\AP_DAM_WRIS_AP01MH0075","CWC / NRLD / India-WRIS / AP WRD","USE_ONLY_SOURCE_BACKED_VALUES","PHOTOREALISTIC_3D_CONTEXT_PLUS_SOURCE_DIMENSIONS"
"AP_DAM_NWDP_AP01MH0135","Mallemadugu","dam","Tirupati","13.6808173","79.5277787","2","L1_SOURCE_BACKED_PENDING_ASSET_MODEL","NO_ASSET_SPECIFIC_MODEL","0","","","D:\simras-digital-twin-repository\simras-digital-twin\data\reality_twin\all_assets\AP_DAM_NWDP_AP01MH0135","CWC / NRLD / India-WRIS / AP WRD","USE_ONLY_SOURCE_BACKED_VALUES","PHOTOREALISTIC_3D_CONTEXT_PLUS_SOURCE_DIMENSIONS"
"AP_DAM_WRIS_AP01LH0136","Marala Dam","dam","Anantapur","14.29402569","77.91749909","2","L1_SOURCE_BACKED_PENDING_ASSET_MODEL","NO_ASSET_SPECIFIC_MODEL","0","","","D:\simras-digital-twin-repository\simras-digital-twin\data\reality_twin\all_assets\AP_DAM_WRIS_AP01LH0136","CWC / NRLD / India-WRIS / AP WRD","USE_ONLY_SOURCE_BACKED_VALUES","PHOTOREALISTIC_3D_CONTEXT_PLUS_SOURCE_DIMENSIONS"
"AP_DAM_WRIS_AP01LH0006","Markapur  Tank","dam","Prakasam","15.73166667","79.27777778","2","L1_SOURCE_BACKED_PENDING_ASSET_MODEL","NO_ASSET_SPECIFIC_MODEL","0","","","D:\simras-digital-twin-repository\simras-digital-twin\data\reality_twin\all_assets\AP_DAM_WRIS_AP01LH0006","CWC / NRLD / India-WRIS / AP WRD","USE_ONLY_SOURCE_BACKED_VALUES","PHOTOREALISTIC_3D_CONTEXT_PLUS_SOURCE_DIMENSIONS"
"AP_DAM_WRIS_D06353","Matchukota Balancing Reservoir","dam","Anantapur","14.822925","77.878639","2","L1_SOURCE_BACKED_PENDING_ASSET_MODEL","NO_ASSET_SPECIFIC_MODEL","0","","","D:\simras-digital-twin-repository\simras-digital-twin\data\reality_twin\all_assets\AP_DAM_WRIS_D06353","CWC / NRLD / India-WRIS / AP WRD","USE_ONLY_SOURCE_BACKED_VALUES","PHOTOREALISTIC_3D_CONTEXT_PLUS_SOURCE_DIMENSIONS"
"AP_DAM_WRIS_AP01MH0042","Mehadrigedda","dam","Visakhapatnam","17.765","83.19083333","2","L1_SOURCE_BACKED_PENDING_ASSET_MODEL","NO_ASSET_SPECIFIC_MODEL","0","","","D:\simras-digital-twin-repository\simras-digital-twin\data\reality_twin\all_assets\AP_DAM_WRIS_AP01MH0042","CWC / NRLD / India-WRIS / AP WRD","USE_ONLY_SOURCE_BACKED_VALUES","PHOTOREALISTIC_3D_CONTEXT_PLUS_SOURCE_DIMENSIONS"
"AP_DAM_WRIS_D06026","Midpennar Stage-I/Mid-Pennar Dam","dam","Anantapur","14.87087862","77.40949728","2","L1_SOURCE_BACKED_PENDING_ASSET_MODEL","NO_ASSET_SPECIFIC_MODEL","0","","","D:\simras-digital-twin-repository\simras-digital-twin\data\reality_twin\all_assets\AP_DAM_WRIS_D06026","CWC / NRLD / India-WRIS / AP WRD","USE_ONLY_SOURCE_BACKED_VALUES","PHOTOREALISTIC_3D_CONTEXT_PLUS_SOURCE_DIMENSIONS"
"AP_DAM_WRIS_AP01MH0004","Mopadu Dam","dam","Prakasam","15.1062066","79.48193501","2","L1_SOURCE_BACKED_PENDING_ASSET_MODEL","NO_ASSET_SPECIFIC_MODEL","0","","","D:\simras-digital-twin-repository\simras-digital-twin\data\reality_twin\all_assets\AP_DAM_WRIS_AP01MH0004","CWC / NRLD / India-WRIS / AP WRD","USE_ONLY_SOURCE_BACKED_VALUES","PHOTOREALISTIC_3D_CONTEXT_PLUS_SOURCE_DIMENSIONS"
"AP_DAM_WRIS_AP01MH0036","Muraripalli / Mararipalli Dam","dam","Prakasam","16.05434157","79.33638759","2","L1_SOURCE_BACKED_PENDING_ASSET_MODEL","NO_ASSET_SPECIFIC_MODEL","0","","","D:\simras-digital-twin-repository\simras-digital-twin\data\reality_twin\all_assets\AP_DAM_WRIS_AP01MH0036","CWC / NRLD / India-WRIS / AP WRD","USE_ONLY_SOURCE_BACKED_VALUES","PHOTOREALISTIC_3D_CONTEXT_PLUS_SOURCE_DIMENSIONS"
"AP_DAM_WRIS_AP01HH0137","Musurumilli /Musurmilli Dam","dam","East Godavari","17.38000725","81.76728038","2","L1_SOURCE_BACKED_PENDING_ASSET_MODEL","NO_ASSET_SPECIFIC_MODEL","0","","","D:\simras-digital-twin-repository\simras-digital-twin\data\reality_twin\all_assets\AP_DAM_WRIS_AP01HH0137","CWC / NRLD / India-WRIS / AP WRD","USE_ONLY_SOURCE_BACKED_VALUES","PHOTOREALISTIC_3D_CONTEXT_PLUS_SOURCE_DIMENSIONS"
"AP_DAM_WRIS_AP01LH0103","Muthyalacheruvu","dam","Anantapur","14.09944444","78.08305556","2","L1_SOURCE_BACKED_PENDING_ASSET_MODEL","NO_ASSET_SPECIFIC_MODEL","0","","","D:\simras-digital-twin-repository\simras-digital-twin\data\reality_twin\all_assets\AP_DAM_WRIS_AP01LH0103","CWC / NRLD / India-WRIS / AP WRD","USE_ONLY_SOURCE_BACKED_VALUES","PHOTOREALISTIC_3D_CONTEXT_PLUS_SOURCE_DIMENSIONS"
"AP_DAM_WRIS_AP01MH0058","Mylavaram Dam","dam","Y.S.R.","14.84951961","78.34061776","2","L1_SOURCE_BACKED_PENDING_ASSET_MODEL","NO_ASSET_SPECIFIC_MODEL","0","","","D:\simras-digital-twin-repository\simras-digital-twin\data\reality_twin\all_assets\AP_DAM_WRIS_AP01MH0058","CWC / NRLD / India-WRIS / AP WRD","USE_ONLY_SOURCE_BACKED_VALUES","PHOTOREALISTIC_3D_CONTEXT_PLUS_SOURCE_DIMENSIONS"
"AP_DAM_WRIS_AP01MH0138","N.T.R. , Thatiparthi(V), Madugula (M) Dam","dam","Visakhapatnam","17.93626096","82.76787008","2","L1_SOURCE_BACKED_PENDING_ASSET_MODEL","NO_ASSET_SPECIFIC_MODEL","0","","","D:\simras-digital-twin-repository\simras-digital-twin\data\reality_twin\all_assets\AP_DAM_WRIS_AP01MH0138","CWC / NRLD / India-WRIS / AP WRD","USE_ONLY_SOURCE_BACKED_VALUES","PHOTOREALISTIC_3D_CONTEXT_PLUS_SOURCE_DIMENSIONS"
"AP_DAM_WRIS_AP01MH0083","N.T.R. T.G.P-Subsidiary
Reservoir  No 1","dam","YSR","14.825","78.75","2","L1_SOURCE_BACKED_PENDING_ASSET_MODEL","NO_ASSET_SPECIFIC_MODEL","0","","","D:\simras-digital-twin-repository\simras-digital-twin\data\reality_twin\all_assets\AP_DAM_WRIS_AP01MH0083","CWC / NRLD / India-WRIS / AP WRD","USE_ONLY_SOURCE_BACKED_VALUES","PHOTOREALISTIC_3D_CONTEXT_PLUS_SOURCE_DIMENSIONS"
"AP_DAM_WRIS_AP01MH0152","N.T.R. T.G.P-Subsidiary
Reservoir  No 2","dam","YSR","14.79027778","78.79861111","2","L1_SOURCE_BACKED_PENDING_ASSET_MODEL","NO_ASSET_SPECIFIC_MODEL","0","","","D:\simras-digital-twin-repository\simras-digital-twin\data\reality_twin\all_assets\AP_DAM_WRIS_AP01MH0152","CWC / NRLD / India-WRIS / AP WRD","USE_ONLY_SOURCE_BACKED_VALUES","PHOTOREALISTIC_3D_CONTEXT_PLUS_SOURCE_DIMENSIONS"
"AP_DAM_WRIS_AP01MH0028","Nagurur Dam","dam","Kurnool","15.5520448","77.29406233","2","L1_SOURCE_BACKED_PENDING_ASSET_MODEL","NO_ASSET_SPECIFIC_MODEL","0","","","D:\simras-digital-twin-repository\simras-digital-twin\data\reality_twin\all_assets\AP_DAM_WRIS_AP01MH0028","CWC / NRLD / India-WRIS / AP WRD","USE_ONLY_SOURCE_BACKED_VALUES","PHOTOREALISTIC_3D_CONTEXT_PLUS_SOURCE_DIMENSIONS"
"AP_DAM_WRIS_AP01MH0010","Nakkalagandi Dam","dam","Sri Potti Sriramulu Nellore","15.05772296","79.37444669","2","L1_SOURCE_BACKED_PENDING_ASSET_MODEL","NO_ASSET_SPECIFIC_MODEL","0","","","D:\simras-digital-twin-repository\simras-digital-twin\data\reality_twin\all_assets\AP_DAM_WRIS_AP01MH0010","CWC / NRLD / India-WRIS / AP WRD","USE_ONLY_SOURCE_BACKED_VALUES","PHOTOREALISTIC_3D_CONTEXT_PLUS_SOURCE_DIMENSIONS"
"AP_DAM_WRIS_D02198","Narayanapuram Dam","dam","Srikakulam","18.48674298","83.80960236","2","L1_SOURCE_BACKED_PENDING_ASSET_MODEL","NO_ASSET_SPECIFIC_MODEL","0","","","D:\simras-digital-twin-repository\simras-digital-twin\data\reality_twin\all_assets\AP_DAM_WRIS_D02198","CWC / NRLD / India-WRIS / AP WRD","USE_ONLY_SOURCE_BACKED_VALUES","PHOTOREALISTIC_3D_CONTEXT_PLUS_SOURCE_DIMENSIONS"
"AP_DAM_WRIS_D00721","Nellore Dam","dam","Sri Potti Sriramulu Nellore","14.45153115","79.95560153","2","L1_SOURCE_BACKED_PENDING_ASSET_MODEL","NO_ASSET_SPECIFIC_MODEL","0","","","D:\simras-digital-twin-repository\simras-digital-twin\data\reality_twin\all_assets\AP_DAM_WRIS_D00721","CWC / NRLD / India-WRIS / AP WRD","USE_ONLY_SOURCE_BACKED_VALUES","PHOTOREALISTIC_3D_CONTEXT_PLUS_SOURCE_DIMENSIONS"
"AP_DAM_WRIS_D06356","P.T.Cheruvu","dam","Anantapur","15.161697","77.504906","2","L1_SOURCE_BACKED_PENDING_ASSET_MODEL","NO_ASSET_SPECIFIC_MODEL","0","","","D:\simras-digital-twin-repository\simras-digital-twin\data\reality_twin\all_assets\AP_DAM_WRIS_D06356","CWC / NRLD / India-WRIS / AP WRD","USE_ONLY_SOURCE_BACKED_VALUES","PHOTOREALISTIC_3D_CONTEXT_PLUS_SOURCE_DIMENSIONS"
"AP_DAM_WRIS_D00963","Paleru ,Owk Dam","dam","Kurnool","15.18621995","78.0970444","2","L1_SOURCE_BACKED_PENDING_ASSET_MODEL","NO_ASSET_SPECIFIC_MODEL","0","","","D:\simras-digital-twin-repository\simras-digital-twin\data\reality_twin\all_assets\AP_DAM_WRIS_D00963","CWC / NRLD / India-WRIS / AP WRD","USE_ONLY_SOURCE_BACKED_VALUES","PHOTOREALISTIC_3D_CONTEXT_PLUS_SOURCE_DIMENSIONS"
"AP_DAM_WRIS_AP01MH0046","Pampa Dam","dam","East Godavari","17.28731254","82.40752984","2","L1_SOURCE_BACKED_PENDING_ASSET_MODEL","NO_ASSET_SPECIFIC_MODEL","0","","","D:\simras-digital-twin-repository\simras-digital-twin\data\reality_twin\all_assets\AP_DAM_WRIS_AP01MH0046","CWC / NRLD / India-WRIS / AP WRD","USE_ONLY_SOURCE_BACKED_VALUES","PHOTOREALISTIC_3D_CONTEXT_PLUS_SOURCE_DIMENSIONS"
"AP_DAM_WRIS_AP01LH0104","Panthulu Cheruvu Dam","dam","Anantapur","14.04016839","78.1465663","2","L1_SOURCE_BACKED_PENDING_ASSET_MODEL","NO_ASSET_SPECIFIC_MODEL","0","","","D:\simras-digital-twin-repository\simras-digital-twin\data\reality_twin\all_assets\AP_DAM_WRIS_AP01LH0104","CWC / NRLD / India-WRIS / AP WRD","USE_ONLY_SOURCE_BACKED_VALUES","PHOTOREALISTIC_3D_CONTEXT_PLUS_SOURCE_DIMENSIONS"
"AP_DAM_WRIS_AP01HH0060","Papavinasanam Dam","dam","Chittoor","13.71944444","79.34361111","2","L1_SOURCE_BACKED_PENDING_ASSET_MODEL","NO_ASSET_SPECIFIC_MODEL","0","","","D:\simras-digital-twin-repository\simras-digital-twin\data\reality_twin\all_assets\AP_DAM_WRIS_AP01HH0060","CWC / NRLD / India-WRIS / AP WRD","USE_ONLY_SOURCE_BACKED_VALUES","PHOTOREALISTIC_3D_CONTEXT_PLUS_SOURCE_DIMENSIONS"
"AP_DAM_WRIS_AP01LH0105","Pattikondavanka, Guttava","dam","Chittoor","13.47666667","79.83972222","2","L1_SOURCE_BACKED_PENDING_ASSET_MODEL","NO_ASSET_SPECIFIC_MODEL","0","","","D:\simras-digital-twin-repository\simras-digital-twin\data\reality_twin\all_assets\AP_DAM_WRIS_AP01LH0105","CWC / NRLD / India-WRIS / AP WRD","USE_ONLY_SOURCE_BACKED_VALUES","PHOTOREALISTIC_3D_CONTEXT_PLUS_SOURCE_DIMENSIONS"
"AP_DAM_WRIS_AP01LH0106","Paya Cheruvu Dam","dam","Chittoor","13.44169496","78.44984365","2","L1_SOURCE_BACKED_PENDING_ASSET_MODEL","NO_ASSET_SPECIFIC_MODEL","0","","","D:\simras-digital-twin-repository\simras-digital-twin\data\reality_twin\all_assets\AP_DAM_WRIS_AP01LH0106","CWC / NRLD / India-WRIS / AP WRD","USE_ONLY_SOURCE_BACKED_VALUES","PHOTOREALISTIC_3D_CONTEXT_PLUS_SOURCE_DIMENSIONS"
"AP_DAM_WRIS_AP01LH0070","Pedaballi Dam","dam","Anantapur","13.96924829","78.38503034","2","L1_SOURCE_BACKED_PENDING_ASSET_MODEL","NO_ASSET_SPECIFIC_MODEL","0","","","D:\simras-digital-twin-repository\simras-digital-twin\data\reality_twin\all_assets\AP_DAM_WRIS_AP01LH0070","CWC / NRLD / India-WRIS / AP WRD","USE_ONLY_SOURCE_BACKED_VALUES","PHOTOREALISTIC_3D_CONTEXT_PLUS_SOURCE_DIMENSIONS"
"AP_DAM_WRIS_AP01LH0037","Pedda Cheruvu , Nagasamudram Dam","dam","Anantapur","14.30875678","77.65125139","2","L1_SOURCE_BACKED_PENDING_ASSET_MODEL","NO_ASSET_SPECIFIC_MODEL","0","","","D:\simras-digital-twin-repository\simras-digital-twin\data\reality_twin\all_assets\AP_DAM_WRIS_AP01LH0037","CWC / NRLD / India-WRIS / AP WRD","USE_ONLY_SOURCE_BACKED_VALUES","PHOTOREALISTIC_3D_CONTEXT_PLUS_SOURCE_DIMENSIONS"
"AP_DAM_WRIS_AP01LH0108","Pedda Rayala Cheruvu Dam","dam","Chittoor","13.33696958","78.72407397","2","L1_SOURCE_BACKED_PENDING_ASSET_MODEL","NO_ASSET_SPECIFIC_MODEL","0","","","D:\simras-digital-twin-repository\simras-digital-twin\data\reality_twin\all_assets\AP_DAM_WRIS_AP01LH0108","CWC / NRLD / India-WRIS / AP WRD","USE_ONLY_SOURCE_BACKED_VALUES","PHOTOREALISTIC_3D_CONTEXT_PLUS_SOURCE_DIMENSIONS"
"AP_DAM_WRIS_AP01MH0109","Pedda Tippa Samudram Dam","dam","Chittoor","13.70244114","78.20273467","2","L1_SOURCE_BACKED_PENDING_ASSET_MODEL","NO_ASSET_SPECIFIC_MODEL","0","","","D:\simras-digital-twin-repository\simras-digital-twin\data\reality_twin\all_assets\AP_DAM_WRIS_AP01MH0109","CWC / NRLD / India-WRIS / AP WRD","USE_ONLY_SOURCE_BACKED_VALUES","PHOTOREALISTIC_3D_CONTEXT_PLUS_SOURCE_DIMENSIONS"
"AP_DAM_WRIS_AP01LH0107","Peddabadava, Tulasikrishan Dam","dam","Chittoor","13.46881704","79.74263737","2","L1_SOURCE_BACKED_PENDING_ASSET_MODEL","NO_ASSET_SPECIFIC_MODEL","0","","","D:\simras-digital-twin-repository\simras-digital-twin\data\reality_twin\all_assets\AP_DAM_WRIS_AP01LH0107","CWC / NRLD / India-WRIS / AP WRD","USE_ONLY_SOURCE_BACKED_VALUES","PHOTOREALISTIC_3D_CONTEXT_PLUS_SOURCE_DIMENSIONS"
"AP_DAM_WRIS_AP01MH0044","Peddabommalapuram
Reservoir","dam","Prakasam","15.95833333","79.13611111","2","L1_SOURCE_BACKED_PENDING_ASSET_MODEL","NO_ASSET_SPECIFIC_MODEL","0","","","D:\simras-digital-twin-repository\simras-digital-twin\data\reality_twin\all_assets\AP_DAM_WRIS_AP01MH0044","CWC / NRLD / India-WRIS / AP WRD","USE_ONLY_SOURCE_BACKED_VALUES","PHOTOREALISTIC_3D_CONTEXT_PLUS_SOURCE_DIMENSIONS"
"AP_DAM_WRIS_AP01MH0140","Peddagedda Dam","dam","Vizianagaram","18.47038458","83.11297336","2","L1_SOURCE_BACKED_PENDING_ASSET_MODEL","NO_ASSET_SPECIFIC_MODEL","0","","","D:\simras-digital-twin-repository\simras-digital-twin\data\reality_twin\all_assets\AP_DAM_WRIS_AP01MH0140","CWC / NRLD / India-WRIS / AP WRD","USE_ONLY_SOURCE_BACKED_VALUES","PHOTOREALISTIC_3D_CONTEXT_PLUS_SOURCE_DIMENSIONS"
"AP_DAM_WRIS_D04538","Peddayetivanka, Annupal Dam","dam","Chittoor","13.48189794","79.27742307","2","L1_SOURCE_BACKED_PENDING_ASSET_MODEL","NO_ASSET_SPECIFIC_MODEL","0","","","D:\simras-digital-twin-repository\simras-digital-twin\data\reality_twin\all_assets\AP_DAM_WRIS_D04538","CWC / NRLD / India-WRIS / AP WRD","USE_ONLY_SOURCE_BACKED_VALUES","PHOTOREALISTIC_3D_CONTEXT_PLUS_SOURCE_DIMENSIONS"
"AP_DAM_NWDP_AP01HH0049","Pedderu","dam","Annamayya","13.8843638","78.3705165","2","L1_SOURCE_BACKED_PENDING_ASSET_MODEL","NO_ASSET_SPECIFIC_MODEL","0","","","D:\simras-digital-twin-repository\simras-digital-twin\data\reality_twin\all_assets\AP_DAM_NWDP_AP01HH0049","CWC / NRLD / India-WRIS / AP WRD","USE_ONLY_SOURCE_BACKED_VALUES","PHOTOREALISTIC_3D_CONTEXT_PLUS_SOURCE_DIMENSIONS"
"AP_DAM_WRIS_D06352","Pendekallu","dam","Anantapur","14.97256939","77.86948879","2","L1_SOURCE_BACKED_PENDING_ASSET_MODEL","NO_ASSET_SPECIFIC_MODEL","0","","","D:\simras-digital-twin-repository\simras-digital-twin\data\reality_twin\all_assets\AP_DAM_WRIS_D06352","CWC / NRLD / India-WRIS / AP WRD","USE_ONLY_SOURCE_BACKED_VALUES","PHOTOREALISTIC_3D_CONTEXT_PLUS_SOURCE_DIMENSIONS"
"AP_DAM_WRIS_AP01LH0067","Pendlur Dam","dam","Y.S.R.","14.42631049","78.35909599","2","L1_SOURCE_BACKED_PENDING_ASSET_MODEL","NO_ASSET_SPECIFIC_MODEL","0","","","D:\simras-digital-twin-repository\simras-digital-twin\data\reality_twin\all_assets\AP_DAM_WRIS_AP01LH0067","CWC / NRLD / India-WRIS / AP WRD","USE_ONLY_SOURCE_BACKED_VALUES","PHOTOREALISTIC_3D_CONTEXT_PLUS_SOURCE_DIMENSIONS"
"AP_DAM_WRIS_AP01LH0111","Peruru Dam","dam","Chittoor","13.60787188","79.37578004","2","L1_SOURCE_BACKED_PENDING_ASSET_MODEL","NO_ASSET_SPECIFIC_MODEL","0","","","D:\simras-digital-twin-repository\simras-digital-twin\data\reality_twin\all_assets\AP_DAM_WRIS_AP01LH0111","CWC / NRLD / India-WRIS / AP WRD","USE_ONLY_SOURCE_BACKED_VALUES","PHOTOREALISTIC_3D_CONTEXT_PLUS_SOURCE_DIMENSIONS"
"AP_DAM_WRIS_AP01MH0016","Pincha Dam","dam","Y.S.R.","13.90914116","78.99995959","2","L1_SOURCE_BACKED_PENDING_ASSET_MODEL","NO_ASSET_SPECIFIC_MODEL","0","","","D:\simras-digital-twin-repository\simras-digital-twin\data\reality_twin\all_assets\AP_DAM_WRIS_AP01MH0016","CWC / NRLD / India-WRIS / AP WRD","USE_ONLY_SOURCE_BACKED_VALUES","PHOTOREALISTIC_3D_CONTEXT_PLUS_SOURCE_DIMENSIONS"
"AP_DAM_WRIS_AP01LH0045","Pittakayagulla Dam","dam","Prakasam","15.47805825","79.12404685","2","L1_SOURCE_BACKED_PENDING_ASSET_MODEL","NO_ASSET_SPECIFIC_MODEL","0","","","D:\simras-digital-twin-repository\simras-digital-twin\data\reality_twin\all_assets\AP_DAM_WRIS_AP01LH0045","CWC / NRLD / India-WRIS / AP WRD","USE_ONLY_SOURCE_BACKED_VALUES","PHOTOREALISTIC_3D_CONTEXT_PLUS_SOURCE_DIMENSIONS"
"AP_DAM_WRIS_AP01HH0159","Ps Velegonda Project Kakarla
Dam","dam","Prakasam","15.65833333","79.17944444","2","L1_SOURCE_BACKED_PENDING_ASSET_MODEL","NO_ASSET_SPECIFIC_MODEL","0","","","D:\simras-digital-twin-repository\simras-digital-twin\data\reality_twin\all_assets\AP_DAM_WRIS_AP01HH0159","CWC / NRLD / India-WRIS / AP WRD","USE_ONLY_SOURCE_BACKED_VALUES","PHOTOREALISTIC_3D_CONTEXT_PLUS_SOURCE_DIMENSIONS"
"AP_DAM_WRIS_D06327","Pulichintala","dam","Nalgonda","16.77085143","80.05657579","2","L1_SOURCE_BACKED_PENDING_ASSET_MODEL","NO_ASSET_SPECIFIC_MODEL","0","","","D:\simras-digital-twin-repository\simras-digital-twin\data\reality_twin\all_assets\AP_DAM_WRIS_D06327","CWC / NRLD / India-WRIS / AP WRD","USE_ONLY_SOURCE_BACKED_VALUES","PHOTOREALISTIC_3D_CONTEXT_PLUS_SOURCE_DIMENSIONS"
"AP_DAM_WRIS_AP01MH0053","Raiwada Dam","dam","Visakhapatnam","18.00663975","82.96579849","2","L1_SOURCE_BACKED_PENDING_ASSET_MODEL","NO_ASSET_SPECIFIC_MODEL","0","","","D:\simras-digital-twin-repository\simras-digital-twin\data\reality_twin\all_assets\AP_DAM_WRIS_AP01MH0053","CWC / NRLD / India-WRIS / AP WRD","USE_ONLY_SOURCE_BACKED_VALUES","PHOTOREALISTIC_3D_CONTEXT_PLUS_SOURCE_DIMENSIONS"
"AP_DAM_WRIS_AP01LH0113","Rallakalva, Kaliyambaka","dam","Chittoor","13.32166667","79.73638889","2","L1_SOURCE_BACKED_PENDING_ASSET_MODEL","NO_ASSET_SPECIFIC_MODEL","0","","","D:\simras-digital-twin-repository\simras-digital-twin\data\reality_twin\all_assets\AP_DAM_WRIS_AP01LH0113","CWC / NRLD / India-WRIS / AP WRD","USE_ONLY_SOURCE_BACKED_VALUES","PHOTOREALISTIC_3D_CONTEXT_PLUS_SOURCE_DIMENSIONS"
"AP_DAM_WRIS_AP01LH0013","Rallapadu Dam","dam","Prakasam","15.05547117","79.71923441","2","L1_SOURCE_BACKED_PENDING_ASSET_MODEL","NO_ASSET_SPECIFIC_MODEL","0","","","D:\simras-digital-twin-repository\simras-digital-twin\data\reality_twin\all_assets\AP_DAM_WRIS_AP01LH0013","CWC / NRLD / India-WRIS / AP WRD","USE_ONLY_SOURCE_BACKED_VALUES","PHOTOREALISTIC_3D_CONTEXT_PLUS_SOURCE_DIMENSIONS"
"AP_DAM_WRIS_D06139","Ramathirtham Dam","dam","Prakasam","15.62797397","79.79613879","2","L1_SOURCE_BACKED_PENDING_ASSET_MODEL","NO_ASSET_SPECIFIC_MODEL","0","","","D:\simras-digital-twin-repository\simras-digital-twin\data\reality_twin\all_assets\AP_DAM_WRIS_D06139","CWC / NRLD / India-WRIS / AP WRD","USE_ONLY_SOURCE_BACKED_VALUES","PHOTOREALISTIC_3D_CONTEXT_PLUS_SOURCE_DIMENSIONS"
"AP_DAM_WRIS_AP01MH0114","Rao Cheruvu,  Rajupalem","dam","YSR","15.15972222","78.94194444","2","L1_SOURCE_BACKED_PENDING_ASSET_MODEL","NO_ASSET_SPECIFIC_MODEL","0","","","D:\simras-digital-twin-repository\simras-digital-twin\data\reality_twin\all_assets\AP_DAM_WRIS_AP01MH0114","CWC / NRLD / India-WRIS / AP WRD","USE_ONLY_SOURCE_BACKED_VALUES","PHOTOREALISTIC_3D_CONTEXT_PLUS_SOURCE_DIMENSIONS"
"AP_DAM_WRIS_AP01LH0115","Rayalacheruvu Dam","dam","Anantapur","15.05301066","77.80463519","2","L1_SOURCE_BACKED_PENDING_ASSET_MODEL","NO_ASSET_SPECIFIC_MODEL","0","","","D:\simras-digital-twin-repository\simras-digital-twin\data\reality_twin\all_assets\AP_DAM_WRIS_AP01LH0115","CWC / NRLD / India-WRIS / AP WRD","USE_ONLY_SOURCE_BACKED_VALUES","PHOTOREALISTIC_3D_CONTEXT_PLUS_SOURCE_DIMENSIONS"
"AP_DAM_WRIS_AP01LH0048","Sadasivakona Dam","dam","Chittoor","13.59367831","79.61823729","2","L1_SOURCE_BACKED_PENDING_ASSET_MODEL","NO_ASSET_SPECIFIC_MODEL","0","","","D:\simras-digital-twin-repository\simras-digital-twin\data\reality_twin\all_assets\AP_DAM_WRIS_AP01LH0048","CWC / NRLD / India-WRIS / AP WRD","USE_ONLY_SOURCE_BACKED_VALUES","PHOTOREALISTIC_3D_CONTEXT_PLUS_SOURCE_DIMENSIONS"
"AP_DAM_WRIS_AP01LH0050","Saddikutimadugu Reservoir","dam","Chittoor","13.44027778","79.84416667","2","L1_SOURCE_BACKED_PENDING_ASSET_MODEL","NO_ASSET_SPECIFIC_MODEL","0","","","D:\simras-digital-twin-repository\simras-digital-twin\data\reality_twin\all_assets\AP_DAM_WRIS_AP01LH0050","CWC / NRLD / India-WRIS / AP WRD","USE_ONLY_SOURCE_BACKED_VALUES","PHOTOREALISTIC_3D_CONTEXT_PLUS_SOURCE_DIMENSIONS"
"AP_DAM_WRIS_AP01LH0071","Sancherla Dam","dam","Y.S.R.","15.1482259","79.02396218","2","L1_SOURCE_BACKED_PENDING_ASSET_MODEL","NO_ASSET_SPECIFIC_MODEL","0","","","D:\simras-digital-twin-repository\simras-digital-twin\data\reality_twin\all_assets\AP_DAM_WRIS_AP01LH0071","CWC / NRLD / India-WRIS / AP WRD","USE_ONLY_SOURCE_BACKED_VALUES","PHOTOREALISTIC_3D_CONTEXT_PLUS_SOURCE_DIMENSIONS"
"AP_DAM_WRIS_AP01LH0116","Sankarayalapeta Dam","dam","Chittoor","13.22900941","78.60804951","2","L1_SOURCE_BACKED_PENDING_ASSET_MODEL","NO_ASSET_SPECIFIC_MODEL","0","","","D:\simras-digital-twin-repository\simras-digital-twin\data\reality_twin\all_assets\AP_DAM_WRIS_AP01LH0116","CWC / NRLD / India-WRIS / AP WRD","USE_ONLY_SOURCE_BACKED_VALUES","PHOTOREALISTIC_3D_CONTEXT_PLUS_SOURCE_DIMENSIONS"
"AP_DAM_WRIS_AP01LH0061","Savisettipalli Dam","dam","Y.S.R.","15.00615073","78.8895675","2","L1_SOURCE_BACKED_PENDING_ASSET_MODEL","NO_ASSET_SPECIFIC_MODEL","0","","","D:\simras-digital-twin-repository\simras-digital-twin\data\reality_twin\all_assets\AP_DAM_WRIS_AP01LH0061","CWC / NRLD / India-WRIS / AP WRD","USE_ONLY_SOURCE_BACKED_VALUES","PHOTOREALISTIC_3D_CONTEXT_PLUS_SOURCE_DIMENSIONS"
"AP_DAM_WRIS_AP01LH0117","Seethai Cheru, Seethaipally Dam","dam","Prakasam","16.01945867","79.87626839","2","L1_SOURCE_BACKED_PENDING_ASSET_MODEL","NO_ASSET_SPECIFIC_MODEL","0","","","D:\simras-digital-twin-repository\simras-digital-twin\data\reality_twin\all_assets\AP_DAM_WRIS_AP01LH0117","CWC / NRLD / India-WRIS / AP WRD","USE_ONLY_SOURCE_BACKED_VALUES","PHOTOREALISTIC_3D_CONTEXT_PLUS_SOURCE_DIMENSIONS"
"AP_DAM_WRIS_AP01MH0017","Siddalagandi Dam","dam","Chittoor","13.8314465","79.13996135","2","L1_SOURCE_BACKED_PENDING_ASSET_MODEL","NO_ASSET_SPECIFIC_MODEL","0","","","D:\simras-digital-twin-repository\simras-digital-twin\data\reality_twin\all_assets\AP_DAM_WRIS_AP01MH0017","CWC / NRLD / India-WRIS / AP WRD","USE_ONLY_SOURCE_BACKED_VALUES","PHOTOREALISTIC_3D_CONTEXT_PLUS_SOURCE_DIMENSIONS"
"AP_DAM_WRIS_AP01MH0003","Siddapuram Tank","dam","Kurnool","15.86027778","78.69111111","2","L1_SOURCE_BACKED_PENDING_ASSET_MODEL","NO_ASSET_SPECIFIC_MODEL","0","","","D:\simras-digital-twin-repository\simras-digital-twin\data\reality_twin\all_assets\AP_DAM_WRIS_AP01MH0003","CWC / NRLD / India-WRIS / AP WRD","USE_ONLY_SOURCE_BACKED_VALUES","PHOTOREALISTIC_3D_CONTEXT_PLUS_SOURCE_DIMENSIONS"
"AP_DAM_WRIS_D06393","Spvbs Dam","dam","Y.s.r.","14.80540608","78.88446678","2","L1_SOURCE_BACKED_PENDING_ASSET_MODEL","NO_ASSET_SPECIFIC_MODEL","0","","","D:\simras-digital-twin-repository\simras-digital-twin\data\reality_twin\all_assets\AP_DAM_WRIS_D06393","CWC / NRLD / India-WRIS / AP WRD","USE_ONLY_SOURCE_BACKED_VALUES","PHOTOREALISTIC_3D_CONTEXT_PLUS_SOURCE_DIMENSIONS"
"AP_DAM_WRIS_AP01LH0118","Sreerangarayani Cheruvu Dam","dam","Anantapur","14.78503268","77.71069046","2","L1_SOURCE_BACKED_PENDING_ASSET_MODEL","NO_ASSET_SPECIFIC_MODEL","0","","","D:\simras-digital-twin-repository\simras-digital-twin\data\reality_twin\all_assets\AP_DAM_WRIS_AP01LH0118","CWC / NRLD / India-WRIS / AP WRD","USE_ONLY_SOURCE_BACKED_VALUES","PHOTOREALISTIC_3D_CONTEXT_PLUS_SOURCE_DIMENSIONS"
"AP_DAM_WRIS_D06354","Sri Subbaraya Sagar","dam","Anantapur","14.81486423","77.88915891","2","L1_SOURCE_BACKED_PENDING_ASSET_MODEL","NO_ASSET_SPECIFIC_MODEL","0","","","D:\simras-digital-twin-repository\simras-digital-twin\data\reality_twin\all_assets\AP_DAM_WRIS_D06354","CWC / NRLD / India-WRIS / AP WRD","USE_ONLY_SOURCE_BACKED_VALUES","PHOTOREALISTIC_3D_CONTEXT_PLUS_SOURCE_DIMENSIONS"
"AP_DAM_WRIS_D02215","Sri Tenneti Viswanatham Pedderu Dam","dam","Visakhapatnam","17.89916678","82.69509214","2","L1_SOURCE_BACKED_PENDING_ASSET_MODEL","NO_ASSET_SPECIFIC_MODEL","0","","","D:\simras-digital-twin-repository\simras-digital-twin\data\reality_twin\all_assets\AP_DAM_WRIS_D02215","CWC / NRLD / India-WRIS / AP WRD","USE_ONLY_SOURCE_BACKED_VALUES","PHOTOREALISTIC_3D_CONTEXT_PLUS_SOURCE_DIMENSIONS"
"AP_DAM_WRIS_AP01MH0027","Subba Reddy Sagar","dam","East Godavari","17.33138889","82.20416667","2","L1_SOURCE_BACKED_PENDING_ASSET_MODEL","NO_ASSET_SPECIFIC_MODEL","0","","","D:\simras-digital-twin-repository\simras-digital-twin\data\reality_twin\all_assets\AP_DAM_WRIS_AP01MH0027","CWC / NRLD / India-WRIS / AP WRD","USE_ONLY_SOURCE_BACKED_VALUES","PHOTOREALISTIC_3D_CONTEXT_PLUS_SOURCE_DIMENSIONS"
"AP_DAM_WRIS_D02269","Surampalem Dam","dam","East Godavari","17.3361651","81.90270192","2","L1_SOURCE_BACKED_PENDING_ASSET_MODEL","NO_ASSET_SPECIFIC_MODEL","0","","","D:\simras-digital-twin-repository\simras-digital-twin\data\reality_twin\all_assets\AP_DAM_WRIS_D02269","CWC / NRLD / India-WRIS / AP WRD","USE_ONLY_SOURCE_BACKED_VALUES","PHOTOREALISTIC_3D_CONTEXT_PLUS_SOURCE_DIMENSIONS"
"AP_DAM_WRIS_AP01MH0166","Surempalem Reservoir
Project","dam","East Godavari","17.50611111","81.90472222","2","L1_SOURCE_BACKED_PENDING_ASSET_MODEL","NO_ASSET_SPECIFIC_MODEL","0","","","D:\simras-digital-twin-repository\simras-digital-twin\data\reality_twin\all_assets\AP_DAM_WRIS_AP01MH0166","CWC / NRLD / India-WRIS / AP WRD","USE_ONLY_SOURCE_BACKED_VALUES","PHOTOREALISTIC_3D_CONTEXT_PLUS_SOURCE_DIMENSIONS"
"AP_DAM_WRIS_AP01LH0119","Swamy Tank","dam","Sri Potti Sriramulu Nellore","14.99361111","79.12027778","2","L1_SOURCE_BACKED_PENDING_ASSET_MODEL","NO_ASSET_SPECIFIC_MODEL","0","","","D:\simras-digital-twin-repository\simras-digital-twin\data\reality_twin\all_assets\AP_DAM_WRIS_AP01LH0119","CWC / NRLD / India-WRIS / AP WRD","USE_ONLY_SOURCE_BACKED_VALUES","PHOTOREALISTIC_3D_CONTEXT_PLUS_SOURCE_DIMENSIONS"
"AP_DAM_WRIS_AP01LH0120","T.Sundupalli Dam","dam","Y.S.R.","14.84569329","78.92903757","2","L1_SOURCE_BACKED_PENDING_ASSET_MODEL","NO_ASSET_SPECIFIC_MODEL","0","","","D:\simras-digital-twin-repository\simras-digital-twin\data\reality_twin\all_assets\AP_DAM_WRIS_AP01LH0120","CWC / NRLD / India-WRIS / AP WRD","USE_ONLY_SOURCE_BACKED_VALUES","PHOTOREALISTIC_3D_CONTEXT_PLUS_SOURCE_DIMENSIONS"
"AP_DAM_WRIS_AP01MH0121","Tajangi , Tajangi(V) Dam","dam","Visakhapatnam","17.86966855","82.4961826","2","L1_SOURCE_BACKED_PENDING_ASSET_MODEL","NO_ASSET_SPECIFIC_MODEL","0","","","D:\simras-digital-twin-repository\simras-digital-twin\data\reality_twin\all_assets\AP_DAM_WRIS_AP01MH0121","CWC / NRLD / India-WRIS / AP WRD","USE_ONLY_SOURCE_BACKED_VALUES","PHOTOREALISTIC_3D_CONTEXT_PLUS_SOURCE_DIMENSIONS"
"AP_DAM_WRIS_AP01LH0055","Thadukuvagu Dam","dam","Y.S.R.","15.18213417","78.88061498","2","L1_SOURCE_BACKED_PENDING_ASSET_MODEL","NO_ASSET_SPECIFIC_MODEL","0","","","D:\simras-digital-twin-repository\simras-digital-twin\data\reality_twin\all_assets\AP_DAM_WRIS_AP01LH0055","CWC / NRLD / India-WRIS / AP WRD","USE_ONLY_SOURCE_BACKED_VALUES","PHOTOREALISTIC_3D_CONTEXT_PLUS_SOURCE_DIMENSIONS"
"AP_DAM_WRIS_AP01MH0065","Thammileru Dam","dam","Krishna","17.00509972","80.9240973","2","L1_SOURCE_BACKED_PENDING_ASSET_MODEL","NO_ASSET_SPECIFIC_MODEL","0","","","D:\simras-digital-twin-repository\simras-digital-twin\data\reality_twin\all_assets\AP_DAM_WRIS_AP01MH0065","CWC / NRLD / India-WRIS / AP WRD","USE_ONLY_SOURCE_BACKED_VALUES","PHOTOREALISTIC_3D_CONTEXT_PLUS_SOURCE_DIMENSIONS"
"AP_DAM_WRIS_AP01HH0043","Thandava(Sri Raja Sagi Suryanarayana Raju (Srssr) Dam","dam","Visakhapatnam","17.6213047","82.46150758","2","L1_SOURCE_BACKED_PENDING_ASSET_MODEL","NO_ASSET_SPECIFIC_MODEL","0","","","D:\simras-digital-twin-repository\simras-digital-twin\data\reality_twin\all_assets\AP_DAM_WRIS_AP01HH0043","CWC / NRLD / India-WRIS / AP WRD","USE_ONLY_SOURCE_BACKED_VALUES","PHOTOREALISTIC_3D_CONTEXT_PLUS_SOURCE_DIMENSIONS"
"AP_DAM_WRIS_AP01HH0024","Thatipudi Dam","dam","Vizianagaram","18.17217773","83.19141839","2","L1_SOURCE_BACKED_PENDING_ASSET_MODEL","NO_ASSET_SPECIFIC_MODEL","0","","","D:\simras-digital-twin-repository\simras-digital-twin\data\reality_twin\all_assets\AP_DAM_WRIS_AP01HH0024","CWC / NRLD / India-WRIS / AP WRD","USE_ONLY_SOURCE_BACKED_VALUES","PHOTOREALISTIC_3D_CONTEXT_PLUS_SOURCE_DIMENSIONS"
"AP_DAM_WRIS_AP01LH0005","Thippayapalem Dam","dam","Prakasam","15.69056917","79.16670215","2","L1_SOURCE_BACKED_PENDING_ASSET_MODEL","NO_ASSET_SPECIFIC_MODEL","0","","","D:\simras-digital-twin-repository\simras-digital-twin\data\reality_twin\all_assets\AP_DAM_WRIS_AP01LH0005","CWC / NRLD / India-WRIS / AP WRD","USE_ONLY_SOURCE_BACKED_VALUES","PHOTOREALISTIC_3D_CONTEXT_PLUS_SOURCE_DIMENSIONS"
"AP_DAM_WRIS_D06394","Turimella Reservoir Dam","dam","Prakasam","15.54094462","78.98711449","2","L1_SOURCE_BACKED_PENDING_ASSET_MODEL","NO_ASSET_SPECIFIC_MODEL","0","","","D:\simras-digital-twin-repository\simras-digital-twin\data\reality_twin\all_assets\AP_DAM_WRIS_D06394","CWC / NRLD / India-WRIS / AP WRD","USE_ONLY_SOURCE_BACKED_VALUES","PHOTOREALISTIC_3D_CONTEXT_PLUS_SOURCE_DIMENSIONS"
"AP_DAM_NWDP_AP01MH0011","Upper Pennar","dam","Sri Sathya Sai","14.3367172","77.3541577","2","L1_SOURCE_BACKED_PENDING_ASSET_MODEL","NO_ASSET_SPECIFIC_MODEL","0","","","D:\simras-digital-twin-repository\simras-digital-twin\data\reality_twin\all_assets\AP_DAM_NWDP_AP01MH0011","CWC / NRLD / India-WRIS / AP WRD","USE_ONLY_SOURCE_BACKED_VALUES","PHOTOREALISTIC_3D_CONTEXT_PLUS_SOURCE_DIMENSIONS"
"AP_DAM_WRIS_AP01LH0122","Ura Tank, S.R. Puram","dam","Sri Potti Sriramulu Nellore","15.00833333","79.15","2","L1_SOURCE_BACKED_PENDING_ASSET_MODEL","NO_ASSET_SPECIFIC_MODEL","0","","","D:\simras-digital-twin-repository\simras-digital-twin\data\reality_twin\all_assets\AP_DAM_WRIS_AP01LH0122","CWC / NRLD / India-WRIS / AP WRD","USE_ONLY_SOURCE_BACKED_VALUES","PHOTOREALISTIC_3D_CONTEXT_PLUS_SOURCE_DIMENSIONS"
"AP_DAM_WRIS_AP01MH0145","Urakagedda , Sankaram (V), Madugula(M) Dam","dam","Visakhapatnam","17.93943707","82.72601449","2","L1_SOURCE_BACKED_PENDING_ASSET_MODEL","NO_ASSET_SPECIFIC_MODEL","0","","","D:\simras-digital-twin-repository\simras-digital-twin\data\reality_twin\all_assets\AP_DAM_WRIS_AP01MH0145","CWC / NRLD / India-WRIS / AP WRD","USE_ONLY_SOURCE_BACKED_VALUES","PHOTOREALISTIC_3D_CONTEXT_PLUS_SOURCE_DIMENSIONS"
"AP_DAM_WRIS_AP01LH0068","Vagetikona Reservoir","dam","YSR","13.86944444","79.33388889","2","L1_SOURCE_BACKED_PENDING_ASSET_MODEL","NO_ASSET_SPECIFIC_MODEL","0","","","D:\simras-digital-twin-repository\simras-digital-twin\data\reality_twin\all_assets\AP_DAM_WRIS_AP01LH0068","CWC / NRLD / India-WRIS / AP WRD","USE_ONLY_SOURCE_BACKED_VALUES","PHOTOREALISTIC_3D_CONTEXT_PLUS_SOURCE_DIMENSIONS"
"AP_DAM_WRIS_AP01LH0147","Vanaka Badigedda Dam","dam","Vizianagaram","18.89752984","83.4187376","2","L1_SOURCE_BACKED_PENDING_ASSET_MODEL","NO_ASSET_SPECIFIC_MODEL","0","","","D:\simras-digital-twin-repository\simras-digital-twin\data\reality_twin\all_assets\AP_DAM_WRIS_AP01LH0147","CWC / NRLD / India-WRIS / AP WRD","USE_ONLY_SOURCE_BACKED_VALUES","PHOTOREALISTIC_3D_CONTEXT_PLUS_SOURCE_DIMENSIONS"
"AP_DAM_WRIS_AP01MH0148","Varadaraja Swamy Gudi Dam","dam","Kurnool","15.966995","78.64643698","2","L1_SOURCE_BACKED_PENDING_ASSET_MODEL","NO_ASSET_SPECIFIC_MODEL","0","","","D:\simras-digital-twin-repository\simras-digital-twin\data\reality_twin\all_assets\AP_DAM_WRIS_AP01MH0148","CWC / NRLD / India-WRIS / AP WRD","USE_ONLY_SOURCE_BACKED_VALUES","PHOTOREALISTIC_3D_CONTEXT_PLUS_SOURCE_DIMENSIONS"
"AP_DAM_WRIS_AP01MH0039","Varaha Dam","dam","Visakhapatnam","17.81080941","82.6755239","2","L1_SOURCE_BACKED_PENDING_ASSET_MODEL","NO_ASSET_SPECIFIC_MODEL","0","","","D:\simras-digital-twin-repository\simras-digital-twin\data\reality_twin\all_assets\AP_DAM_WRIS_AP01MH0039","CWC / NRLD / India-WRIS / AP WRD","USE_ONLY_SOURCE_BACKED_VALUES","PHOTOREALISTIC_3D_CONTEXT_PLUS_SOURCE_DIMENSIONS"
"AP_DAM_WRIS_AP01MH0066","Varikunta Dam","dam","Y.S.R.","15.07557878","78.86858603","2","L1_SOURCE_BACKED_PENDING_ASSET_MODEL","NO_ASSET_SPECIFIC_MODEL","0","","","D:\simras-digital-twin-repository\simras-digital-twin\data\reality_twin\all_assets\AP_DAM_WRIS_AP01MH0066","CWC / NRLD / India-WRIS / AP WRD","USE_ONLY_SOURCE_BACKED_VALUES","PHOTOREALISTIC_3D_CONTEXT_PLUS_SOURCE_DIMENSIONS"
"AP_DAM_WRIS_AP01HH0081","Veligallu Dam","dam","Y.S.R.","14.03134324","78.47679015","2","L1_SOURCE_BACKED_PENDING_ASSET_MODEL","NO_ASSET_SPECIFIC_MODEL","0","","","D:\simras-digital-twin-repository\simras-digital-twin\data\reality_twin\all_assets\AP_DAM_WRIS_AP01HH0081","CWC / NRLD / India-WRIS / AP WRD","USE_ONLY_SOURCE_BACKED_VALUES","PHOTOREALISTIC_3D_CONTEXT_PLUS_SOURCE_DIMENSIONS"
"AP_DAM_WRIS_AP01MH0150","Velugodu Dam","dam","Kurnool","15.72512958","78.59127775","2","L1_SOURCE_BACKED_PENDING_ASSET_MODEL","NO_ASSET_SPECIFIC_MODEL","0","","","D:\simras-digital-twin-repository\simras-digital-twin\data\reality_twin\all_assets\AP_DAM_WRIS_AP01MH0150","CWC / NRLD / India-WRIS / AP WRD","USE_ONLY_SOURCE_BACKED_VALUES","PHOTOREALISTIC_3D_CONTEXT_PLUS_SOURCE_DIMENSIONS"
"AP_DAM_WRIS_AP01MH0069","Vengalaraya Sagar Dam","dam","Vizianagaram","18.62324116","83.22158412","2","L1_SOURCE_BACKED_PENDING_ASSET_MODEL","NO_ASSET_SPECIFIC_MODEL","0","","","D:\simras-digital-twin-repository\simras-digital-twin\data\reality_twin\all_assets\AP_DAM_WRIS_AP01MH0069","CWC / NRLD / India-WRIS / AP WRD","USE_ONLY_SOURCE_BACKED_VALUES","PHOTOREALISTIC_3D_CONTEXT_PLUS_SOURCE_DIMENSIONS"
"AP_DAM_WRIS_AP01LH0123","Virupana  Tank","dam","Anantapur","14.25","77.8","2","L1_SOURCE_BACKED_PENDING_ASSET_MODEL","NO_ASSET_SPECIFIC_MODEL","0","","","D:\simras-digital-twin-repository\simras-digital-twin\data\reality_twin\all_assets\AP_DAM_WRIS_AP01LH0123","CWC / NRLD / India-WRIS / AP WRD","USE_ONLY_SOURCE_BACKED_VALUES","PHOTOREALISTIC_3D_CONTEXT_PLUS_SOURCE_DIMENSIONS"
"AP_DAM_WRIS_AP01MH0030","Vottigadda Dam","dam","Vizianagaram","18.83855824","83.58814987","2","L1_SOURCE_BACKED_PENDING_ASSET_MODEL","NO_ASSET_SPECIFIC_MODEL","0","","","D:\simras-digital-twin-repository\simras-digital-twin\data\reality_twin\all_assets\AP_DAM_WRIS_AP01MH0030","CWC / NRLD / India-WRIS / AP WRD","USE_ONLY_SOURCE_BACKED_VALUES","PHOTOREALISTIC_3D_CONTEXT_PLUS_SOURCE_DIMENSIONS"
"AP_DAM_WRIS_AP01LH0032","Vyasasamudram Dam","dam","Chittoor","13.73048055","78.13812669","2","L1_SOURCE_BACKED_PENDING_ASSET_MODEL","NO_ASSET_SPECIFIC_MODEL","0","","","D:\simras-digital-twin-repository\simras-digital-twin\data\reality_twin\all_assets\AP_DAM_WRIS_AP01LH0032","CWC / NRLD / India-WRIS / AP WRD","USE_ONLY_SOURCE_BACKED_VALUES","PHOTOREALISTIC_3D_CONTEXT_PLUS_SOURCE_DIMENSIONS"
"AP_DAM_WRIS_AP01LH0124","Y.T.Cheruvu Dam","dam","Anantapur","15.14880787","77.55154443","2","L1_SOURCE_BACKED_PENDING_ASSET_MODEL","NO_ASSET_SPECIFIC_MODEL","0","","","D:\simras-digital-twin-repository\simras-digital-twin\data\reality_twin\all_assets\AP_DAM_WRIS_AP01LH0124","CWC / NRLD / India-WRIS / AP WRD","USE_ONLY_SOURCE_BACKED_VALUES","PHOTOREALISTIC_3D_CONTEXT_PLUS_SOURCE_DIMENSIONS"
"AP_DAM_WRIS_D06208","Yeddula Eswaraiah Gandikoata Dam","dam","Y.S.R.","14.80851737","78.25142349","2","L1_SOURCE_BACKED_PENDING_ASSET_MODEL","NO_ASSET_SPECIFIC_MODEL","0","","","D:\simras-digital-twin-repository\simras-digital-twin\data\reality_twin\all_assets\AP_DAM_WRIS_D06208","CWC / NRLD / India-WRIS / AP WRD","USE_ONLY_SOURCE_BACKED_VALUES","PHOTOREALISTIC_3D_CONTEXT_PLUS_SOURCE_DIMENSIONS"
"AP_DAM_WRIS_AP01HH0149","Yeleru Dam","dam","East Godavari","17.30791881","82.0956831","2","L1_SOURCE_BACKED_PENDING_ASSET_MODEL","NO_ASSET_SPECIFIC_MODEL","0","","","D:\simras-digital-twin-repository\simras-digital-twin\data\reality_twin\all_assets\AP_DAM_WRIS_AP01HH0149","CWC / NRLD / India-WRIS / AP WRD","USE_ONLY_SOURCE_BACKED_VALUES","PHOTOREALISTIC_3D_CONTEXT_PLUS_SOURCE_DIMENSIONS"
"AP_DAM_WRIS_AP01MH0076","Yerrakalva Dam","dam","West Godavari","17.09982512","81.25669309","2","L1_SOURCE_BACKED_PENDING_ASSET_MODEL","NO_ASSET_SPECIFIC_MODEL","0","","","D:\simras-digital-twin-repository\simras-digital-twin\data\reality_twin\all_assets\AP_DAM_WRIS_AP01MH0076","CWC / NRLD / India-WRIS / AP WRD","USE_ONLY_SOURCE_BACKED_VALUES","PHOTOREALISTIC_3D_CONTEXT_PLUS_SOURCE_DIMENSIONS"
"AP_DAM_NWDP_AP01MH0074","Yogi Vemana (Maddileru) Reservoir","dam","Sri Sathya Sai","14.358223","78.0515916","2","L1_SOURCE_BACKED_PENDING_ASSET_MODEL","NO_ASSET_SPECIFIC_MODEL","0","","","D:\simras-digital-twin-repository\simras-digital-twin\data\reality_twin\all_assets\AP_DAM_NWDP_AP01MH0074","CWC / NRLD / India-WRIS / AP WRD","USE_ONLY_SOURCE_BACKED_VALUES","PHOTOREALISTIC_3D_CONTEXT_PLUS_SOURCE_DIMENSIONS"
"AP_DAM_WRIS_AP01MH0074","Yogivemana Dam","dam","Anantapur","14.35822299","78.05159158","2","L1_SOURCE_BACKED_PENDING_ASSET_MODEL","NO_ASSET_SPECIFIC_MODEL","0","","","D:\simras-digital-twin-repository\simras-digital-twin\data\reality_twin\all_assets\AP_DAM_WRIS_AP01MH0074","CWC / NRLD / India-WRIS / AP WRD","USE_ONLY_SOURCE_BACKED_VALUES","PHOTOREALISTIC_3D_CONTEXT_PLUS_SOURCE_DIMENSIONS"
"AP_DAM_WRIS_AP01MH0022","Zurreru Dam","dam","Kurnool","15.32720653","78.12610286","2","L1_SOURCE_BACKED_PENDING_ASSET_MODEL","NO_ASSET_SPECIFIC_MODEL","0","","","D:\simras-digital-twin-repository\simras-digital-twin\data\reality_twin\all_assets\AP_DAM_WRIS_AP01MH0022","CWC / NRLD / India-WRIS / AP WRD","USE_ONLY_SOURCE_BACKED_VALUES","PHOTOREALISTIC_3D_CONTEXT_PLUS_SOURCE_DIMENSIONS"
"AP_TEMPLE_KANAKA_DURGA","Sri Durga Malleswara Swamy Varla Devasthanam","temple","NTR","16.5154","80.6059","2","L1_SOURCE_BACKED_PENDING_ASSET_MODEL","NO_ASSET_SPECIFIC_MODEL","0","","","D:\simras-digital-twin-repository\simras-digital-twin\data\reality_twin\all_assets\AP_TEMPLE_KANAKA_DURGA","Official Devasthanam / government heritage source / survey","USE_ONLY_SOURCE_BACKED_VALUES","PHOTOREALISTIC_3D_CONTEXT_PLUS_ASSET_OVERLAY"
"AP_TEMPLE_SRIKALAHASTI","Sri Kalahasteeswara Swamy Temple","temple","Tirupati","13.7502","79.7002","2","L1_SOURCE_BACKED_PENDING_ASSET_MODEL","NO_ASSET_SPECIFIC_MODEL","0","","","D:\simras-digital-twin-repository\simras-digital-twin\data\reality_twin\all_assets\AP_TEMPLE_SRIKALAHASTI","Official Devasthanam / government heritage source / survey","USE_ONLY_SOURCE_BACKED_VALUES","PHOTOREALISTIC_3D_CONTEXT_PLUS_ASSET_OVERLAY"
