"asset_code","name","asset_type","priority","generation_status","model_url","fidelity"
"AP_AIR_AAI_KADAPA","Kadapa Airport","airport","1","SUCCESS_GLB","/reality-twin/models/AP_AIR_AAI_KADAPA/AP_AIR_AAI_KADAPA.glb","L2_SOURCE_BACKED_OSM_CONTEXT"
"AP_AIR_AAI_KURNOOL","Kurnool Airport","airport","1","SUCCESS_GLB","/reality-twin/models/AP_AIR_AAI_KURNOOL/AP_AIR_AAI_KURNOOL.glb","L2_SOURCE_BACKED_OSM_CONTEXT"
"AP_AIR_AAI_RAJAHMUNDRY","Rajahmundry Airport","airport","1","SUCCESS_GLB","/reality-twin/models/AP_AIR_AAI_RAJAHMUNDRY/AP_AIR_AAI_RAJAHMUNDRY.glb","L2_SOURCE_BACKED_OSM_CONTEXT"
"AP_AIR_AAI_TIRUPATI","Tirupati Airport","airport","1","SUCCESS_GLB","/reality-twin/models/AP_AIR_AAI_TIRUPATI/AP_AIR_AAI_TIRUPATI.glb","L2_SOURCE_BACKED_OSM_CONTEXT"
"AP_AIR_VOTP","Tirupati Airport","airport","1","SUCCESS_GLB","/reality-twin/models/AP_AIR_VOTP/AP_AIR_VOTP.glb","L2_SOURCE_BACKED_OSM_CONTEXT"
"AP_AIR_VOBZ","Vijayawada Airport","airport","1","SUCCESS_GLB","/reality-twin/models/AP_AIR_VOBZ/AP_AIR_VOBZ.glb","L2_SOURCE_BACKED_OSM_CONTEXT"
"AP_AIR_AAI_VIJAYAWADA","Vijayawada Airport","airport","1","SUCCESS_GLB","/reality-twin/models/AP_AIR_AAI_VIJAYAWADA/AP_AIR_AAI_VIJAYAWADA.glb","L2_SOURCE_BACKED_OSM_CONTEXT"
"AP_AIR_AAI_VISAKHAPATNAM","Visakhapatnam Airport","airport","1","SUCCESS_GLB","/reality-twin/models/AP_AIR_AAI_VISAKHAPATNAM/AP_AIR_AAI_VISAKHAPATNAM.glb","L2_SOURCE_BACKED_OSM_CONTEXT"
"AP_BAR_WRIS_B01201","Chagallur Barrage","barrage","2","SUCCESS_GLB","/reality-twin/models/AP_BAR_WRIS_B01201/AP_BAR_WRIS_B01201.glb","L2_SOURCE_BACKED_OSM_CONTEXT"
"AP_BAR_WRIS_B00434","Gotta Barrage","barrage","2","SUCCESS_GLB","/reality-twin/models/AP_BAR_WRIS_B00434/AP_BAR_WRIS_B00434.glb","L2_SOURCE_BACKED_OSM_CONTEXT"
"AP_BAR_WRIS_B00435","Neradi Barrage","barrage","2","SUCCESS_GLB","/reality-twin/models/AP_BAR_WRIS_B00435/AP_BAR_WRIS_B00435.glb","L2_SOURCE_BACKED_OSM_CONTEXT"
"AP_DAM_00001","Prakasam Barrage","barrage","1","SUCCESS_GLB","/reality-twin/models/AP_DAM_00001/AP_DAM_00001.glb","L2_SOURCE_BACKED_OSM_CONTEXT"
"AP_BAR_WRIS_B00800","Rallapadu Barrage","barrage","2","SUCCESS_GLB","/reality-twin/models/AP_BAR_WRIS_B00800/AP_BAR_WRIS_B00800.glb","L2_SOURCE_BACKED_OSM_CONTEXT"
"AP_BAR_WRIS_B00131","Sir Arthur Cotton Barrage /Godavari Barrage","barrage","1","SUCCESS_GLB","/reality-twin/models/AP_BAR_WRIS_B00131/AP_BAR_WRIS_B00131.glb","L2_SOURCE_BACKED_OSM_CONTEXT"
"AP_BAR_WRIS_B00448","Swarnamukhi Barrage","barrage","2","SUCCESS_GLB","/reality-twin/models/AP_BAR_WRIS_B00448/AP_BAR_WRIS_B00448.glb","L2_SOURCE_BACKED_OSM_CONTEXT"
"AP_BAR_WRIS_B00165","Tarakarama Thirtha Sagaram Barrage","barrage","2","SUCCESS_GLB","/reality-twin/models/AP_BAR_WRIS_B00165/AP_BAR_WRIS_B00165.glb","L2_SOURCE_BACKED_OSM_CONTEXT"
"AP_BAR_WRIS_B00429","Thotapalli Barrage","barrage","2","SUCCESS_GLB","/reality-twin/models/AP_BAR_WRIS_B00429/AP_BAR_WRIS_B00429.glb","L2_SOURCE_BACKED_OSM_CONTEXT"
"AP_BAR_WRIS_B01609","Vaikuntapuram Barrage","barrage","2","SUCCESS_GLB","/reality-twin/models/AP_BAR_WRIS_B01609/AP_BAR_WRIS_B01609.glb","L2_SOURCE_BACKED_OSM_CONTEXT"
"AP_BR_00001","Godavari Arch Bridge","bridge","1","SUCCESS_GLB","/reality-twin/models/AP_BR_00001/AP_BR_00001.glb","L2_SOURCE_BACKED_OSM_CONTEXT"
"AP_BR_00002","Kanaka Durga Flyover","bridge","1","SUCCESS_GLB","/reality-twin/models/AP_BR_00002/AP_BR_00002.glb","L2_SOURCE_BACKED_OSM_CONTEXT"
"AP_DAM_WRIS_D01773","Ahobilam / Penna Ahobilam (Dr. K.S.P.A.B.R.) Dam","dam","2","SUCCESS_GLB","/reality-twin/models/AP_DAM_WRIS_D01773/AP_DAM_WRIS_D01773.glb","L2_SOURCE_BACKED_OSM_CONTEXT"
"AP_DAM_WRIS_AP01MH0168","Akasaganga","dam","2","SUCCESS_GLB","/reality-twin/models/AP_DAM_WRIS_AP01MH0168/AP_DAM_WRIS_AP01MH0168.glb","L2_SOURCE_BACKED_OSM_CONTEXT"
"AP_DAM_WRIS_AP01LH0084","Akkapalem Dam","dam","2","SUCCESS_GLB","/reality-twin/models/AP_DAM_WRIS_AP01LH0084/AP_DAM_WRIS_AP01LH0084.glb","L2_SOURCE_BACKED_OSM_CONTEXT"
"AP_DAM_WRIS_D06052","Alaganoor Dam","dam","2","SUCCESS_GLB","/reality-twin/models/AP_DAM_WRIS_D06052/AP_DAM_WRIS_D06052.glb","L2_SOURCE_BACKED_OSM_CONTEXT"
"AP_DAM_WRIS_AP01LH0085","Ananthasagarm Dam","dam","2","SUCCESS_GLB","/reality-twin/models/AP_DAM_WRIS_AP01LH0085/AP_DAM_WRIS_AP01LH0085.glb","L2_SOURCE_BACKED_OSM_CONTEXT"
"AP_DAM_WRIS_AP01MH0072","Andhra Dam","dam","2","SUCCESS_GLB","/reality-twin/models/AP_DAM_WRIS_AP01MH0072/AP_DAM_WRIS_AP01MH0072.glb","L2_SOURCE_BACKED_OSM_CONTEXT"
"AP_DAM_WRIS_AP01MH0021","Arniar Dam","dam","2","SUCCESS_GLB","/reality-twin/models/AP_DAM_WRIS_AP01MH0021/AP_DAM_WRIS_AP01MH0021.glb","L2_SOURCE_BACKED_OSM_CONTEXT"
"AP_DAM_WRIS_AP01HH0127","Bahuda Dam","dam","2","NO_STATUS",,"L1_SOURCE_BACKED_CONTEXT_ONLY"
"AP_DAM_WRIS_AP01MH0018","Bhairavanithippa Dam","dam","2","SUCCESS_GLB","/reality-twin/models/AP_DAM_WRIS_AP01MH0018/AP_DAM_WRIS_AP01MH0018.glb","L2_SOURCE_BACKED_OSM_CONTEXT"
"AP_DAM_WRIS_D01879","Bhupathipalem Dam","dam","2","SUCCESS_GLB","/reality-twin/models/AP_DAM_WRIS_D01879/AP_DAM_WRIS_D01879.glb","L2_SOURCE_BACKED_OSM_CONTEXT"
"AP_DAM_WRIS_AP01HH0019","Buggavagu Dam","dam","2","SUCCESS_GLB","/reality-twin/models/AP_DAM_WRIS_AP01HH0019/AP_DAM_WRIS_AP01HH0019.glb","L2_SOURCE_BACKED_OSM_CONTEXT"
"AP_DAM_WRIS_AP01MH0073","Buggavanka Dam","dam","2","SUCCESS_GLB","/reality-twin/models/AP_DAM_WRIS_AP01MH0073/AP_DAM_WRIS_AP01MH0073.glb","L2_SOURCE_BACKED_OSM_CONTEXT"
"AP_DAM_WRIS_AP01LH0034","Bukkapatnam Dam","dam","2","SUCCESS_GLB","/reality-twin/models/AP_DAM_WRIS_AP01LH0034/AP_DAM_WRIS_AP01LH0034.glb","L2_SOURCE_BACKED_OSM_CONTEXT"
"AP_DAM_WRIS_AP01MH0128","Chagallu Barrage Dam","dam","2","SUCCESS_GLB","/reality-twin/models/AP_DAM_WRIS_AP01MH0128/AP_DAM_WRIS_AP01MH0128.glb","L2_SOURCE_BACKED_OSM_CONTEXT"
"AP_DAM_WRIS_AP01LH0086","Chennapatnam Cheruvu","dam","2","NO_STATUS",,"L1_SOURCE_BACKED_CONTEXT_ONLY"
"AP_DAM_WRIS_AP01MH0129","Cheyyeru / Annamayya Dam","dam","2","NO_STATUS",,"L1_SOURCE_BACKED_CONTEXT_ONLY"
"AP_DAM_WRIS_AP01LH0087","Chikkavadiyar, Anantapur","dam","2","NO_STATUS",,"L1_SOURCE_BACKED_CONTEXT_ONLY"
"AP_DAM_WRIS_AP01LH0090","Chinna Tippa Samudram
Tank","dam","2","NO_STATUS",,"L1_SOURCE_BACKED_CONTEXT_ONLY"
"AP_DAM_WRIS_AP01MH0089","Chinnagottigallu Tank","dam","2","NO_STATUS",,"L1_SOURCE_BACKED_CONTEXT_ONLY"
"AP_DAM_WRIS_AP01MH0026","Chinnarayaswamy Gudi /Chennaraya Dam","dam","2","NO_STATUS",,"L1_SOURCE_BACKED_CONTEXT_ONLY"
"AP_DAM_WRIS_AP01LH0091","Chintakuntavagu Dam","dam","2","NO_STATUS",,"L1_SOURCE_BACKED_CONTEXT_ONLY"
"AP_DAM_WRIS_D00569","Chitravathi Dam","dam","2","NO_STATUS",,"L1_SOURCE_BACKED_CONTEXT_ONLY"
"AP_DAM_WRIS_AP01MH0001","Cumbum Dam","dam","2","NO_STATUS",,"L1_SOURCE_BACKED_CONTEXT_ONLY"
"AP_DAM_WRIS_AP01LH0077","Dharakalava Reservoir","dam","2","NO_STATUS",,"L1_SOURCE_BACKED_CONTEXT_ONLY"
"AP_DAM_WRIS_AP01LH0125","Dharmavaram Dam","dam","2","NO_STATUS",,"L1_SOURCE_BACKED_CONTEXT_ONLY"
"AP_DAM_WRIS_AP01LH0002","Dondapadu Tank","dam","2","NO_STATUS",,"L1_SOURCE_BACKED_CONTEXT_ONLY"
"AP_DAM_WRIS_AP01HH0057","Donkarai ( S.H.E.S)","dam","2","NO_STATUS",,"L1_SOURCE_BACKED_CONTEXT_ONLY"
"AP_DAM_WRIS_AP01MH0080","Earlakatta  Tank","dam","2","NO_STATUS",,"L1_SOURCE_BACKED_CONTEXT_ONLY"
"AP_DAM_WRIS_D06074","Eguva Thamballa Palli - Cheruvu Dam","dam","2","NO_STATUS",,"L1_SOURCE_BACKED_CONTEXT_ONLY"
"AP_DAM_WRIS_TL47HH0060","Forebay Lower Sileru ( S.H.E.S) Dam","dam","2","NO_STATUS",,"L1_SOURCE_BACKED_CONTEXT_ONLY"
"AP_DAM_WRIS_AP01MH0047","Gajuladinne (Sanjeevaiah Sagar) Dam","dam","2","NO_STATUS",,"L1_SOURCE_BACKED_CONTEXT_ONLY"
"AP_DAM_WRIS_AP01MH0092","Gandicheruvu (Dist-Prakasam) Dam","dam","2","NO_STATUS",,"L1_SOURCE_BACKED_CONTEXT_ONLY"
"AP_DAM_WRIS_AP01MH0063","Gandipalem /Pcr Gandipalem Dam","dam","2","NO_STATUS",,"L1_SOURCE_BACKED_CONTEXT_ONLY"
"AP_DAM_WRIS_D02672","Ghambiramgedda Dam","dam","2","NO_STATUS",,"L1_SOURCE_BACKED_CONTEXT_ONLY"
"AP_DAM_WRIS_AP01MH0167","Gogarbham Dam","dam","2","NO_STATUS",,"L1_SOURCE_BACKED_CONTEXT_ONLY"
"AP_DAM_WRIS_D06350","Gooty Tank","dam","2","NO_STATUS",,"L1_SOURCE_BACKED_CONTEXT_ONLY"
"AP_DAM_WRIS_AP01HH0130","Gorakallu Dam","dam","2","NO_STATUS",,"L1_SOURCE_BACKED_CONTEXT_ONLY"
"AP_DAM_WRIS_AP01LH0093","Gowricheru, Mogili","dam","2","NO_STATUS",,"L1_SOURCE_BACKED_CONTEXT_ONLY"
"AP_DAM_WRIS_AP01LH0033","Gujjuvai  Reservoir","dam","2","NO_STATUS",,"L1_SOURCE_BACKED_CONTEXT_ONLY"
"AP_DAM_WRIS_AP01MH0094","Gullur Tank","dam","2","NO_STATUS",,"L1_SOURCE_BACKED_CONTEXT_ONLY"
"AP_DAM_WRIS_D00587","Gundlakamma Dam","dam","2","NO_STATUS",,"L1_SOURCE_BACKED_CONTEXT_ONLY"
"AP_DAM_WRIS_D03507","Gundlamotu Dam","dam","2","NO_STATUS",,"L1_SOURCE_BACKED_CONTEXT_ONLY"
"AP_DAM_WRIS_AP01MH0095","Gundlamotu Reservoir","dam","2","NO_STATUS",,"L1_SOURCE_BACKED_CONTEXT_ONLY"
"AP_DAM_WRIS_AP01HH0023","Guntawada Main Dam","dam","2","NO_STATUS",,"L1_SOURCE_BACKED_CONTEXT_ONLY"
"AP_DAM_WRIS_AP01LH0096","Haresamudram Big Dam","dam","2","NO_STATUS",,"L1_SOURCE_BACKED_CONTEXT_ONLY"
"AP_DAM_WRIS_AP01_0131","Hiramandalam Dam","dam","2","NO_STATUS",,"L1_SOURCE_BACKED_CONTEXT_ONLY"
"AP_DAM_WRIS_AP01LH0054","Itugulapadu Tank","dam","2","NO_STATUS",,"L1_SOURCE_BACKED_CONTEXT_ONLY"
"AP_DAM_WRIS_AP01LH0097","Jajigedda Dam","dam","2","NO_STATUS",,"L1_SOURCE_BACKED_CONTEXT_ONLY"
"AP_DAM_WRIS_AP01LH0051","Jalakanur Dam","dam","2","NO_STATUS",,"L1_SOURCE_BACKED_CONTEXT_ONLY"
"AP_DAM_WRIS_AP01HH0064","Jalleru Dam","dam","2","NO_STATUS",,"L1_SOURCE_BACKED_CONTEXT_ONLY"
"AP_DAM_WRIS_AP01HH0132","Jhanjhavathi / Janjavathi Dam","dam","2","NO_STATUS",,"L1_SOURCE_BACKED_CONTEXT_ONLY"
"AP_DAM_WRIS_D06395","Kakarla Dam","dam","2","NO_STATUS",,"L1_SOURCE_BACKED_CONTEXT_ONLY"
"AP_DAM_WRIS_AP01MH0015","Kalangi Dam","dam","2","NO_STATUS",,"L1_SOURCE_BACKED_CONTEXT_ONLY"
"AP_DAM_WRIS_AP01LH0041","Kaleti Vagu Reservoir","dam","2","NO_STATUS",,"L1_SOURCE_BACKED_CONTEXT_ONLY"
"AP_DAM_WRIS_D06095","Kalinga Dal Dam","dam","2","NO_STATUS",,"L1_SOURCE_BACKED_CONTEXT_ONLY"
"AP_DAM_NWDP_AP01HH0040","Kalyani Dam","dam","2","NO_STATUS",,"L1_SOURCE_BACKED_CONTEXT_ONLY"
"AP_DAM_WRIS_AP01LH0098","Kampasamudram New Dam","dam","2","NO_STATUS",,"L1_SOURCE_BACKED_CONTEXT_ONLY"
"AP_DAM_WRIS_AP01HH0133","Kandaleru /Kandaleru Dam","dam","2","NO_STATUS",,"L1_SOURCE_BACKED_CONTEXT_ONLY"
"AP_DAM_WRIS_D06351","Kanelal Tank","dam","2","NO_STATUS",,"L1_SOURCE_BACKED_CONTEXT_ONLY"
"AP_DAM_WRIS_D00719","Kanigiri Dam","dam","2","NO_STATUS",,"L1_SOURCE_BACKED_CONTEXT_ONLY"
"AP_DAM_WRIS_AP01LH0099","Koduru Reservoir","dam","2","NO_STATUS",,"L1_SOURCE_BACKED_CONTEXT_ONLY"
"AP_DAM_WRIS_AP01MH0056","Konam Dam","dam","2","NO_STATUS",,"L1_SOURCE_BACKED_CONTEXT_ONLY"
"AP_DAM_WRIS_D02041","Kovvadakalva Dam","dam","2","NO_STATUS",,"L1_SOURCE_BACKED_CONTEXT_ONLY"
"AP_DAM_WRIS_AP01MH0052","Krishnapuram (Chittor) Dam","dam","2","NO_STATUS",,"L1_SOURCE_BACKED_CONTEXT_ONLY"
"AP_DAM_WRIS_AP01HH0169","Kumaradhara Pushpadhara
Dam","dam","2","NO_STATUS",,"L1_SOURCE_BACKED_CONTEXT_ONLY"
"AP_DAM_WRIS_D02317","Kumili Dam","dam","2","NO_STATUS",,"L1_SOURCE_BACKED_CONTEXT_ONLY"
"AP_DAM_WRIS_AP01MH0100","Kushavathi Dam","dam","2","NO_STATUS",,"L1_SOURCE_BACKED_CONTEXT_ONLY"
"AP_DAM_WRIS_D02086","Lower Sagileru Dam","dam","2","NO_STATUS",,"L1_SOURCE_BACKED_CONTEXT_ONLY"
"AP_DAM_WRIS_AP01LH0102","Madakasira Dam","dam","2","NO_STATUS",,"L1_SOURCE_BACKED_CONTEXT_ONLY"
"AP_DAM_WRIS_AP01MH0078","Maddigedda Dam","dam","2","NO_STATUS",,"L1_SOURCE_BACKED_CONTEXT_ONLY"
"AP_DAM_WRIS_AP01MH0075","Madduvalasa Dam","dam","2","NO_STATUS",,"L1_SOURCE_BACKED_CONTEXT_ONLY"
"AP_DAM_NWDP_AP01MH0135","Mallemadugu","dam","2","NO_STATUS",,"L1_SOURCE_BACKED_CONTEXT_ONLY"
"AP_DAM_WRIS_AP01LH0136","Marala Dam","dam","2","NO_STATUS",,"L1_SOURCE_BACKED_CONTEXT_ONLY"
"AP_DAM_WRIS_AP01LH0006","Markapur  Tank","dam","2","NO_STATUS",,"L1_SOURCE_BACKED_CONTEXT_ONLY"
"AP_DAM_WRIS_D06353","Matchukota Balancing Reservoir","dam","2","NO_STATUS",,"L1_SOURCE_BACKED_CONTEXT_ONLY"
"AP_DAM_WRIS_AP01MH0042","Mehadrigedda","dam","2","NO_STATUS",,"L1_SOURCE_BACKED_CONTEXT_ONLY"
"AP_DAM_WRIS_D06026","Midpennar Stage-I/Mid-Pennar Dam","dam","2","NO_STATUS",,"L1_SOURCE_BACKED_CONTEXT_ONLY"
"AP_DAM_WRIS_AP01MH0004","Mopadu Dam","dam","2","NO_STATUS",,"L1_SOURCE_BACKED_CONTEXT_ONLY"
"AP_DAM_WRIS_AP01MH0036","Muraripalli / Mararipalli Dam","dam","2","NO_STATUS",,"L1_SOURCE_BACKED_CONTEXT_ONLY"
"AP_DAM_WRIS_AP01HH0137","Musurumilli /Musurmilli Dam","dam","2","NO_STATUS",,"L1_SOURCE_BACKED_CONTEXT_ONLY"
"AP_DAM_WRIS_AP01LH0103","Muthyalacheruvu","dam","2","NO_STATUS",,"L1_SOURCE_BACKED_CONTEXT_ONLY"
"AP_DAM_WRIS_AP01MH0058","Mylavaram Dam","dam","2","NO_STATUS",,"L1_SOURCE_BACKED_CONTEXT_ONLY"
"AP_DAM_WRIS_AP01MH0138","N.T.R. , Thatiparthi(V), Madugula (M) Dam","dam","2","NO_STATUS",,"L1_SOURCE_BACKED_CONTEXT_ONLY"
"AP_DAM_WRIS_AP01MH0083","N.T.R. T.G.P-Subsidiary
Reservoir  No 1","dam","2","NO_STATUS",,"L1_SOURCE_BACKED_CONTEXT_ONLY"
"AP_DAM_WRIS_AP01MH0152","N.T.R. T.G.P-Subsidiary
Reservoir  No 2","dam","2","NO_STATUS",,"L1_SOURCE_BACKED_CONTEXT_ONLY"
"AP_DAM_WRIS_AP01MH0028","Nagurur Dam","dam","2","NO_STATUS",,"L1_SOURCE_BACKED_CONTEXT_ONLY"
"AP_DAM_WRIS_AP01MH0010","Nakkalagandi Dam","dam","2","NO_STATUS",,"L1_SOURCE_BACKED_CONTEXT_ONLY"
"AP_DAM_WRIS_D02198","Narayanapuram Dam","dam","2","NO_STATUS",,"L1_SOURCE_BACKED_CONTEXT_ONLY"
"AP_DAM_WRIS_D00721","Nellore Dam","dam","2","NO_STATUS",,"L1_SOURCE_BACKED_CONTEXT_ONLY"
"AP_DAM_WRIS_D06356","P.T.Cheruvu","dam","2","NO_STATUS",,"L1_SOURCE_BACKED_CONTEXT_ONLY"
"AP_DAM_WRIS_D00963","Paleru ,Owk Dam","dam","2","NO_STATUS",,"L1_SOURCE_BACKED_CONTEXT_ONLY"
"AP_DAM_WRIS_AP01MH0046","Pampa Dam","dam","2","NO_STATUS",,"L1_SOURCE_BACKED_CONTEXT_ONLY"
"AP_DAM_WRIS_AP01LH0104","Panthulu Cheruvu Dam","dam","2","NO_STATUS",,"L1_SOURCE_BACKED_CONTEXT_ONLY"
"AP_DAM_WRIS_AP01HH0060","Papavinasanam Dam","dam","2","NO_STATUS",,"L1_SOURCE_BACKED_CONTEXT_ONLY"
"AP_DAM_WRIS_AP01LH0105","Pattikondavanka, Guttava","dam","2","NO_STATUS",,"L1_SOURCE_BACKED_CONTEXT_ONLY"
"AP_DAM_WRIS_AP01LH0106","Paya Cheruvu Dam","dam","2","NO_STATUS",,"L1_SOURCE_BACKED_CONTEXT_ONLY"
"AP_DAM_WRIS_AP01LH0070","Pedaballi Dam","dam","2","NO_STATUS",,"L1_SOURCE_BACKED_CONTEXT_ONLY"
"AP_DAM_WRIS_AP01LH0037","Pedda Cheruvu , Nagasamudram Dam","dam","2","NO_STATUS",,"L1_SOURCE_BACKED_CONTEXT_ONLY"
"AP_DAM_WRIS_AP01LH0108","Pedda Rayala Cheruvu Dam","dam","2","NO_STATUS",,"L1_SOURCE_BACKED_CONTEXT_ONLY"
"AP_DAM_WRIS_AP01MH0109","Pedda Tippa Samudram Dam","dam","2","NO_STATUS",,"L1_SOURCE_BACKED_CONTEXT_ONLY"
"AP_DAM_WRIS_AP01LH0107","Peddabadava, Tulasikrishan Dam","dam","2","NO_STATUS",,"L1_SOURCE_BACKED_CONTEXT_ONLY"
"AP_DAM_WRIS_AP01MH0044","Peddabommalapuram
Reservoir","dam","2","NO_STATUS",,"L1_SOURCE_BACKED_CONTEXT_ONLY"
"AP_DAM_WRIS_AP01MH0140","Peddagedda Dam","dam","2","NO_STATUS",,"L1_SOURCE_BACKED_CONTEXT_ONLY"
"AP_DAM_WRIS_D04538","Peddayetivanka, Annupal Dam","dam","2","NO_STATUS",,"L1_SOURCE_BACKED_CONTEXT_ONLY"
"AP_DAM_NWDP_AP01HH0049","Pedderu","dam","2","NO_STATUS",,"L1_SOURCE_BACKED_CONTEXT_ONLY"
"AP_DAM_WRIS_D06352","Pendekallu","dam","2","NO_STATUS",,"L1_SOURCE_BACKED_CONTEXT_ONLY"
"AP_DAM_WRIS_AP01LH0067","Pendlur Dam","dam","2","NO_STATUS",,"L1_SOURCE_BACKED_CONTEXT_ONLY"
"AP_DAM_WRIS_AP01LH0111","Peruru Dam","dam","2","NO_STATUS",,"L1_SOURCE_BACKED_CONTEXT_ONLY"
"AP_DAM_WRIS_AP01MH0016","Pincha Dam","dam","2","NO_STATUS",,"L1_SOURCE_BACKED_CONTEXT_ONLY"
"AP_DAM_WRIS_AP01LH0045","Pittakayagulla Dam","dam","2","NO_STATUS",,"L1_SOURCE_BACKED_CONTEXT_ONLY"
"AP_DAM_00002","Polavaram Project","dam","1","SUCCESS_GLB","/reality-twin/models/AP_DAM_00002/AP_DAM_00002.glb","L2_SOURCE_BACKED_OSM_CONTEXT"
"AP_DAM_WRIS_AP01HH0159","Ps Velegonda Project Kakarla
Dam","dam","2","NO_STATUS",,"L1_SOURCE_BACKED_CONTEXT_ONLY"
"AP_DAM_WRIS_D06327","Pulichintala","dam","2","NO_STATUS",,"L1_SOURCE_BACKED_CONTEXT_ONLY"
"AP_DAM_WRIS_AP01MH0053","Raiwada Dam","dam","2","NO_STATUS",,"L1_SOURCE_BACKED_CONTEXT_ONLY"
"AP_DAM_WRIS_AP01LH0113","Rallakalva, Kaliyambaka","dam","2","NO_STATUS",,"L1_SOURCE_BACKED_CONTEXT_ONLY"
"AP_DAM_WRIS_AP01LH0013","Rallapadu Dam","dam","2","NO_STATUS",,"L1_SOURCE_BACKED_CONTEXT_ONLY"
"AP_DAM_WRIS_D06139","Ramathirtham Dam","dam","2","NO_STATUS",,"L1_SOURCE_BACKED_CONTEXT_ONLY"
"AP_DAM_WRIS_AP01MH0114","Rao Cheruvu,  Rajupalem","dam","2","NO_STATUS",,"L1_SOURCE_BACKED_CONTEXT_ONLY"
"AP_DAM_WRIS_AP01LH0115","Rayalacheruvu Dam","dam","2","NO_STATUS",,"L1_SOURCE_BACKED_CONTEXT_ONLY"
"AP_DAM_WRIS_AP01LH0048","Sadasivakona Dam","dam","2","NO_STATUS",,"L1_SOURCE_BACKED_CONTEXT_ONLY"
"AP_DAM_WRIS_AP01LH0050","Saddikutimadugu Reservoir","dam","2","NO_STATUS",,"L1_SOURCE_BACKED_CONTEXT_ONLY"
"AP_DAM_WRIS_AP01LH0071","Sancherla Dam","dam","2","NO_STATUS",,"L1_SOURCE_BACKED_CONTEXT_ONLY"
"AP_DAM_WRIS_AP01LH0116","Sankarayalapeta Dam","dam","2","NO_STATUS",,"L1_SOURCE_BACKED_CONTEXT_ONLY"
"AP_DAM_WRIS_AP01LH0061","Savisettipalli Dam","dam","2","NO_STATUS",,"L1_SOURCE_BACKED_CONTEXT_ONLY"
"AP_DAM_WRIS_AP01LH0117","Seethai Cheru, Seethaipally Dam","dam","2","NO_STATUS",,"L1_SOURCE_BACKED_CONTEXT_ONLY"
"AP_DAM_WRIS_AP01MH0017","Siddalagandi Dam","dam","2","NO_STATUS",,"L1_SOURCE_BACKED_CONTEXT_ONLY"
"AP_DAM_WRIS_AP01MH0003","Siddapuram Tank","dam","2","NO_STATUS",,"L1_SOURCE_BACKED_CONTEXT_ONLY"
"AP_DAM_WRIS_AP01HH0062","Somasila Dam","dam","1","SUCCESS_GLB","/reality-twin/models/AP_DAM_WRIS_AP01HH0062/AP_DAM_WRIS_AP01HH0062.glb","L2_SOURCE_BACKED_OSM_CONTEXT"
"AP_DAM_WRIS_D06393","Spvbs Dam","dam","2","NO_STATUS",,"L1_SOURCE_BACKED_CONTEXT_ONLY"
"AP_DAM_WRIS_AP01LH0118","Sreerangarayani Cheruvu Dam","dam","2","NO_STATUS",,"L1_SOURCE_BACKED_CONTEXT_ONLY"
"AP_DAM_WRIS_D06354","Sri Subbaraya Sagar","dam","2","NO_STATUS",,"L1_SOURCE_BACKED_CONTEXT_ONLY"
"AP_DAM_WRIS_D02215","Sri Tenneti Viswanatham Pedderu Dam","dam","2","NO_STATUS",,"L1_SOURCE_BACKED_CONTEXT_ONLY"
"AP_DAM_NWDP_AP01VH0059","Srisailam Project (N.S.R.S.P)","dam","1","SUCCESS_GLB","/reality-twin/models/AP_DAM_NWDP_AP01VH0059/AP_DAM_NWDP_AP01VH0059.glb","L2_SOURCE_BACKED_OSM_CONTEXT"
"AP_DAM_WRIS_AP01MH0027","Subba Reddy Sagar","dam","2","NO_STATUS",,"L1_SOURCE_BACKED_CONTEXT_ONLY"
"AP_DAM_WRIS_D02269","Surampalem Dam","dam","2","NO_STATUS",,"L1_SOURCE_BACKED_CONTEXT_ONLY"
"AP_DAM_WRIS_AP01MH0166","Surempalem Reservoir
Project","dam","2","NO_STATUS",,"L1_SOURCE_BACKED_CONTEXT_ONLY"
"AP_DAM_WRIS_AP01LH0119","Swamy Tank","dam","2","NO_STATUS",,"L1_SOURCE_BACKED_CONTEXT_ONLY"
"AP_DAM_WRIS_AP01LH0120","T.Sundupalli Dam","dam","2","NO_STATUS",,"L1_SOURCE_BACKED_CONTEXT_ONLY"
"AP_DAM_WRIS_AP01MH0121","Tajangi , Tajangi(V) Dam","dam","2","NO_STATUS",,"L1_SOURCE_BACKED_CONTEXT_ONLY"
"AP_DAM_WRIS_AP01LH0055","Thadukuvagu Dam","dam","2","NO_STATUS",,"L1_SOURCE_BACKED_CONTEXT_ONLY"
"AP_DAM_WRIS_AP01MH0065","Thammileru Dam","dam","2","NO_STATUS",,"L1_SOURCE_BACKED_CONTEXT_ONLY"
"AP_DAM_WRIS_AP01HH0043","Thandava(Sri Raja Sagi Suryanarayana Raju (Srssr) Dam","dam","2","NO_STATUS",,"L1_SOURCE_BACKED_CONTEXT_ONLY"
"AP_DAM_WRIS_AP01HH0024","Thatipudi Dam","dam","2","NO_STATUS",,"L1_SOURCE_BACKED_CONTEXT_ONLY"
"AP_DAM_WRIS_AP01LH0005","Thippayapalem Dam","dam","2","NO_STATUS",,"L1_SOURCE_BACKED_CONTEXT_ONLY"
"AP_DAM_WRIS_D06394","Turimella Reservoir Dam","dam","2","NO_STATUS",,"L1_SOURCE_BACKED_CONTEXT_ONLY"
"AP_DAM_NWDP_AP01MH0011","Upper Pennar","dam","2","NO_STATUS",,"L1_SOURCE_BACKED_CONTEXT_ONLY"
"AP_DAM_WRIS_AP01LH0122","Ura Tank, S.R. Puram","dam","2","NO_STATUS",,"L1_SOURCE_BACKED_CONTEXT_ONLY"
"AP_DAM_WRIS_AP01MH0145","Urakagedda , Sankaram (V), Madugula(M) Dam","dam","2","NO_STATUS",,"L1_SOURCE_BACKED_CONTEXT_ONLY"
"AP_DAM_WRIS_AP01LH0068","Vagetikona Reservoir","dam","2","NO_STATUS",,"L1_SOURCE_BACKED_CONTEXT_ONLY"
"AP_DAM_WRIS_AP01LH0147","Vanaka Badigedda Dam","dam","2","NO_STATUS",,"L1_SOURCE_BACKED_CONTEXT_ONLY"
"AP_DAM_WRIS_AP01MH0148","Varadaraja Swamy Gudi Dam","dam","2","NO_STATUS",,"L1_SOURCE_BACKED_CONTEXT_ONLY"
"AP_DAM_WRIS_AP01MH0039","Varaha Dam","dam","2","NO_STATUS",,"L1_SOURCE_BACKED_CONTEXT_ONLY"
"AP_DAM_WRIS_AP01MH0066","Varikunta Dam","dam","2","NO_STATUS",,"L1_SOURCE_BACKED_CONTEXT_ONLY"
"AP_DAM_WRIS_AP01HH0081","Veligallu Dam","dam","2","NO_STATUS",,"L1_SOURCE_BACKED_CONTEXT_ONLY"
"AP_DAM_WRIS_D01824","Veligonda Dam","dam","1","SUCCESS_GLB","/reality-twin/models/AP_DAM_WRIS_D01824/AP_DAM_WRIS_D01824.glb","L2_SOURCE_BACKED_OSM_CONTEXT"
"AP_DAM_WRIS_AP01MH0150","Velugodu Dam","dam","2","NO_STATUS",,"L1_SOURCE_BACKED_CONTEXT_ONLY"
"AP_DAM_WRIS_AP01MH0069","Vengalaraya Sagar Dam","dam","2","NO_STATUS",,"L1_SOURCE_BACKED_CONTEXT_ONLY"
"AP_DAM_WRIS_AP01LH0123","Virupana  Tank","dam","2","NO_STATUS",,"L1_SOURCE_BACKED_CONTEXT_ONLY"
"AP_DAM_WRIS_AP01MH0030","Vottigadda Dam","dam","2","NO_STATUS",,"L1_SOURCE_BACKED_CONTEXT_ONLY"
"AP_DAM_WRIS_AP01LH0032","Vyasasamudram Dam","dam","2","NO_STATUS",,"L1_SOURCE_BACKED_CONTEXT_ONLY"
"AP_DAM_WRIS_AP01LH0124","Y.T.Cheruvu Dam","dam","2","NO_STATUS",,"L1_SOURCE_BACKED_CONTEXT_ONLY"
"AP_DAM_WRIS_D06208","Yeddula Eswaraiah Gandikoata Dam","dam","2","NO_STATUS",,"L1_SOURCE_BACKED_CONTEXT_ONLY"
"AP_DAM_WRIS_AP01HH0149","Yeleru Dam","dam","2","NO_STATUS",,"L1_SOURCE_BACKED_CONTEXT_ONLY"
"AP_DAM_WRIS_AP01MH0076","Yerrakalva Dam","dam","2","NO_STATUS",,"L1_SOURCE_BACKED_CONTEXT_ONLY"
"AP_DAM_NWDP_AP01MH0074","Yogi Vemana (Maddileru) Reservoir","dam","2","NO_STATUS",,"L1_SOURCE_BACKED_CONTEXT_ONLY"
"AP_DAM_WRIS_AP01MH0074","Yogivemana Dam","dam","2","NO_STATUS",,"L1_SOURCE_BACKED_CONTEXT_ONLY"
"AP_DAM_WRIS_AP01MH0022","Zurreru Dam","dam","2","NO_STATUS",,"L1_SOURCE_BACKED_CONTEXT_ONLY"
"AP_TEMPLE_KANAKA_DURGA","Sri Durga Malleswara Swamy Varla Devasthanam","temple","2","NO_STATUS",,"L1_SOURCE_BACKED_CONTEXT_ONLY"
"AP_TEMPLE_SRIKALAHASTI","Sri Kalahasteeswara Swamy Temple","temple","2","NO_STATUS",,"L1_SOURCE_BACKED_CONTEXT_ONLY"
"AP_TEMPLE_SRISAILAM","Sri Mallikarjuna Swamy Temple, Srisailam","temple","1","SUCCESS_GLB","/reality-twin/models/AP_TEMPLE_SRISAILAM/AP_TEMPLE_SRISAILAM.glb","L2_SOURCE_BACKED_OSM_CONTEXT"
"AP_TEMPLE_SIMHACHALAM","Sri Varaha Lakshmi Narasimha Temple, Simhachalam","temple","1","SUCCESS_GLB","/reality-twin/models/AP_TEMPLE_SIMHACHALAM/AP_TEMPLE_SIMHACHALAM.glb","L2_SOURCE_BACKED_OSM_CONTEXT"
"AP_TEMPLE_ANNAVARAM","Sri Veera Venkata Satyanarayana Swamy Temple, Annavaram","temple","1","SUCCESS_GLB","/reality-twin/models/AP_TEMPLE_ANNAVARAM/AP_TEMPLE_ANNAVARAM.glb","L2_SOURCE_BACKED_OSM_CONTEXT"
"AP_TEMPLE_DWARAKA_TIRUMALA","Sri Venkateswara Swamy Temple, Dwaraka Tirumala","temple","1","SUCCESS_GLB","/reality-twin/models/AP_TEMPLE_DWARAKA_TIRUMALA/AP_TEMPLE_DWARAKA_TIRUMALA.glb","L2_SOURCE_BACKED_OSM_CONTEXT"
"AP_TEMPLE_TIRUMALA","Sri Venkateswara Swamy Temple, Tirumala","temple","1","SUCCESS_GLB","/reality-twin/models/AP_TEMPLE_TIRUMALA/AP_TEMPLE_TIRUMALA.glb","L2_SOURCE_BACKED_OSM_CONTEXT"
