"priority","asset_code","name","asset_type","district","identity_status","reality_pack","imagery_status","model_status"
"1","AP_AIR_VOTP","Tirupati Airport","airport","Tirupati","VERIFIED","data\reality_twin\AP_AIR_VOTP","NOT_STARTED","NOT_AUDITED"
"1","AP_AIR_AAI_TIRUPATI","Tirupati Airport","airport","Tirupati","VERIFIED","data\reality_twin\AP_AIR_AAI_TIRUPATI","NOT_STARTED","NOT_AUDITED"
"1","AP_AIR_AAI_VIJAYAWADA","Vijayawada Airport","airport","Krishna","VERIFIED","data\reality_twin\AP_AIR_AAI_VIJAYAWADA","NOT_STARTED","NOT_AUDITED"
"1","AP_AIR_VOBZ","Vijayawada Airport","airport","Krishna","VERIFIED","data\reality_twin\AP_AIR_VOBZ","NOT_STARTED","NOT_AUDITED"
"1","AP_AIR_AAI_VISAKHAPATNAM","Visakhapatnam Airport","airport","Visakhapatnam","VERIFIED","data\reality_twin\AP_AIR_AAI_VISAKHAPATNAM","NOT_STARTED","NOT_AUDITED"
"1","AP_DAM_00001","Prakasam Barrage","barrage","NTR","VERIFIED","data\reality_twin\AP_DAM_00001","NOT_STARTED","NOT_AUDITED"
"1","AP_BAR_WRIS_B00131","Sir Arthur Cotton Barrage /Godavari Barrage","barrage","East Godavari","CANDIDATE","data\reality_twin\AP_BAR_WRIS_B00131","NOT_STARTED","NOT_AUDITED"
"1","AP_BR_00001","Godavari Arch Bridge","bridge","East Godavari","NEEDS_VERIFICATION","data\reality_twin\AP_BR_00001","NOT_STARTED","NOT_AUDITED"
"1","AP_BR_00002","Kanaka Durga Flyover","bridge","NTR","VERIFIED","data\reality_twin\AP_BR_00002","NOT_STARTED","NOT_AUDITED"
"1","AP_DAM_WRIS_AP01MH0092","Gandicheruvu (Dist-Prakasam) Dam","dam","Prakasam","CANDIDATE","data\reality_twin\AP_DAM_WRIS_AP01MH0092","NOT_STARTED","NOT_AUDITED"
"1","AP_DAM_00002","Polavaram Project","dam","Eluru","NEEDS_VERIFICATION","data\reality_twin\AP_DAM_00002","NOT_STARTED","NOT_AUDITED"
"1","AP_DAM_WRIS_AP01HH0062","Somasila Dam","dam","Sri Potti Sriramulu Nellore","CANDIDATE","data\reality_twin\AP_DAM_WRIS_AP01HH0062","NOT_STARTED","NOT_AUDITED"
"1","AP_DAM_NWDP_AP01VH0059","Srisailam Project (N.S.R.S.P)","dam","Nandyal","VERIFIED","data\reality_twin\AP_DAM_NWDP_AP01VH0059","NOT_STARTED","NOT_AUDITED"
"1","AP_TEMPLE_SRISAILAM","Sri Mallikarjuna Swamy Temple, Srisailam","temple","Nandyal","VERIFIED","data\reality_twin\AP_TEMPLE_SRISAILAM","NOT_STARTED","NOT_AUDITED"
"1","AP_TEMPLE_SIMHACHALAM","Sri Varaha Lakshmi Narasimha Temple, Simhachalam","temple","Visakhapatnam","VERIFIED","data\reality_twin\AP_TEMPLE_SIMHACHALAM","NOT_STARTED","NOT_AUDITED"
"1","AP_TEMPLE_ANNAVARAM","Sri Veera Venkata Satyanarayana Swamy Temple, Annavaram","temple","Kakinada","VERIFIED","data\reality_twin\AP_TEMPLE_ANNAVARAM","NOT_STARTED","NOT_AUDITED"
"1","AP_TEMPLE_DWARAKA_TIRUMALA","Sri Venkateswara Swamy Temple, Dwaraka Tirumala","temple","Eluru","VERIFIED","data\reality_twin\AP_TEMPLE_DWARAKA_TIRUMALA","NOT_STARTED","NOT_AUDITED"
"1","AP_TEMPLE_TIRUMALA","Sri Venkateswara Swamy Temple, Tirumala","temple","Tirupati","VERIFIED","data\reality_twin\AP_TEMPLE_TIRUMALA","NOT_STARTED","NOT_AUDITED"
"2","AP_TEMPLE_KANAKA_DURGA","Sri Durga Malleswara Swamy Varla Devasthanam","temple","NTR","VERIFIED","data\reality_twin\AP_TEMPLE_KANAKA_DURGA","STARTED","NOT_AUDITED"
"2","AP_TEMPLE_SRIKALAHASTI","Sri Kalahasteeswara Swamy Temple","temple","Tirupati","VERIFIED","data\reality_twin\AP_TEMPLE_SRIKALAHASTI","NOT_STARTED","NOT_AUDITED"
"3","AP_AIR_AAI_KADAPA","Kadapa Airport","airport","YSR Kadapa","VERIFIED","data\reality_twin\AP_AIR_AAI_KADAPA","NOT_STARTED","NOT_AUDITED"
"3","AP_AIR_AAI_KURNOOL","Kurnool Airport","airport","Kurnool","VERIFIED","data\reality_twin\AP_AIR_AAI_KURNOOL","NOT_STARTED","NOT_AUDITED"
"3","AP_AIR_AAI_RAJAHMUNDRY","Rajahmundry Airport","airport","East Godavari","VERIFIED","data\reality_twin\AP_AIR_AAI_RAJAHMUNDRY","NOT_STARTED","NOT_AUDITED"
"3","AP_BAR_WRIS_B01201","Chagallur Barrage","barrage","Anantapur","CANDIDATE","data\reality_twin\AP_BAR_WRIS_B01201","NOT_STARTED","NOT_AUDITED"
"3","AP_BAR_WRIS_B00434","Gotta Barrage","barrage","Srikakulam","CANDIDATE","data\reality_twin\AP_BAR_WRIS_B00434","NOT_STARTED","NOT_AUDITED"
"3","AP_BAR_WRIS_B00435","Neradi Barrage","barrage","Srikakulam","CANDIDATE","data\reality_twin\AP_BAR_WRIS_B00435","NOT_STARTED","NOT_AUDITED"
"3","AP_BAR_WRIS_B00800","Rallapadu Barrage","barrage","Prakasam","CANDIDATE","data\reality_twin\AP_BAR_WRIS_B00800","NOT_STARTED","NOT_AUDITED"
"3","AP_BAR_WRIS_B00448","Swarnamukhi Barrage","barrage","Sri Potti Sriramulu Nellore","CANDIDATE","data\reality_twin\AP_BAR_WRIS_B00448","NOT_STARTED","NOT_AUDITED"
"3","AP_BAR_WRIS_B00165","Tarakarama Thirtha Sagaram Barrage","barrage","Vizianagaram","CANDIDATE","data\reality_twin\AP_BAR_WRIS_B00165","NOT_STARTED","NOT_AUDITED"
"3","AP_BAR_WRIS_B00429","Thotapalli Barrage","barrage","Vizianagaram","CANDIDATE","data\reality_twin\AP_BAR_WRIS_B00429","NOT_STARTED","NOT_AUDITED"
"3","AP_BAR_WRIS_B01609","Vaikuntapuram Barrage","barrage","Guntur","CANDIDATE","data\reality_twin\AP_BAR_WRIS_B01609","NOT_STARTED","NOT_AUDITED"
"4","AP_DAM_WRIS_D01773","Ahobilam / Penna Ahobilam (Dr. K.S.P.A.B.R.) Dam","dam","Anantapur","CANDIDATE","data\reality_twin\AP_DAM_WRIS_D01773","NOT_STARTED","NOT_AUDITED"
"4","AP_DAM_WRIS_AP01MH0168","Akasaganga","dam","Chittoor","CANDIDATE","data\reality_twin\AP_DAM_WRIS_AP01MH0168","NOT_STARTED","NOT_AUDITED"
"4","AP_DAM_WRIS_AP01LH0084","Akkapalem Dam","dam","Krishna","CANDIDATE","data\reality_twin\AP_DAM_WRIS_AP01LH0084","NOT_STARTED","NOT_AUDITED"
"4","AP_DAM_WRIS_D06052","Alaganoor Dam","dam","Kurnool","CANDIDATE","data\reality_twin\AP_DAM_WRIS_D06052","NOT_STARTED","NOT_AUDITED"
"4","AP_DAM_WRIS_AP01LH0085","Ananthasagarm Dam","dam","Sri Potti Sriramulu Nellore","CANDIDATE","data\reality_twin\AP_DAM_WRIS_AP01LH0085","NOT_STARTED","NOT_AUDITED"
"4","AP_DAM_WRIS_AP01MH0072","Andhra Dam","dam","Vizianagaram","CANDIDATE","data\reality_twin\AP_DAM_WRIS_AP01MH0072","NOT_STARTED","NOT_AUDITED"
"4","AP_DAM_WRIS_AP01MH0021","Arniar Dam","dam","Chittoor","CANDIDATE","data\reality_twin\AP_DAM_WRIS_AP01MH0021","NOT_STARTED","NOT_AUDITED"
"4","AP_DAM_WRIS_AP01HH0127","Bahuda Dam","dam","Chittoor","CANDIDATE","data\reality_twin\AP_DAM_WRIS_AP01HH0127","NOT_STARTED","NOT_AUDITED"
"4","AP_DAM_WRIS_AP01MH0018","Bhairavanithippa Dam","dam","Anantapur","CANDIDATE","data\reality_twin\AP_DAM_WRIS_AP01MH0018","NOT_STARTED","NOT_AUDITED"
"4","AP_DAM_WRIS_D01879","Bhupathipalem Dam","dam","East Godavari","CANDIDATE","data\reality_twin\AP_DAM_WRIS_D01879","NOT_STARTED","NOT_AUDITED"
"4","AP_DAM_WRIS_AP01HH0019","Buggavagu Dam","dam","Guntur","CANDIDATE","data\reality_twin\AP_DAM_WRIS_AP01HH0019","NOT_STARTED","NOT_AUDITED"
"4","AP_DAM_WRIS_AP01MH0073","Buggavanka Dam","dam","Y.S.R.","CANDIDATE","data\reality_twin\AP_DAM_WRIS_AP01MH0073","NOT_STARTED","NOT_AUDITED"
"4","AP_DAM_WRIS_AP01LH0034","Bukkapatnam Dam","dam","Anantapur","CANDIDATE","data\reality_twin\AP_DAM_WRIS_AP01LH0034","NOT_STARTED","NOT_AUDITED"
"4","AP_DAM_WRIS_AP01MH0128","Chagallu Barrage Dam","dam","Anantapur","CANDIDATE","data\reality_twin\AP_DAM_WRIS_AP01MH0128","NOT_STARTED","NOT_AUDITED"
"4","AP_DAM_WRIS_AP01LH0086","Chennapatnam Cheruvu","dam","Chittoor","CANDIDATE","data\reality_twin\AP_DAM_WRIS_AP01LH0086","NOT_STARTED","NOT_AUDITED"
"4","AP_DAM_WRIS_AP01MH0129","Cheyyeru / Annamayya Dam","dam","Y.S.R.","CANDIDATE","data\reality_twin\AP_DAM_WRIS_AP01MH0129","NOT_STARTED","NOT_AUDITED"
"4","AP_DAM_WRIS_AP01LH0087","Chikkavadiyar, Anantapur","dam","Anantapur","CANDIDATE","data\reality_twin\AP_DAM_WRIS_AP01LH0087","NOT_STARTED","NOT_AUDITED"
"4","AP_DAM_WRIS_AP01LH0090","Chinna Tippa Samudram
Tank","dam","Chittoor","CANDIDATE","data\reality_twin\AP_DAM_WRIS_AP01LH0090","NOT_STARTED","NOT_AUDITED"
"4","AP_DAM_WRIS_AP01MH0089","Chinnagottigallu Tank","dam","Chittoor","CANDIDATE","data\reality_twin\AP_DAM_WRIS_AP01MH0089","NOT_STARTED","NOT_AUDITED"
"4","AP_DAM_WRIS_AP01MH0026","Chinnarayaswamy Gudi /Chennaraya Dam","dam","Anantapur","CANDIDATE","data\reality_twin\AP_DAM_WRIS_AP01MH0026","NOT_STARTED","NOT_AUDITED"
"4","AP_DAM_WRIS_AP01LH0091","Chintakuntavagu Dam","dam","Y.S.R.","CANDIDATE","data\reality_twin\AP_DAM_WRIS_AP01LH0091","NOT_STARTED","NOT_AUDITED"
"4","AP_DAM_WRIS_D00569","Chitravathi Dam","dam","Y.S.R.","CANDIDATE","data\reality_twin\AP_DAM_WRIS_D00569","NOT_STARTED","NOT_AUDITED"
"4","AP_DAM_WRIS_AP01MH0001","Cumbum Dam","dam","Prakasam","CANDIDATE","data\reality_twin\AP_DAM_WRIS_AP01MH0001","NOT_STARTED","NOT_AUDITED"
"4","AP_DAM_WRIS_AP01LH0077","Dharakalava Reservoir","dam","East Godavari","CANDIDATE","data\reality_twin\AP_DAM_WRIS_AP01LH0077","NOT_STARTED","NOT_AUDITED"
"4","AP_DAM_WRIS_AP01LH0125","Dharmavaram Dam","dam","Anantapur","CANDIDATE","data\reality_twin\AP_DAM_WRIS_AP01LH0125","NOT_STARTED","NOT_AUDITED"
"4","AP_DAM_WRIS_AP01LH0002","Dondapadu Tank","dam","Guntur","CANDIDATE","data\reality_twin\AP_DAM_WRIS_AP01LH0002","NOT_STARTED","NOT_AUDITED"
"4","AP_DAM_WRIS_AP01HH0057","Donkarai ( S.H.E.S)","dam","Malkangiri","CANDIDATE","data\reality_twin\AP_DAM_WRIS_AP01HH0057","NOT_STARTED","NOT_AUDITED"
"4","AP_DAM_WRIS_AP01MH0080","Earlakatta  Tank","dam","Prakasam","CANDIDATE","data\reality_twin\AP_DAM_WRIS_AP01MH0080","NOT_STARTED","NOT_AUDITED"
"4","AP_DAM_WRIS_D06074","Eguva Thamballa Palli - Cheruvu Dam","dam","Y.S.R.","CANDIDATE","data\reality_twin\AP_DAM_WRIS_D06074","NOT_STARTED","NOT_AUDITED"
"4","AP_DAM_WRIS_TL47HH0060","Forebay Lower Sileru ( S.H.E.S) Dam","dam","Khammam","CANDIDATE","data\reality_twin\AP_DAM_WRIS_TL47HH0060","NOT_STARTED","NOT_AUDITED"
"4","AP_DAM_WRIS_AP01MH0047","Gajuladinne (Sanjeevaiah Sagar) Dam","dam","Kurnool","CANDIDATE","data\reality_twin\AP_DAM_WRIS_AP01MH0047","NOT_STARTED","NOT_AUDITED"
"4","AP_DAM_WRIS_AP01MH0063","Gandipalem /Pcr Gandipalem Dam","dam","Sri Potti Sriramulu Nellore","CANDIDATE","data\reality_twin\AP_DAM_WRIS_AP01MH0063","NOT_STARTED","NOT_AUDITED"
"4","AP_DAM_WRIS_D02672","Ghambiramgedda Dam","dam","Visakhapatnam","CANDIDATE","data\reality_twin\AP_DAM_WRIS_D02672","NOT_STARTED","NOT_AUDITED"
"4","AP_DAM_WRIS_AP01MH0167","Gogarbham Dam","dam","Chittoor","CANDIDATE","data\reality_twin\AP_DAM_WRIS_AP01MH0167","NOT_STARTED","NOT_AUDITED"
"4","AP_DAM_WRIS_D06350","Gooty Tank","dam","Anantapur","CANDIDATE","data\reality_twin\AP_DAM_WRIS_D06350","NOT_STARTED","NOT_AUDITED"
"4","AP_DAM_WRIS_AP01HH0130","Gorakallu Dam","dam","Kurnool","CANDIDATE","data\reality_twin\AP_DAM_WRIS_AP01HH0130","NOT_STARTED","NOT_AUDITED"
"4","AP_DAM_WRIS_AP01LH0093","Gowricheru, Mogili","dam","Chittoor","CANDIDATE","data\reality_twin\AP_DAM_WRIS_AP01LH0093","NOT_STARTED","NOT_AUDITED"
"4","AP_DAM_WRIS_AP01LH0033","Gujjuvai  Reservoir","dam","Vizianagaram","CANDIDATE","data\reality_twin\AP_DAM_WRIS_AP01LH0033","NOT_STARTED","NOT_AUDITED"
"4","AP_DAM_WRIS_AP01MH0094","Gullur Tank","dam","Chittoor","CANDIDATE","data\reality_twin\AP_DAM_WRIS_AP01MH0094","NOT_STARTED","NOT_AUDITED"
"4","AP_DAM_WRIS_D00587","Gundlakamma Dam","dam","Prakasam","CANDIDATE","data\reality_twin\AP_DAM_WRIS_D00587","NOT_STARTED","NOT_AUDITED"
"4","AP_DAM_WRIS_D03507","Gundlamotu Dam","dam","Prakasam","CANDIDATE","data\reality_twin\AP_DAM_WRIS_D03507","NOT_STARTED","NOT_AUDITED"
"4","AP_DAM_WRIS_AP01MH0095","Gundlamotu Reservoir","dam","Prakasam","CANDIDATE","data\reality_twin\AP_DAM_WRIS_AP01MH0095","NOT_STARTED","NOT_AUDITED"
"4","AP_DAM_WRIS_AP01HH0023","Guntawada Main Dam","dam","Visakhapatnam","CANDIDATE","data\reality_twin\AP_DAM_WRIS_AP01HH0023","NOT_STARTED","NOT_AUDITED"
"4","AP_DAM_WRIS_AP01LH0096","Haresamudram Big Dam","dam","Anantapur","CANDIDATE","data\reality_twin\AP_DAM_WRIS_AP01LH0096","NOT_STARTED","NOT_AUDITED"
"4","AP_DAM_WRIS_AP01_0131","Hiramandalam Dam","dam","Srikakulam","CANDIDATE","data\reality_twin\AP_DAM_WRIS_AP01_0131","NOT_STARTED","NOT_AUDITED"
"4","AP_DAM_WRIS_AP01LH0054","Itugulapadu Tank","dam","YSR","CANDIDATE","data\reality_twin\AP_DAM_WRIS_AP01LH0054","NOT_STARTED","NOT_AUDITED"
"4","AP_DAM_WRIS_AP01LH0097","Jajigedda Dam","dam","Visakhapatnam","CANDIDATE","data\reality_twin\AP_DAM_WRIS_AP01LH0097","NOT_STARTED","NOT_AUDITED"
"4","AP_DAM_WRIS_AP01LH0051","Jalakanur Dam","dam","Kurnool","CANDIDATE","data\reality_twin\AP_DAM_WRIS_AP01LH0051","NOT_STARTED","NOT_AUDITED"
"4","AP_DAM_WRIS_AP01HH0064","Jalleru Dam","dam","West Godavari","CANDIDATE","data\reality_twin\AP_DAM_WRIS_AP01HH0064","NOT_STARTED","NOT_AUDITED"
"4","AP_DAM_WRIS_AP01HH0132","Jhanjhavathi / Janjavathi Dam","dam","Vizianagaram","CANDIDATE","data\reality_twin\AP_DAM_WRIS_AP01HH0132","NOT_STARTED","NOT_AUDITED"
"4","AP_DAM_WRIS_D06395","Kakarla Dam","dam","Prakasam","CANDIDATE","data\reality_twin\AP_DAM_WRIS_D06395","NOT_STARTED","NOT_AUDITED"
"4","AP_DAM_WRIS_AP01MH0015","Kalangi Dam","dam","Chittoor","CANDIDATE","data\reality_twin\AP_DAM_WRIS_AP01MH0015","NOT_STARTED","NOT_AUDITED"
"4","AP_DAM_WRIS_AP01LH0041","Kaleti Vagu Reservoir","dam","YSR","CANDIDATE","data\reality_twin\AP_DAM_WRIS_AP01LH0041","NOT_STARTED","NOT_AUDITED"
"4","AP_DAM_WRIS_D06095","Kalinga Dal Dam","dam","Srikakulam","CANDIDATE","data\reality_twin\AP_DAM_WRIS_D06095","NOT_STARTED","NOT_AUDITED"
"4","AP_DAM_NWDP_AP01HH0040","Kalyani Dam","dam","Tirupati","VERIFIED","data\reality_twin\AP_DAM_NWDP_AP01HH0040","NOT_STARTED","NOT_AUDITED"
"4","AP_DAM_WRIS_AP01LH0098","Kampasamudram New Dam","dam","Sri Potti Sriramulu Nellore","CANDIDATE","data\reality_twin\AP_DAM_WRIS_AP01LH0098","NOT_STARTED","NOT_AUDITED"
"4","AP_DAM_WRIS_AP01HH0133","Kandaleru /Kandaleru Dam","dam","Sri Potti Sriramulu Nellore","CANDIDATE","data\reality_twin\AP_DAM_WRIS_AP01HH0133","NOT_STARTED","NOT_AUDITED"
"4","AP_DAM_WRIS_D06351","Kanelal Tank","dam","Anantapur","CANDIDATE","data\reality_twin\AP_DAM_WRIS_D06351","NOT_STARTED","NOT_AUDITED"
"4","AP_DAM_WRIS_D00719","Kanigiri Dam","dam","Sri Potti Sriramulu Nellore","CANDIDATE","data\reality_twin\AP_DAM_WRIS_D00719","NOT_STARTED","NOT_AUDITED"
"4","AP_DAM_WRIS_AP01LH0099","Koduru Reservoir","dam","Anantapur","CANDIDATE","data\reality_twin\AP_DAM_WRIS_AP01LH0099","NOT_STARTED","NOT_AUDITED"
"4","AP_DAM_WRIS_AP01MH0056","Konam Dam","dam","Visakhapatnam","CANDIDATE","data\reality_twin\AP_DAM_WRIS_AP01MH0056","NOT_STARTED","NOT_AUDITED"
"4","AP_DAM_WRIS_D02041","Kovvadakalva Dam","dam","West Godavari","CANDIDATE","data\reality_twin\AP_DAM_WRIS_D02041","NOT_STARTED","NOT_AUDITED"
"4","AP_DAM_WRIS_AP01MH0052","Krishnapuram (Chittor) Dam","dam","Chittoor","CANDIDATE","data\reality_twin\AP_DAM_WRIS_AP01MH0052","NOT_STARTED","NOT_AUDITED"
"4","AP_DAM_WRIS_AP01HH0169","Kumaradhara Pushpadhara
Dam","dam","Chittoor","CANDIDATE","data\reality_twin\AP_DAM_WRIS_AP01HH0169","NOT_STARTED","NOT_AUDITED"
"4","AP_DAM_WRIS_D02317","Kumili Dam","dam","Vizianagaram","CANDIDATE","data\reality_twin\AP_DAM_WRIS_D02317","NOT_STARTED","NOT_AUDITED"
"4","AP_DAM_WRIS_AP01MH0100","Kushavathi Dam","dam","Y.S.R.","CANDIDATE","data\reality_twin\AP_DAM_WRIS_AP01MH0100","NOT_STARTED","NOT_AUDITED"
"4","AP_DAM_WRIS_D02086","Lower Sagileru Dam","dam","Y.S.R.","CANDIDATE","data\reality_twin\AP_DAM_WRIS_D02086","NOT_STARTED","NOT_AUDITED"
"4","AP_DAM_WRIS_AP01LH0102","Madakasira Dam","dam","Anantapur","CANDIDATE","data\reality_twin\AP_DAM_WRIS_AP01LH0102","NOT_STARTED","NOT_AUDITED"
"4","AP_DAM_WRIS_AP01MH0078","Maddigedda Dam","dam","East Godavari","CANDIDATE","data\reality_twin\AP_DAM_WRIS_AP01MH0078","NOT_STARTED","NOT_AUDITED"
"4","AP_DAM_WRIS_AP01MH0075","Madduvalasa Dam","dam","Srikakulam","CANDIDATE","data\reality_twin\AP_DAM_WRIS_AP01MH0075","NOT_STARTED","NOT_AUDITED"
"4","AP_DAM_NWDP_AP01MH0135","Mallemadugu","dam","Tirupati","VERIFIED","data\reality_twin\AP_DAM_NWDP_AP01MH0135","NOT_STARTED","NOT_AUDITED"
"4","AP_DAM_WRIS_AP01LH0136","Marala Dam","dam","Anantapur","CANDIDATE","data\reality_twin\AP_DAM_WRIS_AP01LH0136","NOT_STARTED","NOT_AUDITED"
"4","AP_DAM_WRIS_AP01LH0006","Markapur  Tank","dam","Prakasam","CANDIDATE","data\reality_twin\AP_DAM_WRIS_AP01LH0006","NOT_STARTED","NOT_AUDITED"
"4","AP_DAM_WRIS_D06353","Matchukota Balancing Reservoir","dam","Anantapur","CANDIDATE","data\reality_twin\AP_DAM_WRIS_D06353","NOT_STARTED","NOT_AUDITED"
"4","AP_DAM_WRIS_AP01MH0042","Mehadrigedda","dam","Visakhapatnam","CANDIDATE","data\reality_twin\AP_DAM_WRIS_AP01MH0042","NOT_STARTED","NOT_AUDITED"
"4","AP_DAM_WRIS_D06026","Midpennar Stage-I/Mid-Pennar Dam","dam","Anantapur","CANDIDATE","data\reality_twin\AP_DAM_WRIS_D06026","NOT_STARTED","NOT_AUDITED"
"4","AP_DAM_WRIS_AP01MH0004","Mopadu Dam","dam","Prakasam","CANDIDATE","data\reality_twin\AP_DAM_WRIS_AP01MH0004","NOT_STARTED","NOT_AUDITED"
"4","AP_DAM_WRIS_AP01MH0036","Muraripalli / Mararipalli Dam","dam","Prakasam","CANDIDATE","data\reality_twin\AP_DAM_WRIS_AP01MH0036","NOT_STARTED","NOT_AUDITED"
"4","AP_DAM_WRIS_AP01HH0137","Musurumilli /Musurmilli Dam","dam","East Godavari","CANDIDATE","data\reality_twin\AP_DAM_WRIS_AP01HH0137","NOT_STARTED","NOT_AUDITED"
"4","AP_DAM_WRIS_AP01LH0103","Muthyalacheruvu","dam","Anantapur","CANDIDATE","data\reality_twin\AP_DAM_WRIS_AP01LH0103","NOT_STARTED","NOT_AUDITED"
"4","AP_DAM_WRIS_AP01MH0058","Mylavaram Dam","dam","Y.S.R.","CANDIDATE","data\reality_twin\AP_DAM_WRIS_AP01MH0058","NOT_STARTED","NOT_AUDITED"
"4","AP_DAM_WRIS_AP01MH0138","N.T.R. , Thatiparthi(V), Madugula (M) Dam","dam","Visakhapatnam","CANDIDATE","data\reality_twin\AP_DAM_WRIS_AP01MH0138","NOT_STARTED","NOT_AUDITED"
"4","AP_DAM_WRIS_AP01MH0083","N.T.R. T.G.P-Subsidiary
Reservoir  No 1","dam","YSR","CANDIDATE","data\reality_twin\AP_DAM_WRIS_AP01MH0083","NOT_STARTED","NOT_AUDITED"
"4","AP_DAM_WRIS_AP01MH0152","N.T.R. T.G.P-Subsidiary
Reservoir  No 2","dam","YSR","CANDIDATE","data\reality_twin\AP_DAM_WRIS_AP01MH0152","NOT_STARTED","NOT_AUDITED"
"4","AP_DAM_WRIS_AP01MH0028","Nagurur Dam","dam","Kurnool","CANDIDATE","data\reality_twin\AP_DAM_WRIS_AP01MH0028","NOT_STARTED","NOT_AUDITED"
"4","AP_DAM_WRIS_AP01MH0010","Nakkalagandi Dam","dam","Sri Potti Sriramulu Nellore","CANDIDATE","data\reality_twin\AP_DAM_WRIS_AP01MH0010","NOT_STARTED","NOT_AUDITED"
"4","AP_DAM_WRIS_D02198","Narayanapuram Dam","dam","Srikakulam","CANDIDATE","data\reality_twin\AP_DAM_WRIS_D02198","NOT_STARTED","NOT_AUDITED"
"4","AP_DAM_WRIS_D00721","Nellore Dam","dam","Sri Potti Sriramulu Nellore","CANDIDATE","data\reality_twin\AP_DAM_WRIS_D00721","NOT_STARTED","NOT_AUDITED"
"4","AP_DAM_WRIS_D06356","P.T.Cheruvu","dam","Anantapur","CANDIDATE","data\reality_twin\AP_DAM_WRIS_D06356","NOT_STARTED","NOT_AUDITED"
"4","AP_DAM_WRIS_D00963","Paleru ,Owk Dam","dam","Kurnool","CANDIDATE","data\reality_twin\AP_DAM_WRIS_D00963","NOT_STARTED","NOT_AUDITED"
"4","AP_DAM_WRIS_AP01MH0046","Pampa Dam","dam","East Godavari","CANDIDATE","data\reality_twin\AP_DAM_WRIS_AP01MH0046","NOT_STARTED","NOT_AUDITED"
"4","AP_DAM_WRIS_AP01LH0104","Panthulu Cheruvu Dam","dam","Anantapur","CANDIDATE","data\reality_twin\AP_DAM_WRIS_AP01LH0104","NOT_STARTED","NOT_AUDITED"
"4","AP_DAM_WRIS_AP01HH0060","Papavinasanam Dam","dam","Chittoor","CANDIDATE","data\reality_twin\AP_DAM_WRIS_AP01HH0060","NOT_STARTED","NOT_AUDITED"
"4","AP_DAM_WRIS_AP01LH0105","Pattikondavanka, Guttava","dam","Chittoor","CANDIDATE","data\reality_twin\AP_DAM_WRIS_AP01LH0105","NOT_STARTED","NOT_AUDITED"
"4","AP_DAM_WRIS_AP01LH0106","Paya Cheruvu Dam","dam","Chittoor","CANDIDATE","data\reality_twin\AP_DAM_WRIS_AP01LH0106","NOT_STARTED","NOT_AUDITED"
"4","AP_DAM_WRIS_AP01LH0070","Pedaballi Dam","dam","Anantapur","CANDIDATE","data\reality_twin\AP_DAM_WRIS_AP01LH0070","NOT_STARTED","NOT_AUDITED"
"4","AP_DAM_WRIS_AP01LH0037","Pedda Cheruvu , Nagasamudram Dam","dam","Anantapur","CANDIDATE","data\reality_twin\AP_DAM_WRIS_AP01LH0037","NOT_STARTED","NOT_AUDITED"
"4","AP_DAM_WRIS_AP01LH0108","Pedda Rayala Cheruvu Dam","dam","Chittoor","CANDIDATE","data\reality_twin\AP_DAM_WRIS_AP01LH0108","NOT_STARTED","NOT_AUDITED"
"4","AP_DAM_WRIS_AP01MH0109","Pedda Tippa Samudram Dam","dam","Chittoor","CANDIDATE","data\reality_twin\AP_DAM_WRIS_AP01MH0109","NOT_STARTED","NOT_AUDITED"
"4","AP_DAM_WRIS_AP01LH0107","Peddabadava, Tulasikrishan Dam","dam","Chittoor","CANDIDATE","data\reality_twin\AP_DAM_WRIS_AP01LH0107","NOT_STARTED","NOT_AUDITED"
"4","AP_DAM_WRIS_AP01MH0044","Peddabommalapuram
Reservoir","dam","Prakasam","CANDIDATE","data\reality_twin\AP_DAM_WRIS_AP01MH0044","NOT_STARTED","NOT_AUDITED"
"4","AP_DAM_WRIS_AP01MH0140","Peddagedda Dam","dam","Vizianagaram","CANDIDATE","data\reality_twin\AP_DAM_WRIS_AP01MH0140","NOT_STARTED","NOT_AUDITED"
"4","AP_DAM_WRIS_D04538","Peddayetivanka, Annupal Dam","dam","Chittoor","CANDIDATE","data\reality_twin\AP_DAM_WRIS_D04538","NOT_STARTED","NOT_AUDITED"
"4","AP_DAM_NWDP_AP01HH0049","Pedderu","dam","Annamayya","VERIFIED","data\reality_twin\AP_DAM_NWDP_AP01HH0049","NOT_STARTED","NOT_AUDITED"
"4","AP_DAM_WRIS_D06352","Pendekallu","dam","Anantapur","CANDIDATE","data\reality_twin\AP_DAM_WRIS_D06352","NOT_STARTED","NOT_AUDITED"
"4","AP_DAM_WRIS_AP01LH0067","Pendlur Dam","dam","Y.S.R.","CANDIDATE","data\reality_twin\AP_DAM_WRIS_AP01LH0067","NOT_STARTED","NOT_AUDITED"
"4","AP_DAM_WRIS_AP01LH0111","Peruru Dam","dam","Chittoor","CANDIDATE","data\reality_twin\AP_DAM_WRIS_AP01LH0111","NOT_STARTED","NOT_AUDITED"
"4","AP_DAM_WRIS_AP01MH0016","Pincha Dam","dam","Y.S.R.","CANDIDATE","data\reality_twin\AP_DAM_WRIS_AP01MH0016","NOT_STARTED","NOT_AUDITED"
"4","AP_DAM_WRIS_AP01LH0045","Pittakayagulla Dam","dam","Prakasam","CANDIDATE","data\reality_twin\AP_DAM_WRIS_AP01LH0045","NOT_STARTED","NOT_AUDITED"
"4","AP_DAM_WRIS_AP01HH0159","Ps Velegonda Project Kakarla
Dam","dam","Prakasam","CANDIDATE","data\reality_twin\AP_DAM_WRIS_AP01HH0159","NOT_STARTED","NOT_AUDITED"
"4","AP_DAM_WRIS_D06327","Pulichintala","dam","Nalgonda","CANDIDATE","data\reality_twin\AP_DAM_WRIS_D06327","NOT_STARTED","NOT_AUDITED"
"4","AP_DAM_WRIS_AP01MH0053","Raiwada Dam","dam","Visakhapatnam","CANDIDATE","data\reality_twin\AP_DAM_WRIS_AP01MH0053","NOT_STARTED","NOT_AUDITED"
"4","AP_DAM_WRIS_AP01LH0113","Rallakalva, Kaliyambaka","dam","Chittoor","CANDIDATE","data\reality_twin\AP_DAM_WRIS_AP01LH0113","NOT_STARTED","NOT_AUDITED"
"4","AP_DAM_WRIS_AP01LH0013","Rallapadu Dam","dam","Prakasam","CANDIDATE","data\reality_twin\AP_DAM_WRIS_AP01LH0013","NOT_STARTED","NOT_AUDITED"
"4","AP_DAM_WRIS_D06139","Ramathirtham Dam","dam","Prakasam","CANDIDATE","data\reality_twin\AP_DAM_WRIS_D06139","NOT_STARTED","NOT_AUDITED"
"4","AP_DAM_WRIS_AP01MH0114","Rao Cheruvu,  Rajupalem","dam","YSR","CANDIDATE","data\reality_twin\AP_DAM_WRIS_AP01MH0114","NOT_STARTED","NOT_AUDITED"
"4","AP_DAM_WRIS_AP01LH0115","Rayalacheruvu Dam","dam","Anantapur","CANDIDATE","data\reality_twin\AP_DAM_WRIS_AP01LH0115","NOT_STARTED","NOT_AUDITED"
"4","AP_DAM_WRIS_AP01LH0048","Sadasivakona Dam","dam","Chittoor","CANDIDATE","data\reality_twin\AP_DAM_WRIS_AP01LH0048","NOT_STARTED","NOT_AUDITED"
"4","AP_DAM_WRIS_AP01LH0050","Saddikutimadugu Reservoir","dam","Chittoor","CANDIDATE","data\reality_twin\AP_DAM_WRIS_AP01LH0050","NOT_STARTED","NOT_AUDITED"
"4","AP_DAM_WRIS_AP01LH0071","Sancherla Dam","dam","Y.S.R.","CANDIDATE","data\reality_twin\AP_DAM_WRIS_AP01LH0071","NOT_STARTED","NOT_AUDITED"
"4","AP_DAM_WRIS_AP01LH0116","Sankarayalapeta Dam","dam","Chittoor","CANDIDATE","data\reality_twin\AP_DAM_WRIS_AP01LH0116","NOT_STARTED","NOT_AUDITED"
"4","AP_DAM_WRIS_AP01LH0061","Savisettipalli Dam","dam","Y.S.R.","CANDIDATE","data\reality_twin\AP_DAM_WRIS_AP01LH0061","NOT_STARTED","NOT_AUDITED"
"4","AP_DAM_WRIS_AP01LH0117","Seethai Cheru, Seethaipally Dam","dam","Prakasam","CANDIDATE","data\reality_twin\AP_DAM_WRIS_AP01LH0117","NOT_STARTED","NOT_AUDITED"
"4","AP_DAM_WRIS_AP01MH0017","Siddalagandi Dam","dam","Chittoor","CANDIDATE","data\reality_twin\AP_DAM_WRIS_AP01MH0017","NOT_STARTED","NOT_AUDITED"
"4","AP_DAM_WRIS_AP01MH0003","Siddapuram Tank","dam","Kurnool","CANDIDATE","data\reality_twin\AP_DAM_WRIS_AP01MH0003","NOT_STARTED","NOT_AUDITED"
"4","AP_DAM_WRIS_D06393","Spvbs Dam","dam","Y.s.r.","CANDIDATE","data\reality_twin\AP_DAM_WRIS_D06393","NOT_STARTED","NOT_AUDITED"
"4","AP_DAM_WRIS_AP01LH0118","Sreerangarayani Cheruvu Dam","dam","Anantapur","CANDIDATE","data\reality_twin\AP_DAM_WRIS_AP01LH0118","NOT_STARTED","NOT_AUDITED"
"4","AP_DAM_WRIS_D06354","Sri Subbaraya Sagar","dam","Anantapur","CANDIDATE","data\reality_twin\AP_DAM_WRIS_D06354","NOT_STARTED","NOT_AUDITED"
"4","AP_DAM_WRIS_D02215","Sri Tenneti Viswanatham Pedderu Dam","dam","Visakhapatnam","CANDIDATE","data\reality_twin\AP_DAM_WRIS_D02215","NOT_STARTED","NOT_AUDITED"
"4","AP_DAM_WRIS_AP01MH0027","Subba Reddy Sagar","dam","East Godavari","CANDIDATE","data\reality_twin\AP_DAM_WRIS_AP01MH0027","NOT_STARTED","NOT_AUDITED"
"4","AP_DAM_WRIS_D02269","Surampalem Dam","dam","East Godavari","CANDIDATE","data\reality_twin\AP_DAM_WRIS_D02269","NOT_STARTED","NOT_AUDITED"
"4","AP_DAM_WRIS_AP01MH0166","Surempalem Reservoir
Project","dam","East Godavari","CANDIDATE","data\reality_twin\AP_DAM_WRIS_AP01MH0166","NOT_STARTED","NOT_AUDITED"
"4","AP_DAM_WRIS_AP01LH0119","Swamy Tank","dam","Sri Potti Sriramulu Nellore","CANDIDATE","data\reality_twin\AP_DAM_WRIS_AP01LH0119","NOT_STARTED","NOT_AUDITED"
"4","AP_DAM_WRIS_AP01LH0120","T.Sundupalli Dam","dam","Y.S.R.","CANDIDATE","data\reality_twin\AP_DAM_WRIS_AP01LH0120","NOT_STARTED","NOT_AUDITED"
"4","AP_DAM_WRIS_AP01MH0121","Tajangi , Tajangi(V) Dam","dam","Visakhapatnam","CANDIDATE","data\reality_twin\AP_DAM_WRIS_AP01MH0121","NOT_STARTED","NOT_AUDITED"
"4","AP_DAM_WRIS_AP01LH0055","Thadukuvagu Dam","dam","Y.S.R.","CANDIDATE","data\reality_twin\AP_DAM_WRIS_AP01LH0055","NOT_STARTED","NOT_AUDITED"
"4","AP_DAM_WRIS_AP01MH0065","Thammileru Dam","dam","Krishna","CANDIDATE","data\reality_twin\AP_DAM_WRIS_AP01MH0065","NOT_STARTED","NOT_AUDITED"
"4","AP_DAM_WRIS_AP01HH0043","Thandava(Sri Raja Sagi Suryanarayana Raju (Srssr) Dam","dam","Visakhapatnam","CANDIDATE","data\reality_twin\AP_DAM_WRIS_AP01HH0043","NOT_STARTED","NOT_AUDITED"
"4","AP_DAM_WRIS_AP01HH0024","Thatipudi Dam","dam","Vizianagaram","CANDIDATE","data\reality_twin\AP_DAM_WRIS_AP01HH0024","NOT_STARTED","NOT_AUDITED"
"4","AP_DAM_WRIS_AP01LH0005","Thippayapalem Dam","dam","Prakasam","CANDIDATE","data\reality_twin\AP_DAM_WRIS_AP01LH0005","NOT_STARTED","NOT_AUDITED"
"4","AP_DAM_WRIS_D06394","Turimella Reservoir Dam","dam","Prakasam","CANDIDATE","data\reality_twin\AP_DAM_WRIS_D06394","NOT_STARTED","NOT_AUDITED"
"4","AP_DAM_NWDP_AP01MH0011","Upper Pennar","dam","Sri Sathya Sai","VERIFIED","data\reality_twin\AP_DAM_NWDP_AP01MH0011","NOT_STARTED","NOT_AUDITED"
"4","AP_DAM_WRIS_AP01LH0122","Ura Tank, S.R. Puram","dam","Sri Potti Sriramulu Nellore","CANDIDATE","data\reality_twin\AP_DAM_WRIS_AP01LH0122","NOT_STARTED","NOT_AUDITED"
"4","AP_DAM_WRIS_AP01MH0145","Urakagedda , Sankaram (V), Madugula(M) Dam","dam","Visakhapatnam","CANDIDATE","data\reality_twin\AP_DAM_WRIS_AP01MH0145","NOT_STARTED","NOT_AUDITED"
"4","AP_DAM_WRIS_AP01LH0068","Vagetikona Reservoir","dam","YSR","CANDIDATE","data\reality_twin\AP_DAM_WRIS_AP01LH0068","NOT_STARTED","NOT_AUDITED"
"4","AP_DAM_WRIS_AP01LH0147","Vanaka Badigedda Dam","dam","Vizianagaram","CANDIDATE","data\reality_twin\AP_DAM_WRIS_AP01LH0147","NOT_STARTED","NOT_AUDITED"
"4","AP_DAM_WRIS_AP01MH0148","Varadaraja Swamy Gudi Dam","dam","Kurnool","CANDIDATE","data\reality_twin\AP_DAM_WRIS_AP01MH0148","NOT_STARTED","NOT_AUDITED"
"4","AP_DAM_WRIS_AP01MH0039","Varaha Dam","dam","Visakhapatnam","CANDIDATE","data\reality_twin\AP_DAM_WRIS_AP01MH0039","NOT_STARTED","NOT_AUDITED"
"4","AP_DAM_WRIS_AP01MH0066","Varikunta Dam","dam","Y.S.R.","CANDIDATE","data\reality_twin\AP_DAM_WRIS_AP01MH0066","NOT_STARTED","NOT_AUDITED"
"4","AP_DAM_WRIS_AP01HH0081","Veligallu Dam","dam","Y.S.R.","CANDIDATE","data\reality_twin\AP_DAM_WRIS_AP01HH0081","NOT_STARTED","NOT_AUDITED"
"4","AP_DAM_WRIS_D01824","Veligonda Dam","dam","Prakasam","CANDIDATE","data\reality_twin\AP_DAM_WRIS_D01824","NOT_STARTED","NOT_AUDITED"
"4","AP_DAM_WRIS_AP01MH0150","Velugodu Dam","dam","Kurnool","CANDIDATE","data\reality_twin\AP_DAM_WRIS_AP01MH0150","NOT_STARTED","NOT_AUDITED"
"4","AP_DAM_WRIS_AP01MH0069","Vengalaraya Sagar Dam","dam","Vizianagaram","CANDIDATE","data\reality_twin\AP_DAM_WRIS_AP01MH0069","NOT_STARTED","NOT_AUDITED"
"4","AP_DAM_WRIS_AP01LH0123","Virupana  Tank","dam","Anantapur","CANDIDATE","data\reality_twin\AP_DAM_WRIS_AP01LH0123","NOT_STARTED","NOT_AUDITED"
"4","AP_DAM_WRIS_AP01MH0030","Vottigadda Dam","dam","Vizianagaram","CANDIDATE","data\reality_twin\AP_DAM_WRIS_AP01MH0030","NOT_STARTED","NOT_AUDITED"
"4","AP_DAM_WRIS_AP01LH0032","Vyasasamudram Dam","dam","Chittoor","CANDIDATE","data\reality_twin\AP_DAM_WRIS_AP01LH0032","NOT_STARTED","NOT_AUDITED"
"4","AP_DAM_WRIS_AP01LH0124","Y.T.Cheruvu Dam","dam","Anantapur","CANDIDATE","data\reality_twin\AP_DAM_WRIS_AP01LH0124","NOT_STARTED","NOT_AUDITED"
"4","AP_DAM_WRIS_D06208","Yeddula Eswaraiah Gandikoata Dam","dam","Y.S.R.","CANDIDATE","data\reality_twin\AP_DAM_WRIS_D06208","NOT_STARTED","NOT_AUDITED"
"4","AP_DAM_WRIS_AP01HH0149","Yeleru Dam","dam","East Godavari","CANDIDATE","data\reality_twin\AP_DAM_WRIS_AP01HH0149","NOT_STARTED","NOT_AUDITED"
"4","AP_DAM_WRIS_AP01MH0076","Yerrakalva Dam","dam","West Godavari","CANDIDATE","data\reality_twin\AP_DAM_WRIS_AP01MH0076","NOT_STARTED","NOT_AUDITED"
"4","AP_DAM_NWDP_AP01MH0074","Yogi Vemana (Maddileru) Reservoir","dam","Sri Sathya Sai","VERIFIED","data\reality_twin\AP_DAM_NWDP_AP01MH0074","NOT_STARTED","NOT_AUDITED"
"4","AP_DAM_WRIS_AP01MH0074","Yogivemana Dam","dam","Anantapur","CANDIDATE","data\reality_twin\AP_DAM_WRIS_AP01MH0074","NOT_STARTED","NOT_AUDITED"
"4","AP_DAM_WRIS_AP01MH0022","Zurreru Dam","dam","Kurnool","CANDIDATE","data\reality_twin\AP_DAM_WRIS_AP01MH0022","NOT_STARTED","NOT_AUDITED"
