station,normalized_station,exact_asset_candidates,status
ADINIMMAYA PALLI,ADINIMMAYA PALLI,0,NO_EXACT_MATCH
BAHUDA,BAHUDA,0,NO_EXACT_MATCH
BHAIRAVANITIPPA PROJECT,BHAIRAVANITIPPA PROJECT,0,NO_EXACT_MATCH
MALLI MADUGU.,MALLI MADUGU,0,NO_EXACT_MATCH
PENNAR KUMUDVATHY,PENNAR KUMUDVATHY,0,NO_EXACT_MATCH
SRI SAILAM PROJECT,SRI SAILAM PROJECT,0,NO_EXACT_MATCH
SWARNAMUKHI.,SWARNAMUKHI,0,NO_EXACT_MATCH
UPPER PENNAR PROJECT,UPPER PENNAR PROJECT,0,NO_EXACT_MATCH
YOGIVEMANA RESERVOIR PROJECT,YOGIVEMANA RESERVOIR PROJECT,0,NO_EXACT_MATCH
