page,line_number,chainages,bridge_types,conditions,defects,text
7,20,2.5,,,,results of which are included in the Materials Report submitted by the Consultants | (SWK) along with the PPR for Package B and C. | 2.5 Drainage | There is no significant drainage system along the existing Project Highway. Adequate | care must be taken in doing the detailed design of the drainage system along the
7,24,2.6; 100,,,,"care must be taken in doing the detailed design of the drainage system along the | highway. | 2.6 Road Geometry | The horizontal geometry of the existing road is generally acceptable for the proposed | design speed of 100 kph, however there are a number of areas where local curve"
7,28,100; 2.7,,,,"design speed of 100 kph, however there are a number of areas where local curve | improvement will be necessary . | 2.7 Abutting Landuse | The project highway is characterised by mainly agricultural lands. Only at the urban | locations there is a commercial activity along the highway but this is only for a short"
8,1,2.8; 7,,,,"2.8 Cross Drainage Structure | Culverts | The culvert inventory and condition survey was canied out between 3rd and 7"""
8,13,,,,LEACHING; CORROSION,"culverts have been neglected and not received routine maintenance consequently they | were found to be heavily silted and in some cases inhibited the flow. General defects | that were observed, were erosion of the bed, leaching of abutment walls, edge | breaking of slabs, corrosion of reinforcement, obstruction of the vent due to the | growth of vegetation, etc., The detailed findings of the inventory and condition"
8,14,6,,,LEACHING; CORROSION,"were found to be heavily silted and in some cases inhibited the flow. General defects | that were observed, were erosion of the bed, leaching of abutment walls, edge | breaking of slabs, corrosion of reinforcement, obstruction of the vent due to the | growth of vegetation, etc., The detailed findings of the inventory and condition | survey are provided in Appendix A5.6 of the Final Feasibility Report submitted by"
8,27,85; 202; 52.8; 163.6; 5,BRIDGE,,,85 | 202 | A detailed bridge inventory and condition survey was carried out on all the bridges | between km 52.8 to km 163.6. The site survey has revealed the following details and | are indicated in Table A-5
8,28,202; 52.8; 163.6; 5,BRIDGE,,,202 | A detailed bridge inventory and condition survey was carried out on all the bridges | between km 52.8 to km 163.6. The site survey has revealed the following details and | are indicated in Table A-5 | Table A-5 : List of Bridges along the Project Highway
8,35,,ROB; MINOR BRIDGE,,CRACKING; CRACKS,"Number of Bridges | Number of ROBS | Major bridges (including ROB) | Minor Bridge | (i) Cracking, cracks could be of different types"
8,36,,ROB; MINOR BRIDGE,,CRACKING; CRACKS,"Number of ROBS | Major bridges (including ROB) | Minor Bridge | (i) Cracking, cracks could be of different types | (ii) Scaling"
8,37,,ROB; MINOR BRIDGE,,CRACKING; CRACKS; SPALLING,"Major bridges (including ROB) | Minor Bridge | (i) Cracking, cracks could be of different types | (ii) Scaling | (iii) Spalling of concrete"
8,39,,,,CRACKING; CRACKS; SPALLING; LEACHING; RUST,"(i) Cracking, cracks could be of different types | (ii) Scaling | (iii) Spalling of concrete | (iv) Leaching | (v) Rust stains"
8,40,,,,SPALLING; LEACHING; RUST; DELAMINATION,(ii) Scaling | (iii) Spalling of concrete | (iv) Leaching | (v) Rust stains | (vi) Delamination
8,41,,,,SPALLING; LEACHING; RUST; DELAMINATION; DEFORMATION,(iii) Spalling of concrete | (iv) Leaching | (v) Rust stains | (vi) Delamination | (vii) Deformation
8,42,,,,LEACHING; RUST; DELAMINATION; DEFORMATION,(iv) Leaching | (v) Rust stains | (vi) Delamination | (vii) Deformation | Numbers
8,43,40,,,RUST; DELAMINATION; DEFORMATION,(v) Rust stains | (vi) Delamination | (vii) Deformation | Numbers | 40
9,3,,,,CRACKS; SETTLEMENT,"Visual observations carried out during the condition survey were mainly made to find | out the above listed distresses. In addition to the superstructures, the masonry | substructure was inspected to locate cracks and loose mortar in joints specially for | pier and abutments. The wing walls and the return walls were inspected to locate any | separation of these from the abutment. Any unusual differential settlement which"
9,5,,,,CRACKS; SETTLEMENT,substructure was inspected to locate cracks and loose mortar in joints specially for | pier and abutments. The wing walls and the return walls were inspected to locate any | separation of these from the abutment. Any unusual differential settlement which | gives rise to cracks in the return or wing walls were looked for. | The details of inventory and condition survey are enclosed in the Final Feasibility
9,6,4,,,SETTLEMENT; CRACKS,pier and abutments. The wing walls and the return walls were inspected to locate any | separation of these from the abutment. Any unusual differential settlement which | gives rise to cracks in the return or wing walls were looked for. | The details of inventory and condition survey are enclosed in the Final Feasibility | Report Appendix A5.4.
9,9,4; 2.9,,,,"The details of inventory and condition survey are enclosed in the Final Feasibility | Report Appendix A5.4. | 2.9 Existing Facilities | The Andhra Pradesh State Road Transport Corporation has developed bus stops along | the highway, but these bus stops have to be re-located due to the four laning of the"
9,24,24; 25; 141.8; 143.3,,,,24 | 25 | 141.8 | 141.8 | 143.3
9,25,25; 141.8; 143.3; 143.6,,,,25 | 141.8 | 141.8 | 143.3 | 143.6
9,26,141.8; 143.3; 143.6; 152.1,,,,141.8 | 141.8 | 143.3 | 143.6 | 152.1
9,27,141.8; 143.3; 143.6; 152.1; 155.6,,,,141.8 | 143.3 | 143.6 | 152.1 | 155.6
9,28,143.3; 143.6; 152.1; 155.6; 162.8,,,,143.3 | 143.6 | 152.1 | 155.6 | 162.8
9,29,143.6; 152.1; 155.6; 162.8; 163.1,,,,143.6 | 152.1 | 155.6 | 162.8 | 163.1
9,30,152.1; 155.6; 162.8; 163.1,,,,152.1 | 155.6 | 162.8 | 163.1 | Manubolu
9,31,155.6; 162.8; 163.1,,,,155.6 | 162.8 | 163.1 | Manubolu | Manubolu
10,19,55.2; 94.0; 123.4,,,,"Manuholu | ""\ ? | 55.2 | 94.0 | 123.4"
10,20,55.2; 94.0; 123.4; 141.0,,,,"""\ ? | 55.2 | 94.0 | 123.4 | 141.0"
10,21,55.2; 94.0; 123.4; 141.0; 144.7; 5,,,,55.2 | 94.0 | 123.4 | 141.0 | 144.7 5 Bandepalle
10,22,94.0; 123.4; 141.0; 144.7; 5,,,,94.0 | 123.4 | 141.0 | 144.7 5 Bandepalle
10,23,123.4; 141.0; 144.7; 5,,,,123.4 | 141.0 | 144.7 5 Bandepalle
12,14,270; 217; 252.00; 265,,,,"the other a big commercial and business centre. | The distance from Hyderabad to Vijayalvada is 270 krn. But in this project, four laning of the | reach from km 217 (Nandigama) to km 252.00 (Ibrahimpatnam) only has been included. | However; CIDBI shall operate. maintain and collect toll on recently four laned reach from km | 252.00 (Ibrahimpatnam) to km 265 (Vijayawada)."
12,16,217; 252.00; 265,,,,reach from km 217 (Nandigama) to km 252.00 (Ibrahimpatnam) only has been included. | However; CIDBI shall operate. maintain and collect toll on recently four laned reach from km | 252.00 (Ibrahimpatnam) to km 265 (Vijayawada). | This stretch of road passes through the agricultural belt of the State. The terrain is generally plain | and the gradients are flat. The area is predominantly black cotton soil and is rich and fertile.
12,20,242; 252; 226,,GOOD,,"and the gradients are flat. The area is predominantly black cotton soil and is rich and fertile. | At the stretch between krn 242 to km 252, there are hillocks on the left side of the road, slightly | away from the main road. where good quality hard rock is available. As such, a number of stone | crushers have been established all along this stretch of the road on both the sides. | I There is a major river Muniveru, crossing the National Highway in km 226"
12,27,2; 2.1; 217; 252; 7.0; 1; 5,,,,/ | 2. DESCRIPTION PROJECT HIGHWAY | 2.1 Road Inventory | The Project Highway from km 217 to km 252 has been strengthened to have a | carriageway width of 7.0 n~ with 1 .5 m wide paved shoulder on either side under National
12,29,2.1; 217; 252; 7.0; 1; 5,,,,2.1 Road Inventory | The Project Highway from km 217 to km 252 has been strengthened to have a | carriageway width of 7.0 n~ with 1 .5 m wide paved shoulder on either side under National | Highways Project under loan assistance of ADB (Loan No. 1274-MD). This work has | been completed in October 2000.
12,32,2.2,,,,Highways Project under loan assistance of ADB (Loan No. 1274-MD). This work has | been completed in October 2000. | 2.2 Land Details | The available ROW along the Project Highway is detailed at Annex-B.
13,1,2.3,,,,2.3 Traffic | The Average Daily Traffic flow (both directions) at Ibrahimpatnam in Vijayawada- | Nandigama Section on the basis of special classified volume count undertaken by CIDBI
13,9,13; 945; 30; 202; 2.4,,,,"Traffic (AADT) by using seasonal factor for December was estimated as 13,945 vehicles | (30,202 PCUs). The trafic forecasts based on estimated growth rates are detailed below | 2.4 Pavement Composition Of Existing Two Lane Carriageway | Category | Vehlcles"
13,15,7; 300; 130; 40; 1.5; 430; 1.0,,,,"Recently, the existing two lane carriagenay has been brought to 7 m width (with GSB- | 300 mm: WMM-300 mm) strengthened with 130 mm DBM + 40 mm BC after PCC. | Hard shoulders to 1.5 m width on either side have been provided with a crust of 300 mm | GSB + 430 mm WMM + 40 mm BC. Soft shoulders of 1.0 m width on either side have | been provided."
13,16,300; 130; 40; 1.5; 430; 1.0; 2.5,,,,300 mm: WMM-300 mm) strengthened with 130 mm DBM + 40 mm BC after PCC. | Hard shoulders to 1.5 m width on either side have been provided with a crust of 300 mm | GSB + 430 mm WMM + 40 mm BC. Soft shoulders of 1.0 m width on either side have | been provided. | 2.5 Drainage
13,18,430; 40; 1.0; 2.5,,,,GSB + 430 mm WMM + 40 mm BC. Soft shoulders of 1.0 m width on either side have | been provided. | 2.5 Drainage | Year | The road side drainage along the Project Highway has been improved. In urban areas
13,23,2.6,,,,drains and paving of open areas have been provided. The reaches where overtopping was | experienced have been raised. | 2.6 Road Geometry | 2035 | 217463
13,34,2.7,,,,13023 | 29004 | 2.7 Abutting Land use | 2005 | 21218
13,43,2.8,,,,31322 | 63797 | 2.8 Cross Drainage Structure | 2020 | 69534
13,53,5; 65; 226; 46.30; 240.060; 16.45,,,,major bridges 5 are minor bridges and remaining 65 are culverts. The location and span | of major and minor bridges are given below :- | MJB No. 22611 (km 226-10V s 46.30 m) and 24111 (km 240.060-5V s 16.45 m) | 2025 | 101180
13,57,230.365; 10.5; 233.220; 5.78; 246.020; 5.2; 247.450; 5.36; 251.640,,,,101180 | 180700 | MNB No. 23111 (km 230.365-1V x 10.5 m); 23411 (km 233.220-3V x 5.78); 24711 (km | 246.020-4V x 5.2); 24811 (km 247.450-3V x 5.36) and 25212 (km 251.640-2V x 5.2) | 2030
13,58,230.365; 10.5; 233.220; 5.78; 246.020; 5.2; 247.450; 5.36; 251.640,,,,180700 | MNB No. 23111 (km 230.365-1V x 10.5 m); 23411 (km 233.220-3V x 5.78); 24711 (km | 246.020-4V x 5.2); 24811 (km 247.450-3V x 5.36) and 25212 (km 251.640-2V x 5.2) | 2030 | 147950
15,17,2.1; 1,,,,"described in Schedule L. All the designs and drawings which are in deviation from the one | produced by NHAI shall be reviewed by the Independent Consultant prior to execution. | 2.1 CORE CONSTRUCTION REQUIREMENT | 2.1.1 In the planning, design and execution of the works and other works in connection with the | repair, maintenance or improvement of the Project Highway and functions associated with the"
15,18,2.1; 1,,,,"produced by NHAI shall be reviewed by the Independent Consultant prior to execution. | 2.1 CORE CONSTRUCTION REQUIREMENT | 2.1.1 In the planning, design and execution of the works and other works in connection with the | repair, maintenance or improvement of the Project Highway and functions associated with the | construction of the Project Highway and roadside facilities, the Concessionaire shall take all"
15,27,2.1; 2; 3,,,,(structural safety) and use (road safety); and | b. enable the NHAI to fulfill its statutory and common law obligations; and | 2.1.2 enable the NHAI to provide a congestion free uninterrupted flow of traffic on the Project | Highway. | 2.1.3 enable the NHAI to provide a level of highway service to the public not inferior to that
15,29,2.1; 2; 3; 4,,,,"2.1.2 enable the NHAI to provide a congestion free uninterrupted flow of traffic on the Project | Highway. | 2.1.3 enable the NHAI to provide a level of highway service to the public not inferior to that | provided on the trunk road during construction or improvement works; | 2.1.4 enable the police, local authorities, and other with statutory duties or functions in relation to"
15,31,2.1; 3; 4; 5,,,,"2.1.3 enable the NHAI to provide a level of highway service to the public not inferior to that | provided on the trunk road during construction or improvement works; | 2.1.4 enable the police, local authorities, and other with statutory duties or functions in relation to | the Project Highway or adjoining roads to fulfil those duties and functions; | 2.1.5 minimise the occurrence and adverse effects of accidents and ensure that all accidents and"
15,33,2.1; 4; 5; 6,,,,"2.1.4 enable the police, local authorities, and other with statutory duties or functions in relation to | the Project Highway or adjoining roads to fulfil those duties and functions; | 2.1.5 minimise the occurrence and adverse effects of accidents and ensure that all accidents and | emergencies are responded to as quickly as possible; | 2.1.6 minimise the risk of damage, destruction or disturbance to third party property;"
15,35,2.1; 5; 6; 7; 8,,,,"2.1.5 minimise the occurrence and adverse effects of accidents and ensure that all accidents and | emergencies are responded to as quickly as possible; | 2.1.6 minimise the risk of damage, destruction or disturbance to third party property; | 2.1.7 ensure that members of the public are treated with all due courtesy and consideration; | 2.1.8 provide a safe, clear and informative system of road signs;"
15,36,2.1; 6; 7; 8,,,,"emergencies are responded to as quickly as possible; | 2.1.6 minimise the risk of damage, destruction or disturbance to third party property; | 2.1.7 ensure that members of the public are treated with all due courtesy and consideration; | 2.1.8 provide a safe, clear and informative system of road signs; | q- k"
15,37,2.1; 6; 7; 8,,,,"2.1.6 minimise the risk of damage, destruction or disturbance to third party property; | 2.1.7 ensure that members of the public are treated with all due courtesy and consideration; | 2.1.8 provide a safe, clear and informative system of road signs; | q- k"
16,1,2.1; 9; 10,,,,"2.1.9 comply with any specified programme requirements, including for the completion of the new | road; | 2.1.10 enable standards of reliability, durability, accessibility, maintainability, quality control and"
16,3,2.1; 9; 10,,,,"2.1.9 comply with any specified programme requirements, including for the completion of the new | road; | 2.1.10 enable standards of reliability, durability, accessibility, maintainability, quality control and | assurance and fitness for purpose appropriate to a highway of the character of the Project | Highway to be achieved throughout the Contract Period;"
16,6,2.1; 11; 12,,,,assurance and fitness for purpose appropriate to a highway of the character of the Project | Highway to be achieved throughout the Contract Period; | 2.1.11 ensure adequate off-street parking facilities such as rest areas and truck lay bys for both | passenger and goods vehicles; | 2.1.12 provide adequate bus bays for stopping of buses and bus shelters for commuters to wait under
16,8,2.1; 11; 12; 13,,,,2.1.11 ensure adequate off-street parking facilities such as rest areas and truck lay bys for both | passenger and goods vehicles; | 2.1.12 provide adequate bus bays for stopping of buses and bus shelters for commuters to wait under | protection; and | 2.1.13 achieve a high standard in the appearance and aesthetic quality of the Project Highway and
16,10,2.1; 12; 13,,,,2.1.12 provide adequate bus bays for stopping of buses and bus shelters for commuters to wait under | protection; and | 2.1.13 achieve a high standard in the appearance and aesthetic quality of the Project Highway and | achieve integration of the Project Highway with the character of the surrounding landscape | through both sensitive design and sensitive management of all visible elements including
16,14,2.2; 4,,,,through both sensitive design and sensitive management of all visible elements including | those on the existing road. | 2.2 Cross Sections | The project highway shall be widened to have a 4 lane divided caniageway facility. The | details of type of cross-section shall be to IRC and MOST requirements and specifications.
16,30,14; 55.300; 56.050; 750; 56.150; 850; 59.100; 59.725; 625,,,,14 | Location | LHS of km 55.300 - km 56.050 (750 m) | RHS of km 55.300 - km 56.150 (850 m) | LHS of km 59.100 - km 59.725 (625 m)
16,31,55.300; 56.050; 750; 56.150; 850; 59.100; 59.725; 625; 59.250; 59.825,,,,Location | LHS of km 55.300 - km 56.050 (750 m) | RHS of km 55.300 - km 56.150 (850 m) | LHS of km 59.100 - km 59.725 (625 m) | RHS of km 59.250 - km 59.825 (625 m)
16,32,55.300; 56.050; 750; 56.150; 850; 59.100; 59.725; 625; 59.250; 59.825; 65.000; 66.250,,,,LHS of km 55.300 - km 56.050 (750 m) | RHS of km 55.300 - km 56.150 (850 m) | LHS of km 59.100 - km 59.725 (625 m) | RHS of km 59.250 - km 59.825 (625 m) | LHS of km 65.000 - km 66.250 (1250 m)
16,33,55.300; 56.150; 850; 59.100; 59.725; 625; 59.250; 59.825; 65.000; 66.250; 65.350; 66.800,,,,RHS of km 55.300 - km 56.150 (850 m) | LHS of km 59.100 - km 59.725 (625 m) | RHS of km 59.250 - km 59.825 (625 m) | LHS of km 65.000 - km 66.250 (1250 m) | RHS of km 65.350 - km 66.800 (1450 m)
16,34,59.100; 59.725; 625; 59.250; 59.825; 65.000; 66.250; 65.350; 66.800; 74.350; 75.750,,,,LHS of km 59.100 - km 59.725 (625 m) | RHS of km 59.250 - km 59.825 (625 m) | LHS of km 65.000 - km 66.250 (1250 m) | RHS of km 65.350 - km 66.800 (1450 m) | LHS of km 74.350 - km 75.750 (1400 m)
16,35,59.250; 59.825; 625; 65.000; 66.250; 65.350; 66.800; 74.350; 75.750; 93.475; 94.250; 775,,,,RHS of km 59.250 - km 59.825 (625 m) | LHS of km 65.000 - km 66.250 (1250 m) | RHS of km 65.350 - km 66.800 (1450 m) | LHS of km 74.350 - km 75.750 (1400 m) | LHS of km 93.475 - km 94.250 (775 m)
16,36,65.000; 66.250; 65.350; 66.800; 74.350; 75.750; 93.475; 94.250; 775; 131.225; 132.475,,,,LHS of km 65.000 - km 66.250 (1250 m) | RHS of km 65.350 - km 66.800 (1450 m) | LHS of km 74.350 - km 75.750 (1400 m) | LHS of km 93.475 - km 94.250 (775 m) | LHS of km 131.225 - km 132.475 (1250 m)
16,37,65.350; 66.800; 74.350; 75.750; 93.475; 94.250; 775; 131.225; 132.475; 131.425; 132.450,,,,RHS of km 65.350 - km 66.800 (1450 m) | LHS of km 74.350 - km 75.750 (1400 m) | LHS of km 93.475 - km 94.250 (775 m) | LHS of km 131.225 - km 132.475 (1250 m) | RHS of km 131.425 - km 132.450 (1025 m)
16,38,74.350; 75.750; 93.475; 94.250; 775; 131.225; 132.475; 131.425; 132.450; 136.225; 137.200; 975,,,,LHS of km 74.350 - km 75.750 (1400 m) | LHS of km 93.475 - km 94.250 (775 m) | LHS of km 131.225 - km 132.475 (1250 m) | RHS of km 131.425 - km 132.450 (1025 m) | RHS of km 136.225 - km 137.200 (975 m)
16,39,93.475; 94.250; 775; 131.225; 132.475; 131.425; 132.450; 136.225; 137.200; 975; 155.200; 155.950; 750,,,,LHS of km 93.475 - km 94.250 (775 m) | LHS of km 131.225 - km 132.475 (1250 m) | RHS of km 131.425 - km 132.450 (1025 m) | RHS of km 136.225 - km 137.200 (975 m) | RHS of km 155.200 - km 155.950 (750 m)
16,40,131.225; 132.475; 131.425; 132.450; 136.225; 137.200; 975; 155.200; 155.950; 750; 162.250; 163.100; 850,,,,LHS of km 131.225 - km 132.475 (1250 m) | RHS of km 131.425 - km 132.450 (1025 m) | RHS of km 136.225 - km 137.200 (975 m) | RHS of km 155.200 - km 155.950 (750 m) | LHS of krn 162.250 - km 163.100 (850 m)
16,41,131.425; 132.450; 136.225; 137.200; 975; 155.200; 155.950; 750; 162.250; 163.100; 850; 162.850; 163.000; 450,,,,RHS of km 131.425 - km 132.450 (1025 m) | RHS of km 136.225 - km 137.200 (975 m) | RHS of km 155.200 - km 155.950 (750 m) | LHS of krn 162.250 - km 163.100 (850 m) | RHS of km 162.850 - km 163.000 (450 m)
16,42,136.225; 137.200; 975; 155.200; 155.950; 750; 162.250; 163.100; 850; 162.850; 163.000; 450,,,,RHS of km 136.225 - km 137.200 (975 m) | RHS of km 155.200 - km 155.950 (750 m) | LHS of krn 162.250 - km 163.100 (850 m) | RHS of km 162.850 - km 163.000 (450 m) | Unit
16,43,155.200; 155.950; 750; 162.250; 163.100; 850; 162.850; 163.000; 450,,,,RHS of km 155.200 - km 155.950 (750 m) | LHS of krn 162.250 - km 163.100 (850 m) | RHS of km 162.850 - km 163.000 (450 m) | Unit | Km
17,1,2.3; 1; 2,,,,2.3 Pavements | 2.3.1 Flexible Pavement | A number of different pavement design methods were analysed as indicated in Table B-2
17,2,2.3; 1; 2,,,,2.3 Pavements | 2.3.1 Flexible Pavement | A number of different pavement design methods were analysed as indicated in Table B-2 | below :
17,6,2; 2.3; 20; 230; 220; 110.0; 134.4; 210; 200,,,,below : | Table B-2 Pavement Design Methods | 2.3.2 The recommended design is suggested based on the above methods and for a design life of 20 | years but from practical consideration it appears appropriate to reduce the thickness from 230 | mm to 220 mm for section km 110.0 to km 134.4 (existing) and from 210 mm to 200 mm for
17,8,2.3; 2; 20; 230; 220; 110.0; 134.4; 210; 200; 52.8; 66.1; 18,,,,2.3.2 The recommended design is suggested based on the above methods and for a design life of 20 | years but from practical consideration it appears appropriate to reduce the thickness from 230 | mm to 220 mm for section km 110.0 to km 134.4 (existing) and from 210 mm to 200 mm for | section km 52.8 to km 66.1 (existing) thus reducing the design life slightly to 18 years. For | other sections the design life is of 20 years.
17,9,230; 220; 110.0; 134.4; 210; 200; 52.8; 66.1; 18; 20,,,,years but from practical consideration it appears appropriate to reduce the thickness from 230 | mm to 220 mm for section km 110.0 to km 134.4 (existing) and from 210 mm to 200 mm for | section km 52.8 to km 66.1 (existing) thus reducing the design life slightly to 18 years. For | other sections the design life is of 20 years. | Pavement Design
17,22,2.3; 3; 81; 833,,,,"rehabilitation | New rigid pavements | 2.3.3 Overlay Design | Design Method | IRC:81-1997, TRRL 833,"
18,9,52.8; 66.1; 120.0,,,,From | km | 52.8 | 66.1 | 120.0
18,10,52.8; 66.1; 120.0; 134.4,,,,km | 52.8 | 66.1 | 120.0 | 134.4
18,11,52.8; 66.1; 120.0; 134.4,,,,52.8 | 66.1 | 120.0 | 134.4 | The methodology adopted for the pavement design can be obtained from the PPR report
18,12,66.1; 120.0; 134.4,,,,66.1 | 120.0 | 134.4 | The methodology adopted for the pavement design can be obtained from the PPR report | submitted by the Consultants (SWK).
18,15,2.3; 4,,,,The methodology adopted for the pavement design can be obtained from the PPR report | submitted by the Consultants (SWK). | 2.3.4 Rigid Pavement Design | To | km
18,18,66.1; 110.0; 134.4,,,,To | km | 66.1 | 110.0 | 134.4
18,19,66.1; 110.0; 134.4; 163.6,,,,km | 66.1 | 110.0 | 134.4 | 163.6
18,20,66.1; 110.0; 134.4; 163.6,,,,66.1 | 110.0 | 134.4 | 163.6 | The design for rigid pavement was based on various methods and the recommended design to
18,21,110.0; 134.4; 163.6; 5,,,,"110.0 | 134.4 | 163.6 | The design for rigid pavement was based on various methods and the recommended design to | be adopted at the Toll areas, Check post and the Truck lay bys are as indicated in Table B-5."
18,27,13.3; 37.8; 14.4,,,,Length | km | 13.3 | 37.8 | 14.4
18,28,13.3; 37.8; 14.4; 29.2,,,,km | 13.3 | 37.8 | 14.4 | 29.2
18,29,13.3; 37.8; 14.4; 29.2,,,,13.3 | 37.8 | 14.4 | 29.2 | Required overlay
18,30,37.8; 14.4; 29.2,,,,37.8 | 14.4 | 29.2 | Required overlay | mm
18,37,160; 170; 2.3; 5,,,,160 | 170 | 2.3.5 Joints | Designation of Pavement Layer | Dowelled PCC
18,43,6; 2.4; 1,,,,"Subgrade (CBR > 6%) | Contraction joints with dowel bars shall be provided. | 2.4 Geometric Improvements | Check Post, Toll Area & Truck Layby | 2.4.1 Complete geometric improvement must be carried out and the horizontal and vertical"
18,45,2.4; 1; 52.8; 110,,,,"2.4 Geometric Improvements | Check Post, Toll Area & Truck Layby | 2.4.1 Complete geometric improvement must be carried out and the horizontal and vertical | alignments shall conform to IRC and MOST specifications and requirements. | Km 52.8 - 110"
18,47,2.4; 1; 52.8; 110; 270; 100,,,,2.4.1 Complete geometric improvement must be carried out and the horizontal and vertical | alignments shall conform to IRC and MOST specifications and requirements. | Km 52.8 - 110 | 270 mm | 100 mm
18,51,100; 500; 2.4; 2,,,,"100 mm | 500 mm | 2.4.2 Trees with large girth and of high social significance, which are being affected due to the | improvement of road, should be considered for transplantation and transplantation will be the | responsibility of NHAI."
18,54,110; 163.6; 280; 100,,,,"improvement of road, should be considered for transplantation and transplantation will be the | responsibility of NHAI. | Km 110 - 163.6 | 280 mm | 100 mm"
18,58,100; 500; 2.5,,,,100 mm | 500 mm | 2.5 Slope Protection and Drainage | The improvements in the drainage and the slope erosion shall be made as per the requirements | of IRC and MOST specifications.
19,1,2.5; 1,,,,2.5.1 Drainage Measure | Following drainage measure has been adopted in the design:- | • Side ditches of full width on both sides of carriageway in rural section
19,11,2.5; 2; 3,,,,"• Covered pucca drains underneath the side walk of proposed facility (bus bays, truck | laybys etc.) in rural sections | 2.5.2 Protection Measures | Following measures has been adopted | • Side slopes of embankment 3 m or high shall be protected by turfing or stone pitching"
19,16,3; 2.6; 1,,,,"at high water table areas. | • Embankments less than 3 m in height shall be turfed. | 2.6 Trafic Signage and Pavement Markings | 2.6.1 Traffic signs and pavement markings shall include roadside signs, overhead signs, kerb- | mounted signs and road markings along the Project Highway. The design and marking for the"
19,17,3; 2.6; 1,,,,"• Embankments less than 3 m in height shall be turfed. | 2.6 Trafic Signage and Pavement Markings | 2.6.1 Traffic signs and pavement markings shall include roadside signs, overhead signs, kerb- | mounted signs and road markings along the Project Highway. The design and marking for the | Project Highway shall be as per the design standards indicated in Schedule D. The locations"
19,21,2.6; 2,,,,"Project Highway shall be as per the design standards indicated in Schedule D. The locations | for various treatments shall be finalized in consultation with the Independent Consultant. | 2.6.2 The overhead signs shall be the reflectorised types with high intensity retroreflective sheeting | of encapsulated type. The height, lateral clearance, location and installation shall be as per | relevant clauses of MOST specifications and drawings. Overhead signs, shall be installed"
19,25,2.7,,,,"relevant clauses of MOST specifications and drawings. Overhead signs, shall be installed | ahead of major intersections, toll plazas, rest places and limits of urban areas. | 2.7 Kilometer Stones, Hectometer Stones and Boundary Stones | The following shall be provided on the Project Highway as per the standards spelt out in | Schedule D."
20,9,2.8,,,,The installation and scripting on kilometer and hectometer stones shall be done in | consultation with the independent Consultant. | 2.8 Pedestrian Guard Rail and Safety Barrier | Pedestrian Guard Rail and Safety Barrier shall be provided in consultation with the | Independent Consultant observing the following criterion.
20,14,6; 1.5,BRIDGE,,,"i) Pedestrian guard rail shall be provided at places where pedestrian activity is high, | intersections mentioned in Table B-6 and bus bay mentioned in Schedule-C. | ii) Safety barriers shall be provided at locations of bridge approaches and high | embankments (3m and above) | iii) Kerb median shall be provided at places where median width is 1.5 m and also in the"
20,16,1.5; 4.5; 2.9,BRIDGE,,,ii) Safety barriers shall be provided at locations of bridge approaches and high | embankments (3m and above) | iii) Kerb median shall be provided at places where median width is 1.5 m and also in the | lengths where median tapers from 4.5 m to 1.5 m. | 2.9 Intersections
20,17,1.5; 4.5; 2.9,,,,embankments (3m and above) | iii) Kerb median shall be provided at places where median width is 1.5 m and also in the | lengths where median tapers from 4.5 m to 1.5 m. | 2.9 Intersections | The following are the locations for the major junctions to be improved along the project
20,18,1.5; 4.5; 2.9,,,,iii) Kerb median shall be provided at places where median width is 1.5 m and also in the | lengths where median tapers from 4.5 m to 1.5 m. | 2.9 Intersections | The following are the locations for the major junctions to be improved along the project | Highway. The improvements have to be carried out as per the IRC and MOST specification.
20,36,77.716; 78.886; 80.238,,,,spelt out in Schedule D. | Proposed (Km) | 77.716 (L) | 78.886 (R) | 80.238 (L)
20,37,77.716; 78.886; 80.238; 106.193,,,,Proposed (Km) | 77.716 (L) | 78.886 (R) | 80.238 (L) | 106.193 (R)
20,38,77.716; 78.886; 80.238; 106.193; 106.292,,,,77.716 (L) | 78.886 (R) | 80.238 (L) | 106.193 (R) | 106.292 (L)
20,39,78.886; 80.238; 106.193; 106.292; 81.050,,,,78.886 (R) | 80.238 (L) | 106.193 (R) | 106.292 (L) | 81.050 (R)
20,40,80.238; 106.193; 106.292; 81.050; 120.126,,,,80.238 (L) | 106.193 (R) | 106.292 (L) | 81.050 (R) | 120.126 (R)
20,41,106.193; 106.292; 81.050; 120.126; 120.334,,,,106.193 (R) | 106.292 (L) | 81.050 (R) | 120.126 (R) | 120.334 (R)
20,42,106.292; 81.050; 120.126; 120.334; 133.938,,,,106.292 (L) | 81.050 (R) | 120.126 (R) | 120.334 (R) | 133.938 (L)
20,43,81.050; 120.126; 120.334; 133.938,,,,81.050 (R) | 120.126 (R) | 120.334 (R) | 133.938 (L)
20,44,120.126; 120.334; 133.938,,,,120.126 (R) | 120.334 (R) | 133.938 (L)
