asset_id,asset_code,asset_name,asset_type,built_year,completion_year,commencement_year,age_years,dam_height_m,dam_length_m,dam_volume_source_value,gate_count,gate_type,design_flood_source_value,spillway_capacity_source_value,spillway_level_m,spillway_length_m,spillway_type,river_name,dam_type,seismic_zone,registry_status,nrld_no,structure_code,engineering_fields_available,engineering_completeness,engineering_source_confidence,authority_level,origin,quality_flag,hydro_manual_daily_reservoir_water_level_m_count,hydro_manual_daily_reservoir_water_level_m_mean,hydro_manual_daily_reservoir_water_level_m_std,hydro_manual_daily_reservoir_water_level_m_min,hydro_manual_daily_reservoir_water_level_m_max,hydro_manual_daily_reservoir_water_level_m_latest,hydro_manual_daily_reservoir_water_level_m_latest_zscore,hydro_manual_daily_reservoir_water_level_m_freshness_days,hydro_manual_daily_reservoir_storage_mcm_count,hydro_manual_daily_reservoir_storage_mcm_mean,hydro_manual_daily_reservoir_storage_mcm_std,hydro_manual_daily_reservoir_storage_mcm_min,hydro_manual_daily_reservoir_storage_mcm_max,hydro_manual_daily_reservoir_storage_mcm_latest,hydro_manual_daily_reservoir_storage_mcm_latest_zscore,hydro_manual_daily_reservoir_storage_mcm_freshness_days,has_direct_hydrology,feature_version,generated_at
1,AP_DAM_00001,Prakasam Barrage,barrage,1957.0,,,,,,,,,,,,,,Krishna,,,,,B00143,1.0,0.1,0.8,B2,GOVERNMENT_DERIVED_MIRROR,SOURCE_PRESERVED,,,,,,,,,,,,,,,,,False,ap_dam_barrage_state_v1,2026-09-03T04:52:14.872465+00:00
3,AP_DAM_00002,Polavaram Project,dam,,,,,,,,,,,,,,,Godavari,,Seismic Zone-III,Under Construction,,D06328,2.0,0.2,0.8,B2,GOVERNMENT_DERIVED_MIRROR,SOURCE_PRESERVED,,,,,,,,,,,,,,,,,False,ap_dam_barrage_state_v1,2026-09-03T04:52:14.872465+00:00
5,AP_DAM_NWDP_AP01VH0059,Srisailam Project (N.S.R.S.P),dam,1984.0,,,,,,,,,,,,,,,,,,,,,,,,,,,,,,,,,,,,,,,,,,False,ap_dam_barrage_state_v1,2026-09-03T04:52:14.872465+00:00
7,AP_DAM_NWDP_AP01MH0011,Upper Pennar,dam,1958.0,1959.0,,67.0,16.74,3505.0,594.0,8.0,LG,3398.0,3398.0,526.39,,OG,Pennar,TE,Seismic Zone-II,Completed,AP01MH0011,D02365,10.0,1.0,0.8,B2,GOVERNMENT_DERIVED_MIRROR,SOURCE_PRESERVED,6838.0,430.8349394434045,204.58808125189324,0.0,538.8864,526.3896,0.46705878451905775,551.8696142734259,6838.0,5.438056770985669,10.771314756237837,0.0,50.68,0.14,-0.4918672317060906,214.8696142734259,True,ap_dam_barrage_state_v1,2026-09-03T04:52:14.872465+00:00
8,AP_DAM_NWDP_AP01HH0040,Kalyani Dam,dam,1977.0,1977.0,,49.0,36.0,500.0,,3.0,RD,1342.0,1614.0,266.70080437,,,Kalyani,TE + PG,Seismic Zone-III,Completed,AP01HH0040,D03636,10.0,1.0,0.8,B2,GOVERNMENT_DERIVED_MIRROR,SOURCE_PRESERVED,6777.0,263.9463386402538,6.459129099424242,253.243073,274.137127,269.961364,0.9312440217803274,201.8696142734259,6775.0,9.475015793357935,7.4835108039429326,0.1141,118.216,16.072,0.8815360035514651,201.8696142734259,True,ap_dam_barrage_state_v1,2026-09-03T04:52:14.872465+00:00
9,AP_DAM_NWDP_AP01HH0049,Pedderu,dam,1980.0,1980.0,,46.0,35.0,590.0,122.0,42.0,UG,3172.0,3172.0,481.5,,,Pedderu,TE,Seismic Zone-II,Completed,AP01HH0049,D02213,10.0,1.0,0.8,B2,GOVERNMENT_DERIVED_MIRROR,SOURCE_PRESERVED,8659.0,406.3492032116873,131.88416574175892,143.734538,482.299988,479.75,0.5565550373350964,126.86961427342592,6855.0,6.357770911743252,5.362906294693757,0.8649,15.7612,13.0631,1.2503162874375096,126.86961427342592,True,ap_dam_barrage_state_v1,2026-09-03T04:52:14.872465+00:00
10,AP_DAM_NWDP_AP01MH0074,Yogi Vemana (Maddileru) Reservoir,dam,2001.0,,,,,,,,,,,,,,,,,,,,,,,,,,,,,,,,,,,,,,,,,,False,ap_dam_barrage_state_v1,2026-09-03T04:52:14.872465+00:00
11,AP_DAM_NWDP_AP01MH0135,Mallemadugu,dam,1990.0,1959.0,,67.0,15.0,1334.0,,15.0,,2458.0,2458.0,108.81,,,Konakalva and Rallakalva,TE,Seismic Zone-III,Completed,AP01MH0135,D02157,10.0,1.0,0.8,B2,GOVERNMENT_DERIVED_MIRROR,SOURCE_PRESERVED,6795.0,92.07584235732156,38.189715347744794,0.0,112.684564,108.5088,0.4302979871162837,186.86961427342592,6793.0,1.1938200942146326,1.5681052446539028,0.0,6.384,1.12,-0.047075981963777824,186.86961427342592,True,ap_dam_barrage_state_v1,2026-09-03T04:52:14.872465+00:00
22,AP_DAM_WRIS_D00569,Chitravathi Dam,dam,,,,,,,,,,28.32,,289.35,,,Chitravathi,TE,Seismic Zone-II,,,D00569,5.0,0.5,0.8,B2,GOVERNMENT_DERIVED_MIRROR,SOURCE_PRESERVED,,,,,,,,,,,,,,,,,False,ap_dam_barrage_state_v1,2026-09-03T04:52:14.872465+00:00
23,AP_DAM_WRIS_D00587,Gundlakamma Dam,dam,,,,,,,,,,,,16.38,,,Gundlakamma,,Seismic Zone-III,,,D00587,3.0,0.3,0.8,B2,GOVERNMENT_DERIVED_MIRROR,SOURCE_PRESERVED,,,,,,,,,,,,,,,,,False,ap_dam_barrage_state_v1,2026-09-03T04:52:14.872465+00:00
24,AP_DAM_WRIS_AP01MH0058,Mylavaram Dam,dam,1983.0,1983.0,,43.0,24.0,2850.0,1524.0,13.0,RD,8180.0,8190.0,194.0,,,Pennar,TE + PG,Seismic Zone-II,Completed,AP01MH0058,D00686,10.0,1.0,0.8,B2,GOVERNMENT_DERIVED_MIRROR,SOURCE_PRESERVED,,,,,,,,,,,,,,,,,False,ap_dam_barrage_state_v1,2026-09-03T04:52:14.872465+00:00
25,AP_DAM_WRIS_D00719,Kanigiri Dam,dam,,,,,10.278,10000.0,,,,,,,,,Pennar,TE,Seismic Zone-III,Completed,,D00719,5.0,0.5,0.8,B2,GOVERNMENT_DERIVED_MIRROR,SOURCE_PRESERVED,,,,,,,,,,,,,,,,,False,ap_dam_barrage_state_v1,2026-09-03T04:52:14.872465+00:00
26,AP_DAM_WRIS_D00721,Nellore Dam,dam,,,,,,621.71,,,,,,,,,Pennar,,Seismic Zone-III,Completed,,D00721,3.0,0.3,0.8,B2,GOVERNMENT_DERIVED_MIRROR,SOURCE_PRESERVED,,,,,,,,,,,,,,,,,False,ap_dam_barrage_state_v1,2026-09-03T04:52:14.872465+00:00
27,AP_DAM_WRIS_AP01HH0062,Somasila Dam,dam,1986.0,1986.0,,40.0,39.0,352.0,1875.0,12.0,RD,22375.0,22375.0,86.868,236.21,OG,Pennar,TE,Seismic Zone-II,Completed,AP01HH0062,D00750,10.0,1.0,0.8,B2,GOVERNMENT_DERIVED_MIRROR,SOURCE_PRESERVED,,,,,,,,,,,,,,,,,False,ap_dam_barrage_state_v1,2026-09-03T04:52:14.872465+00:00
28,AP_DAM_WRIS_AP01HH0130,Gorakallu Dam,dam,,,,,48.5,1731.0,,7.0,,,848.0,257.4,,,Mallama selavagu,TE + PG,Seismic Zone-II,Under Construction,AP01HH0130,D00934,8.0,0.8,0.8,B2,GOVERNMENT_DERIVED_MIRROR,SOURCE_PRESERVED,,,,,,,,,,,,,,,,,False,ap_dam_barrage_state_v1,2026-09-03T04:52:14.872465+00:00
29,AP_DAM_WRIS_D00963,"Paleru ,Owk Dam",dam,1946.0,1946.0,,80.0,10.15,622.0,,5.0,,,,222.15,,,Paleru,TE,Seismic Zone-II,Completed,,D00963,8.0,0.8,0.8,B2,GOVERNMENT_DERIVED_MIRROR,SOURCE_PRESERVED,,,,,,,,,,,,,,,,,False,ap_dam_barrage_state_v1,2026-09-03T04:52:14.872465+00:00
30,AP_DAM_WRIS_D01824,Veligonda Dam,dam,,,,,,,,,,,,,,,Krishna,TE,Seismic Zone-II,,,D01824,3.0,0.3,0.8,B2,GOVERNMENT_DERIVED_MIRROR,SOURCE_PRESERVED,,,,,,,,,,,,,,,,,False,ap_dam_barrage_state_v1,2026-09-03T04:52:14.872465+00:00
31,AP_DAM_WRIS_AP01HH0149,Yeleru Dam,dam,1991.0,1991.0,,35.0,43.0,2544.0,5080.0,10.0,OT,8070.0,8070.0,76.56,150.0,OG,Eleru,TE + PG,Seismic Zone-II,Completed,AP01HH0149,D01830,10.0,1.0,0.8,B2,GOVERNMENT_DERIVED_MIRROR,SOURCE_PRESERVED,,,,,,,,,,,,,,,,,False,ap_dam_barrage_state_v1,2026-09-03T04:52:14.872465+00:00
32,AP_DAM_WRIS_AP01MH0072,Andhra Dam,dam,1998.0,1998.0,,28.0,22.0,1890.0,,4.0,RD,1189.3074465,910.0,138.5,,,Champavathi,TE,Seismic Zone-II,Completed,AP01MH0072,D01848,10.0,1.0,0.8,B2,GOVERNMENT_DERIVED_MIRROR,SOURCE_PRESERVED,,,,,,,,,,,,,,,,,False,ap_dam_barrage_state_v1,2026-09-03T04:52:14.872465+00:00
33,AP_DAM_WRIS_AP01MH0129,Cheyyeru / Annamayya Dam,dam,2003.0,2003.0,,23.0,25.0,409.0,653.0,5.0,RD,6795.0,8069.0,189.6,90.25,OG,Cheyyeru,TE,Seismic Zone-II,Completed,AP01MH0129,D01855,10.0,1.0,0.8,B2,GOVERNMENT_DERIVED_MIRROR,SOURCE_PRESERVED,,,,,,,,,,,,,,,,,False,ap_dam_barrage_state_v1,2026-09-03T04:52:14.872465+00:00
34,AP_DAM_WRIS_AP01MH0021,Arniar Dam,dam,1958.0,1958.0,,68.0,15.0,3600.0,,3.0,LG,863.67,863.67,76.2,,OG,Araniar,TE,Seismic Zone-III,Completed,AP01MH0021,D01858,10.0,1.0,0.8,B2,GOVERNMENT_DERIVED_MIRROR,SOURCE_PRESERVED,6403.0,78.0698878411682,18.644072666745412,0.0,799.61229,82.1436,0.21849904962545583,702.8696142734259,6343.0,15.647033138893267,15.468391245380875,0.0,51.6832,16.7138,0.06896430560775263,702.8696142734259,True,ap_dam_barrage_state_v1,2026-09-03T04:52:14.872465+00:00
35,AP_DAM_WRIS_AP01HH0127,Bahuda Dam,dam,1974.0,1974.0,,52.0,31.77,792.48,,6.0,LG,849.5,849.5,611.7,,,Bahuda,TE,Seismic Zone-II,Completed,AP01HH0127,D01861,10.0,1.0,0.8,B2,GOVERNMENT_DERIVED_MIRROR,SOURCE_PRESERVED,6391.0,601.0964421074949,59.62107794216993,0.0,614.172,611.093527,0.16767702358890357,125.86961427342592,7076.0,2.9798290842283777,3.4810371138519978,0.0,11.144,6.1698,0.9163852068907444,126.86961427342592,True,ap_dam_barrage_state_v1,2026-09-03T04:52:14.872465+00:00
36,AP_DAM_WRIS_AP01MH0018,Bhairavanithippa Dam,dam,1961.0,1961.0,,65.0,20.0,2235.0,,12.0,LG,3635.0,3635.0,499.89,,OG,Pedda Hagari(Vedavathi) River,TE,Seismic Zone-II,Completed,AP01MH0018,D01875,10.0,1.0,0.8,B2,GOVERNMENT_DERIVED_MIRROR,SOURCE_PRESERVED,6893.0,461.36555041070653,183.7565407050144,0.0,5015.371486,500.3292,0.2120395249050867,125.86961427342592,6895.0,13.103231588107324,16.069056597616097,0.0,57.3065,10.696,-0.14980540851816065,125.86961427342592,True,ap_dam_barrage_state_v1,2026-09-03T04:52:14.872465+00:00
37,AP_DAM_WRIS_D01879,Bhupathipalem Dam,dam,,,,,,748.0,,5.0,,1642.0,1642.0,196.5,66.0,,Seethapallivagu,,Seismic Zone-II,Completed,,D01879,7.0,0.7,0.8,B2,GOVERNMENT_DERIVED_MIRROR,SOURCE_PRESERVED,,,,,,,,,,,,,,,,,False,ap_dam_barrage_state_v1,2026-09-03T04:52:14.872465+00:00
38,AP_DAM_WRIS_AP01MH0073,Buggavanka Dam,dam,1998.0,1998.0,,28.0,26.0,2060.0,747.0,4.0,RD,929.0,926.0,180.0,,OG,Buggavanka,TE + PG,Seismic Zone-II,Completed,AP01MH0073,D01888,10.0,1.0,0.8,B2,GOVERNMENT_DERIVED_MIRROR,SOURCE_PRESERVED,,,,,,,,,,,,,,,,,False,ap_dam_barrage_state_v1,2026-09-03T04:52:14.872465+00:00
39,AP_DAM_WRIS_AP01MH0026,Chinnarayaswamy Gudi /Chennaraya Dam,dam,1969.0,1969.0,,57.0,15.0,465.0,,,LG,897.64,897.64,582.77935766,,,Papagni,TE,Seismic Zone-II,Completed,AP01MH0026,D01908,9.0,0.9,0.8,B2,GOVERNMENT_DERIVED_MIRROR,SOURCE_PRESERVED,,,,,,,,,,,,,,,,,False,ap_dam_barrage_state_v1,2026-09-03T04:52:14.872465+00:00
40,AP_DAM_WRIS_AP01MH0001,Cumbum Dam,dam,,,,,15.38,295.65,,,,112.72,113.0,,,,Gundlakamma & Jampaleru,TE,Seismic Zone-II,Completed,AP01MH0001,D01915,7.0,0.7,0.8,B2,GOVERNMENT_DERIVED_MIRROR,SOURCE_PRESERVED,,,,,,,,,,,,,,,,,False,ap_dam_barrage_state_v1,2026-09-03T04:52:14.872465+00:00
41,AP_DAM_WRIS_D01773,Ahobilam / Penna Ahobilam (Dr. K.S.P.A.B.R.) Dam,dam,1994.0,1994.0,,32.0,46.0,2060.0,865.0,7.0,RD,4596.0,4662.0,423.0,103.54,,Pennar,TE,Seismic Zone-II,Completed,,D01773,10.0,1.0,0.8,B2,GOVERNMENT_DERIVED_MIRROR,SOURCE_PRESERVED,,,,,,,,,,,,,,,,,False,ap_dam_barrage_state_v1,2026-09-03T04:52:14.872465+00:00
42,AP_DAM_WRIS_AP01MH0004,Mopadu Dam,dam,1921.0,1921.0,,105.0,28.0,2630.0,401.0,,OT,1922.0,1923.0,110.15,1670.0,,Manneru,TE,Seismic Zone-II,Completed,AP01MH0004,D02184,9.0,0.9,0.8,B2,GOVERNMENT_DERIVED_MIRROR,SOURCE_PRESERVED,,,,,,,,,,,,,,,,,False,ap_dam_barrage_state_v1,2026-09-03T04:52:14.872465+00:00
43,AP_DAM_WRIS_AP01HH0137,Musurumilli /Musurmilli Dam,dam,,,,,33.0,1040.0,,7.0,OT,2944.0,2944.0,115.5,86.5,OG,Seethapallivagu,TE + PG,Seismic Zone-II,Under Construction,AP01HH0137,D02195,9.0,0.9,0.8,B2,GOVERNMENT_DERIVED_MIRROR,SOURCE_PRESERVED,,,,,,,,,,,,,,,,,False,ap_dam_barrage_state_v1,2026-09-03T04:52:14.872465+00:00
44,AP_DAM_WRIS_D02198,Narayanapuram Dam,dam,,,,,,,,,,,,,,,Nagavali,,Seismic Zone-II,,,D02198,2.0,0.2,0.8,B2,GOVERNMENT_DERIVED_MIRROR,SOURCE_PRESERVED,,,,,,,,,,,,,,,,,False,ap_dam_barrage_state_v1,2026-09-03T04:52:14.872465+00:00
45,AP_DAM_WRIS_AP01MH0046,Pampa Dam,dam,1969.0,1969.0,1964.0,57.0,15.0,1128.0,,5.0,LG,1400.0,1400.0,26.82,,OG,Pampa,TE + PG,Seismic Zone-II,Completed,AP01MH0046,D02204,10.0,1.0,0.8,B2,GOVERNMENT_DERIVED_MIRROR,SOURCE_PRESERVED,,,,,,,,,,,,,,,,,False,ap_dam_barrage_state_v1,2026-09-03T04:52:14.872465+00:00
46,AP_DAM_WRIS_AP01MH0140,Peddagedda Dam,dam,,,,,24.0,2430.0,,3.0,RD,1395.0,1395.0,207.0,36.0,OG,Peddagedda,TE,Seismic Zone-II,Under Construction,AP01MH0140,D02205,9.0,0.9,0.8,B2,GOVERNMENT_DERIVED_MIRROR,SOURCE_PRESERVED,,,,,,,,,,,,,,,,,False,ap_dam_barrage_state_v1,2026-09-03T04:52:14.872465+00:00
47,AP_DAM_WRIS_AP01MH0016,Pincha Dam,dam,1960.0,1960.0,,66.0,21.0,486.0,150.0,3.0,LG,1643.0,1644.0,297.26,,,Pincha,TE + PG,Seismic Zone-II,Completed,AP01MH0016,D02216,10.0,1.0,0.8,B2,GOVERNMENT_DERIVED_MIRROR,SOURCE_PRESERVED,,,,,,,,,,,,,,,,,False,ap_dam_barrage_state_v1,2026-09-03T04:52:14.872465+00:00
48,AP_DAM_WRIS_AP01MH0047,Gajuladinne (Sanjeevaiah Sagar) Dam,dam,1979.0,1979.0,,47.0,19.0,4400.0,,6.0,LG,2265.0,2267.0,371.0,,OG,Handri,TE,Seismic Zone-II,Completed,AP01MH0047,D01946,10.0,1.0,0.8,B2,GOVERNMENT_DERIVED_MIRROR,SOURCE_PRESERVED,,,,,,,,,,,,,,,,,False,ap_dam_barrage_state_v1,2026-09-03T04:52:14.872465+00:00
49,AP_DAM_WRIS_AP01MH0063,Gandipalem /Pcr Gandipalem Dam,dam,1981.0,1981.0,,45.0,21.0,388.0,815.0,4.0,LG,1656.5353718,1658.0,140.21,,OG,Pillaperu,TE + PG,Seismic Zone-II,Completed,AP01MH0063,D01951,10.0,1.0,0.8,B2,GOVERNMENT_DERIVED_MIRROR,SOURCE_PRESERVED,,,,,,,,,,,,,,,,,False,ap_dam_barrage_state_v1,2026-09-03T04:52:14.872465+00:00
50,AP_DAM_WRIS_AP01MH0053,Raiwada Dam,dam,1981.0,1981.0,,45.0,28.0,5750.0,2360.0,10.0,LG,1897.2285455,1897.0,110.0,,OG,Sarada,TE,Seismic Zone-II,Completed,AP01MH0053,D02223,10.0,1.0,0.8,B2,GOVERNMENT_DERIVED_MIRROR,SOURCE_PRESERVED,,,,,,,,,,,,,,,,,False,ap_dam_barrage_state_v1,2026-09-03T04:52:14.872465+00:00
51,AP_DAM_WRIS_AP01LH0013,Rallapadu Dam,dam,1958.0,1958.0,1950.0,68.0,13.85,2951.0,,15.0,RD,7943.1579001,3426.0,115.0,,OG,Manneru,TE,Seismic Zone-III,Completed,AP01LH0013,D02227,10.0,1.0,0.8,B2,GOVERNMENT_DERIVED_MIRROR,SOURCE_PRESERVED,,,,,,,,,,,,,,,,,False,ap_dam_barrage_state_v1,2026-09-03T04:52:14.872465+00:00
52,AP_DAM_WRIS_AP01HH0064,Jalleru Dam,dam,1992.0,1992.0,,34.0,31.42,1790.0,1069.0,,RD,339.8,348.0,210.6,,,Jalleru,TE + PG,Seismic Zone-III,Completed,AP01HH0064,D01964,9.0,0.9,0.8,B2,GOVERNMENT_DERIVED_MIRROR,SOURCE_PRESERVED,,,,,,,,,,,,,,,,,False,ap_dam_barrage_state_v1,2026-09-03T04:52:14.872465+00:00
53,AP_DAM_WRIS_AP01HH0132,Jhanjhavathi / Janjavathi Dam,dam,,,,,34.0,4370.0,2919.0,6.0,RD,6200.0,3398.0,135.2,89.5,,Svarnamukhi Gomula,TE,Seismic Zone-II,Completed,AP01HH0132,D01971,9.0,0.9,0.8,B2,GOVERNMENT_DERIVED_MIRROR,SOURCE_PRESERVED,,,,,,,,,,,,,,,,,False,ap_dam_barrage_state_v1,2026-09-03T04:52:14.872465+00:00
54,AP_DAM_WRIS_AP01MH0015,Kalangi Dam,dam,1960.0,1960.0,,66.0,18.0,3977.0,,3.0,RD,1387.5253542,1389.0,,506.0,,Kalangi,TE,Seismic Zone-III,Completed,AP01MH0015,D01989,9.0,0.9,0.8,B2,GOVERNMENT_DERIVED_MIRROR,SOURCE_PRESERVED,6620.0,55.11904949320241,21.587384221133497,0.0,88.6968,64.251841,0.42306151654339014,520.8696142734259,6587.0,1.4490476241080918,1.8597833799288694,0.0,10.08,0.2632,-0.6376267456231631,702.8696142734259,True,ap_dam_barrage_state_v1,2026-09-03T04:52:14.872465+00:00
55,AP_DAM_WRIS_AP01MH0056,Konam Dam,dam,1980.0,1980.0,,46.0,23.0,339.0,267.0,3.0,LG,1245.9411344,1260.0,95.25,296.0,OG,Pedol,TE,Seismic Zone-II,Completed,AP01MH0056,D02025,10.0,1.0,0.8,B2,GOVERNMENT_DERIVED_MIRROR,SOURCE_PRESERVED,,,,,,,,,,,,,,,,,False,ap_dam_barrage_state_v1,2026-09-03T04:52:14.872465+00:00
56,AP_DAM_WRIS_D02041,Kovvadakalva Dam,dam,2004.0,2004.0,,22.0,22.04,1630.0,,3.0,RD,17.84810675,630.0,84.5,35.5,,Kovvada kalva,TE,Seismic Zone-III,Completed,,D02041,10.0,1.0,0.8,B2,GOVERNMENT_DERIVED_MIRROR,SOURCE_PRESERVED,,,,,,,,,,,,,,,,,False,ap_dam_barrage_state_v1,2026-09-03T04:52:14.872465+00:00
57,AP_DAM_WRIS_AP01MH0052,Krishnapuram (Chittor) Dam,dam,1981.0,1981.0,,45.0,21.0,488.0,380.0,3.0,LG,1069.0,1077.0,207.0,,OG,Kaulasthali,TE,Seismic Zone-III,Completed,AP01MH0052,D02050,10.0,1.0,0.8,B2,GOVERNMENT_DERIVED_MIRROR,SOURCE_PRESERVED,,,,,,,,,,,,,,,,,False,ap_dam_barrage_state_v1,2026-09-03T04:52:14.872465+00:00
58,AP_DAM_WRIS_D02086,Lower Sagileru Dam,dam,1959.0,1959.0,,67.0,22.91,1905.0,,5.0,LG,123.46143968,,151.49,70.7,OG,Sagileru,TE,Seismic Zone-II,Completed,,D02086,9.0,0.9,0.8,B2,GOVERNMENT_DERIVED_MIRROR,SOURCE_PRESERVED,,,,,,,,,,,,,,,,,False,ap_dam_barrage_state_v1,2026-09-03T04:52:14.872465+00:00
59,AP_DAM_WRIS_AP01MH0078,Maddigedda Dam,dam,1981.0,1981.0,,45.0,27.0,862.0,526.0,4.0,LG,962.77269475,969.0,183.5,,,Janjhavathi,TE,Seismic Zone-II,Completed,AP01MH0078,D02109,10.0,1.0,0.8,B2,GOVERNMENT_DERIVED_MIRROR,SOURCE_PRESERVED,,,,,,,,,,,,,,,,,False,ap_dam_barrage_state_v1,2026-09-03T04:52:14.872465+00:00
60,AP_DAM_WRIS_AP01MH0075,Madduvalasa Dam,dam,2002.0,2002.0,,24.0,16.0,2320.0,867.0,11.0,RD,5590.0,5595.0,57.37,159.5,OG,Maddigedda/Suvarnamukhi tributary of Nagavali,TE,Seismic Zone-II,Completed,AP01MH0075,D02113,10.0,1.0,0.8,B2,GOVERNMENT_DERIVED_MIRROR,SOURCE_PRESERVED,,,,,,,,,,,,,,,,,False,ap_dam_barrage_state_v1,2026-09-03T04:52:14.872465+00:00
61,AP_DAM_WRIS_AP01MH0017,Siddalagandi Dam,dam,1959.0,1959.0,,67.0,12.0,1795.0,,,UG,66.601217001,67.0,,,,Talakona,TE,Seismic Zone-III,Completed,AP01MH0017,D02244,8.0,0.8,0.8,B2,GOVERNMENT_DERIVED_MIRROR,SOURCE_PRESERVED,,,,,,,,,,,,,,,,,False,ap_dam_barrage_state_v1,2026-09-03T04:52:14.872465+00:00
62,AP_DAM_WRIS_D02269,Surampalem Dam,dam,,,,,,,,,,,,,,,Burada Kalva,,Seismic Zone-II,Completed,,D02269,2.0,0.2,0.8,B2,GOVERNMENT_DERIVED_MIRROR,SOURCE_PRESERVED,,,,,,,,,,,,,,,,,False,ap_dam_barrage_state_v1,2026-09-03T04:52:14.872465+00:00
63,AP_DAM_WRIS_D02317,Kumili Dam,dam,,,,,,8450.0,,4.0,RD,,,,,OG,Champavathi,,Seismic Zone-II,,,D02317,4.0,0.4,0.8,B2,GOVERNMENT_DERIVED_MIRROR,SOURCE_PRESERVED,,,,,,,,,,,,,,,,,False,ap_dam_barrage_state_v1,2026-09-03T04:52:14.872465+00:00
64,AP_DAM_WRIS_AP01MH0065,Thammileru Dam,dam,1980.0,1980.0,1969.0,46.0,23.25,6400.0,2549.0,3.0,LG,736.23794304,736.0,103.63231256,,OG,Thammileru,TE,Seismic Zone-III,Completed,AP01MH0065,D02325,10.0,1.0,0.8,B2,GOVERNMENT_DERIVED_MIRROR,SOURCE_PRESERVED,,,,,,,,,,,,,,,,,False,ap_dam_barrage_state_v1,2026-09-03T04:52:14.872465+00:00
65,AP_DAM_WRIS_AP01HH0043,Thandava(Sri Raja Sagi Suryanarayana Raju (Srssr) Dam,dam,1974.0,1974.0,,52.0,32.7,201.0,199.0,4.0,LG,2124.0,1218.0,111.37,,OG,Thandava,TE,Seismic Zone-II,Completed,AP01HH0043,D02341,10.0,1.0,0.8,B2,GOVERNMENT_DERIVED_MIRROR,SOURCE_PRESERVED,,,,,,,,,,,,,,,,,False,ap_dam_barrage_state_v1,2026-09-03T04:52:14.872465+00:00
66,AP_DAM_WRIS_AP01HH0024,Thatipudi Dam,dam,1968.0,1968.0,,58.0,37.0,585.0,,4.0,LG,1401.6837762,1513.0,84.43,,,Gosthani,TE + PG,Seismic Zone-II,Completed,AP01HH0024,D02344,10.0,1.0,0.8,B2,GOVERNMENT_DERIVED_MIRROR,SOURCE_PRESERVED,,,,,,,,,,,,,,,,,False,ap_dam_barrage_state_v1,2026-09-03T04:52:14.872465+00:00
67,AP_DAM_WRIS_AP01MH0148,Varadaraja Swamy Gudi Dam,dam,2000.0,2000.0,,26.0,22.0,588.0,,4.0,RD,1025.0697515,1025.0,363.9,,OG,Munimadugulavagu,TE,Seismic Zone-II,Completed,AP01MH0148,D02376,10.0,1.0,0.8,B2,GOVERNMENT_DERIVED_MIRROR,SOURCE_PRESERVED,,,,,,,,,,,,,,,,,False,ap_dam_barrage_state_v1,2026-09-03T04:52:14.872465+00:00
68,AP_DAM_WRIS_AP01MH0039,Varaha Dam,dam,1975.0,1975.0,,51.0,25.0,1652.0,1019.0,6.0,,523.29527644,523.0,138.329,,,Varaha,TE,Seismic Zone-II,Completed,AP01MH0039,D02383,10.0,1.0,0.8,B2,GOVERNMENT_DERIVED_MIRROR,SOURCE_PRESERVED,,,,,,,,,,,,,,,,,False,ap_dam_barrage_state_v1,2026-09-03T04:52:14.872465+00:00
69,AP_DAM_WRIS_AP01HH0081,Veligallu Dam,dam,,,,,45.0,810.0,,4.0,RD,4273.0,4361.0,408.0,72.0,OG,Papagni,PG,Seismic Zone-II,Completed,AP01HH0081,D02492,9.0,0.9,0.8,B2,GOVERNMENT_DERIVED_MIRROR,SOURCE_PRESERVED,,,,,,,,,,,,,,,,,False,ap_dam_barrage_state_v1,2026-09-03T04:52:14.872465+00:00
70,AP_DAM_WRIS_AP01MH0069,Vengalaraya Sagar Dam,dam,1988.0,1988.0,,38.0,21.0,1765.0,2707.0,4.0,RD,1416.0,2455.0,155.0,,OG,Suvrnamukhi,TE,Seismic Zone-II,Completed,AP01MH0069,D02497,10.0,1.0,0.8,B2,GOVERNMENT_DERIVED_MIRROR,SOURCE_PRESERVED,,,,,,,,,,,,,,,,,False,ap_dam_barrage_state_v1,2026-09-03T04:52:14.872465+00:00
71,AP_DAM_WRIS_AP01MH0030,Vottigadda Dam,dam,1976.0,1976.0,1963.0,50.0,27.0,2152.0,301.0,4.0,LG,1507.5887726,1509.0,115.52,,OG,Nagavalli,TE,Seismic Zone-II,Completed,AP01MH0030,D02508,10.0,1.0,0.8,B2,GOVERNMENT_DERIVED_MIRROR,SOURCE_PRESERVED,,,,,,,,,,,,,,,,,False,ap_dam_barrage_state_v1,2026-09-03T04:52:14.872465+00:00
72,AP_DAM_WRIS_AP01MH0076,Yerrakalva Dam,dam,1988.0,1988.0,,38.0,19.79,2700.0,1500.0,4.0,LG,1370.5352478,1371.0,78.5,,OT,Yerrakalva,TE,Seismic Zone-III,Completed,AP01MH0076,D02647,10.0,1.0,0.8,B2,GOVERNMENT_DERIVED_MIRROR,SOURCE_PRESERVED,,,,,,,,,,,,,,,,,False,ap_dam_barrage_state_v1,2026-09-03T04:52:14.872465+00:00
73,AP_DAM_WRIS_AP01MH0074,Yogivemana Dam,dam,2001.0,2001.0,1991.0,25.0,29.46,570.0,,11.0,RD,100.38321185,3545.0,377.0,,OG,Maddeleru River,TE + PG,Seismic Zone-II,Completed,AP01MH0074,D02659,10.0,1.0,0.8,B2,GOVERNMENT_DERIVED_MIRROR,SOURCE_PRESERVED,2341.0,357.4580031264417,89.20717540514809,0.0,536.441898,376.790694,0.21671676953962352,94.86961427342592,2253.0,12.2736069241012,4.547812460941936,4.172,23.156,7.0,-1.1595919949190119,94.86961427342592,True,ap_dam_barrage_state_v1,2026-09-03T04:52:14.872465+00:00
74,AP_DAM_WRIS_AP01MH0022,Zurreru Dam,dam,1963.0,1963.0,,63.0,16.0,677.0,199.0,2.0,OT,589.83985975,649.0,,,,Zurreru,TE,Seismic Zone-II,Completed,AP01MH0022,D02661,9.0,0.9,0.8,B2,GOVERNMENT_DERIVED_MIRROR,SOURCE_PRESERVED,4412.0,391.4596675185857,335.7174309691338,0.0,2599.944,258.561836,-0.39586217234816284,945.8696142734259,2648.0,3.1937922960725076,2.4012430544840773,0.0,7.448,1.6968,-0.6234238942521985,945.8696142734259,True,ap_dam_barrage_state_v1,2026-09-03T04:52:14.872465+00:00
75,AP_DAM_WRIS_D02672,Ghambiramgedda Dam,dam,1957.0,1957.0,,69.0,13.0,369.0,173.0,,,549.34677289,550.0,37.49051307,,,Gambhiramgedda,TE,Seismic Zone-II,Completed,,D02672,9.0,0.9,0.8,B2,GOVERNMENT_DERIVED_MIRROR,SOURCE_PRESERVED,,,,,,,,,,,,,,,,,False,ap_dam_barrage_state_v1,2026-09-03T04:52:14.872465+00:00
76,AP_DAM_WRIS_AP01MH0010,Nakkalagandi Dam,dam,1958.0,1958.0,,68.0,15.0,354.0,875.0,,,934.56,340.0,113.39,,,Uppuvagu,TE,Seismic Zone-II,Completed,AP01MH0010,D03220,9.0,0.9,0.8,B2,GOVERNMENT_DERIVED_MIRROR,SOURCE_PRESERVED,,,,,,,,,,,,,,,,,False,ap_dam_barrage_state_v1,2026-09-03T04:52:14.872465+00:00
77,AP_DAM_WRIS_D03507,Gundlamotu Dam,dam,,,,,16.0,605.0,,,OT,,652.0,,,,,TE,Seismic Zone-II,,,D03507,5.0,0.5,0.8,B2,GOVERNMENT_DERIVED_MIRROR,SOURCE_PRESERVED,,,,,,,,,,,,,,,,,False,ap_dam_barrage_state_v1,2026-09-03T04:52:14.872465+00:00
78,AP_DAM_WRIS_AP01LH0096,Haresamudram Big Dam,dam,,,,,10.0,1264.0,,,LG,,206.0,,,,,TE,Seismic Zone-II,,AP01LH0096,D03517,5.0,0.5,0.8,B2,GOVERNMENT_DERIVED_MIRROR,SOURCE_PRESERVED,,,,,,,,,,,,,,,,,False,ap_dam_barrage_state_v1,2026-09-03T04:52:14.872465+00:00
79,AP_DAM_WRIS_AP01_0131,Hiramandalam Dam,dam,,,,,,200.0,,,,,667.0,,,,Vamsadhara,TE + PG,Seismic Zone-II,Under Construction,AP01**0131,D03520,5.0,0.5,0.8,B2,GOVERNMENT_DERIVED_MIRROR,SOURCE_PRESERVED,,,,,,,,,,,,,,,,,False,ap_dam_barrage_state_v1,2026-09-03T04:52:14.872465+00:00
80,AP_DAM_WRIS_AP01LH0051,Jalakanur Dam,dam,1981.0,1981.0,,45.0,10.51,7200.0,,,,,362.0,,,,Bodivagu,TE,Seismic Zone-II,Completed,AP01LH0051,D03566,7.0,0.7,0.8,B2,GOVERNMENT_DERIVED_MIRROR,SOURCE_PRESERVED,,,,,,,,,,,,,,,,,False,ap_dam_barrage_state_v1,2026-09-03T04:52:14.872465+00:00
81,AP_DAM_WRIS_AP01LH0084,Akkapalem Dam,dam,,,,,11.1,433.0,,,,,,,,,,TE,Seismic Zone-III,,AP01LH0084,D03322,4.0,0.4,0.8,B2,GOVERNMENT_DERIVED_MIRROR,SOURCE_PRESERVED,,,,,,,,,,,,,,,,,False,ap_dam_barrage_state_v1,2026-09-03T04:52:14.872465+00:00
82,AP_DAM_WRIS_AP01LH0085,Ananthasagarm Dam,dam,,,,,14.0,3500.0,,,,,339.0,,,,Pennar,TE,Seismic Zone-II,,AP01LH0085,D03338,6.0,0.6,0.8,B2,GOVERNMENT_DERIVED_MIRROR,SOURCE_PRESERVED,,,,,,,,,,,,,,,,,False,ap_dam_barrage_state_v1,2026-09-03T04:52:14.872465+00:00
83,AP_DAM_WRIS_AP01HH0019,Buggavagu Dam,dam,1961.0,1961.0,,65.0,31.0,2576.0,1983.0,9.0,OT,,567.0,,,,Buggavagu,TE,Seismic Zone-II,Completed,AP01HH0019,D03378,8.0,0.8,0.8,B2,GOVERNMENT_DERIVED_MIRROR,SOURCE_PRESERVED,,,,,,,,,,,,,,,,,False,ap_dam_barrage_state_v1,2026-09-03T04:52:14.872465+00:00
84,AP_DAM_WRIS_AP01LH0034,Bukkapatnam Dam,dam,1975.0,1975.0,,51.0,14.0,6017.0,,,,,567.0,,,,,TE,Seismic Zone-II,Completed,AP01LH0034,D03381,6.0,0.6,0.8,B2,GOVERNMENT_DERIVED_MIRROR,SOURCE_PRESERVED,,,,,,,,,,,,,,,,,False,ap_dam_barrage_state_v1,2026-09-03T04:52:14.872465+00:00
85,AP_DAM_WRIS_AP01MH0128,Chagallu Barrage Dam,dam,,,,,21.43,291.5,,,,,9712.0,,,,Pennar,TE + PG,Seismic Zone-II,Under Construction,AP01MH0128,D03391,6.0,0.6,0.8,B2,GOVERNMENT_DERIVED_MIRROR,SOURCE_PRESERVED,,,,,,,,,,,,,,,,,False,ap_dam_barrage_state_v1,2026-09-03T04:52:14.872465+00:00
86,AP_DAM_WRIS_AP01LH0091,Chintakuntavagu Dam,dam,,,,,13.0,285.0,,,,,66.0,,,,Local Stream,TE,Seismic Zone-II,,AP01LH0091,D03411,6.0,0.6,0.8,B2,GOVERNMENT_DERIVED_MIRROR,SOURCE_PRESERVED,,,,,,,,,,,,,,,,,False,ap_dam_barrage_state_v1,2026-09-03T04:52:14.872465+00:00
87,AP_DAM_WRIS_AP01LH0125,Dharmavaram Dam,dam,,,,,11.0,6393.0,,,,,27402.0,,,,,TE,Seismic Zone-II,,AP01LH0125,D03453,5.0,0.5,0.8,B2,GOVERNMENT_DERIVED_MIRROR,SOURCE_PRESERVED,,,,,,,,,,,,,,,,,False,ap_dam_barrage_state_v1,2026-09-03T04:52:14.872465+00:00
88,AP_DAM_WRIS_AP01HH0057,Donkarai ( S.H.E.S),dam,1983.0,1983.0,,43.0,71.0,1398.0,2038.0,12.0,RD,7850.0,15593.0,303.88651652,598.7,,Sileru,PG,Seismic Zone-II,Completed,AP01HH0057,D03456,10.0,1.0,0.8,B2,GOVERNMENT_DERIVED_MIRROR,SOURCE_PRESERVED,,,,,,,,,,,,,,,,,False,ap_dam_barrage_state_v1,2026-09-03T04:52:14.872465+00:00
89,AP_DAM_WRIS_TL47HH0060,Forebay Lower Sileru ( S.H.E.S) Dam,dam,1978.0,1978.0,,48.0,67.0,548.0,2669.0,,OT,167.0,,930.0,,,Sileru,TE,Seismic Zone-II,Completed,TL47HH0060,D03466,8.0,0.8,0.8,B2,GOVERNMENT_DERIVED_MIRROR,SOURCE_PRESERVED,,,,,,,,,,,,,,,,,False,ap_dam_barrage_state_v1,2026-09-03T04:52:14.872465+00:00
90,AP_DAM_WRIS_AP01MH0092,Gandicheruvu (Dist-Prakasam) Dam,dam,,,,,26.69,240.0,,,OT,,255.0,,,,,TE,Seismic Zone-II,,AP01MH0092,D03474,5.0,0.5,0.8,B2,GOVERNMENT_DERIVED_MIRROR,SOURCE_PRESERVED,,,,,,,,,,,,,,,,,False,ap_dam_barrage_state_v1,2026-09-03T04:52:14.872465+00:00
91,AP_DAM_WRIS_AP01LH0104,Panthulu Cheruvu Dam,dam,,,,,12.0,923.0,,,LG,,140.0,,,,,TE,Seismic Zone-II,,AP01LH0104,D03914,5.0,0.5,0.8,B2,GOVERNMENT_DERIVED_MIRROR,SOURCE_PRESERVED,,,,,,,,,,,,,,,,,False,ap_dam_barrage_state_v1,2026-09-03T04:52:14.872465+00:00
92,AP_DAM_WRIS_AP01LH0106,Paya Cheruvu Dam,dam,,,,,14.0,200.0,,,,,,,,,,TE,Seismic Zone-II,,AP01LH0106,D03922,4.0,0.4,0.8,B2,GOVERNMENT_DERIVED_MIRROR,SOURCE_PRESERVED,,,,,,,,,,,,,,,,,False,ap_dam_barrage_state_v1,2026-09-03T04:52:14.872465+00:00
93,AP_DAM_WRIS_AP01LH0070,Pedaballi Dam,dam,2000.0,2000.0,,26.0,12.0,149.0,,,,,2.0,,,,,TE,Seismic Zone-II,Completed,AP01LH0070,D03927,6.0,0.6,0.8,B2,GOVERNMENT_DERIVED_MIRROR,SOURCE_PRESERVED,,,,,,,,,,,,,,,,,False,ap_dam_barrage_state_v1,2026-09-03T04:52:14.872465+00:00
94,AP_DAM_WRIS_AP01LH0098,Kampasamudram New Dam,dam,,,,,11.2,1830.0,,,RD,,,,,,Pennar,TE,Seismic Zone-II,,AP01LH0098,D03639,5.0,0.5,0.8,B2,GOVERNMENT_DERIVED_MIRROR,SOURCE_PRESERVED,,,,,,,,,,,,,,,,,False,ap_dam_barrage_state_v1,2026-09-03T04:52:14.872465+00:00
95,AP_DAM_WRIS_AP01MH0100,Kushavathi Dam,dam,,,,,17.47,1030.0,,,,,739.0,,,,Khushavathi,TE,Seismic Zone-II,,AP01MH0100,D03683,6.0,0.6,0.8,B2,GOVERNMENT_DERIVED_MIRROR,SOURCE_PRESERVED,,,,,,,,,,,,,,,,,False,ap_dam_barrage_state_v1,2026-09-03T04:52:14.872465+00:00
96,AP_DAM_WRIS_AP01LH0102,Madakasira Dam,dam,,,,,12.0,686.0,,,,,83.0,,,,,TE + PG,Seismic Zone-II,,AP01LH0102,D03753,5.0,0.5,0.8,B2,GOVERNMENT_DERIVED_MIRROR,SOURCE_PRESERVED,,,,,,,,,,,,,,,,,False,ap_dam_barrage_state_v1,2026-09-03T04:52:14.872465+00:00
97,AP_DAM_WRIS_AP01LH0136,Marala Dam,dam,,,,,13.8,624.0,,,,,,,,,,TE,Seismic Zone-II,Under Construction,AP01LH0136,D03770,4.0,0.4,0.8,B2,GOVERNMENT_DERIVED_MIRROR,SOURCE_PRESERVED,,,,,,,,,,,,,,,,,False,ap_dam_barrage_state_v1,2026-09-03T04:52:14.872465+00:00
98,AP_DAM_WRIS_AP01MH0036,Muraripalli / Mararipalli Dam,dam,1975.0,1975.0,,51.0,18.68,732.0,,,,,,,,,Krishna,TE,Seismic Zone-II,Completed,AP01MH0036,D03792,6.0,0.6,0.8,B2,GOVERNMENT_DERIVED_MIRROR,SOURCE_PRESERVED,,,,,,,,,,,,,,,,,False,ap_dam_barrage_state_v1,2026-09-03T04:52:14.872465+00:00
99,AP_DAM_WRIS_AP01MH0138,"N.T.R. , Thatiparthi(V), Madugula (M) Dam",dam,,,,,24.51,1317.0,,,LG,,16386.0,,,,,TE + PG,Seismic Zone-II,Under Construction,AP01MH0138,D03798,5.0,0.5,0.8,B2,GOVERNMENT_DERIVED_MIRROR,SOURCE_PRESERVED,,,,,,,,,,,,,,,,,False,ap_dam_barrage_state_v1,2026-09-03T04:52:14.872465+00:00
100,AP_DAM_WRIS_AP01MH0028,Nagurur Dam,dam,1971.0,1971.0,,55.0,28.05,800.0,,,LG,,,,,,,TE,Seismic Zone-II,Completed,AP01MH0028,D03800,5.0,0.5,0.8,B2,GOVERNMENT_DERIVED_MIRROR,SOURCE_PRESERVED,,,,,,,,,,,,,,,,,False,ap_dam_barrage_state_v1,2026-09-03T04:52:14.872465+00:00
101,AP_DAM_WRIS_AP01LH0037,"Pedda Cheruvu , Nagasamudram Dam",dam,1975.0,1975.0,,51.0,14.0,1295.68,,,,,2899.0,,,,,TE,Seismic Zone-II,Completed,AP01LH0037,D04530,6.0,0.6,0.8,B2,GOVERNMENT_DERIVED_MIRROR,SOURCE_PRESERVED,,,,,,,,,,,,,,,,,False,ap_dam_barrage_state_v1,2026-09-03T04:52:14.872465+00:00
102,AP_DAM_WRIS_AP01LH0108,Pedda Rayala Cheruvu Dam,dam,,,,,12.0,800.0,,,,,,,,,,TE,Seismic Zone-II,,AP01LH0108,D04532,4.0,0.4,0.8,B2,GOVERNMENT_DERIVED_MIRROR,SOURCE_PRESERVED,,,,,,,,,,,,,,,,,False,ap_dam_barrage_state_v1,2026-09-03T04:52:14.872465+00:00
103,AP_DAM_WRIS_AP01MH0109,Pedda Tippa Samudram Dam,dam,,,,,15.39,1550.0,,,,,474.0,,,,,TE + PG,Seismic Zone-II,,AP01MH0109,D04533,5.0,0.5,0.8,B2,GOVERNMENT_DERIVED_MIRROR,SOURCE_PRESERVED,,,,,,,,,,,,,,,,,False,ap_dam_barrage_state_v1,2026-09-03T04:52:14.872465+00:00
104,AP_DAM_WRIS_AP01LH0107,"Peddabadava, Tulasikrishan Dam",dam,,,,,10.74,571.0,118.0,,,,31.0,,,,Peddabadava,TE,Seismic Zone-III,,AP01LH0107,D04534,6.0,0.6,0.8,B2,GOVERNMENT_DERIVED_MIRROR,SOURCE_PRESERVED,,,,,,,,,,,,,,,,,False,ap_dam_barrage_state_v1,2026-09-03T04:52:14.872465+00:00
105,AP_DAM_WRIS_D04538,"Peddayetivanka, Annupal Dam",dam,,,,,12.11,235.0,,,,,82.0,,,,Peddayetivanka,TE,Seismic Zone-III,,,D04538,6.0,0.6,0.8,B2,GOVERNMENT_DERIVED_MIRROR,SOURCE_PRESERVED,,,,,,,,,,,,,,,,,False,ap_dam_barrage_state_v1,2026-09-03T04:52:14.872465+00:00
106,AP_DAM_WRIS_AP01LH0067,Pendlur Dam,dam,1998.0,1998.0,,28.0,10.6,1045.0,,,,,293.0,,,,,TE,Seismic Zone-II,Completed,AP01LH0067,D04553,6.0,0.6,0.8,B2,GOVERNMENT_DERIVED_MIRROR,SOURCE_PRESERVED,,,,,,,,,,,,,,,,,False,ap_dam_barrage_state_v1,2026-09-03T04:52:14.872465+00:00
107,AP_DAM_WRIS_AP01LH0111,Peruru Dam,dam,,,,,10.0,2520.0,,,,,,,,,,TE,Seismic Zone-III,,AP01LH0111,D04558,4.0,0.4,0.8,B2,GOVERNMENT_DERIVED_MIRROR,SOURCE_PRESERVED,,,,,,,,,,,,,,,,,False,ap_dam_barrage_state_v1,2026-09-03T04:52:14.872465+00:00
108,AP_DAM_WRIS_AP01LH0045,Pittakayagulla Dam,dam,1978.0,1978.0,,48.0,12.5,,,,,,429.0,,,,Vemuluri Stream,TE,Seismic Zone-II,Completed,AP01LH0045,D04567,6.0,0.6,0.8,B2,GOVERNMENT_DERIVED_MIRROR,SOURCE_PRESERVED,,,,,,,,,,,,,,,,,False,ap_dam_barrage_state_v1,2026-09-03T04:52:14.872465+00:00
109,AP_DAM_WRIS_AP01LH0115,Rayalacheruvu Dam,dam,,,,,10.0,920.0,260.0,,,,21.0,,,,Pennar,TE,Seismic Zone-II,,AP01LH0115,D04630,6.0,0.6,0.8,B2,GOVERNMENT_DERIVED_MIRROR,SOURCE_PRESERVED,,,,,,,,,,,,,,,,,False,ap_dam_barrage_state_v1,2026-09-03T04:52:14.872465+00:00
110,AP_DAM_WRIS_AP01LH0048,Sadasivakona Dam,dam,1979.0,1979.0,,47.0,14.03,619.0,137.0,,,,180.0,,,,Sadasivakona,TE,Seismic Zone-III,Completed,AP01LH0048,D04649,7.0,0.7,0.8,B2,GOVERNMENT_DERIVED_MIRROR,SOURCE_PRESERVED,,,,,,,,,,,,,,,,,False,ap_dam_barrage_state_v1,2026-09-03T04:52:14.872465+00:00
111,AP_DAM_WRIS_AP01LH0055,Thadukuvagu Dam,dam,1982.0,1982.0,,44.0,12.2,900.0,,,,,680.0,,,,,TE,Seismic Zone-II,Completed,AP01LH0055,D05261,6.0,0.6,0.8,B2,GOVERNMENT_DERIVED_MIRROR,SOURCE_PRESERVED,,,,,,,,,,,,,,,,,False,ap_dam_barrage_state_v1,2026-09-03T04:52:14.872465+00:00
112,AP_DAM_WRIS_AP01MH0145,"Urakagedda , Sankaram (V), Madugula(M) Dam",dam,,,,,25.0,515.0,,,,,15651.0,,,,,TE,Seismic Zone-II,Under Construction,AP01MH0145,D05266,5.0,0.5,0.8,B2,GOVERNMENT_DERIVED_MIRROR,SOURCE_PRESERVED,,,,,,,,,,,,,,,,,False,ap_dam_barrage_state_v1,2026-09-03T04:52:14.872465+00:00
113,AP_DAM_WRIS_AP01LH0071,Sancherla Dam,dam,2000.0,2000.0,,26.0,12.0,500.0,,,,,340.0,,,,,TE,Seismic Zone-II,Completed,AP01LH0071,D05180,6.0,0.6,0.8,B2,GOVERNMENT_DERIVED_MIRROR,SOURCE_PRESERVED,,,,,,,,,,,,,,,,,False,ap_dam_barrage_state_v1,2026-09-03T04:52:14.872465+00:00
114,AP_DAM_WRIS_AP01LH0116,Sankarayalapeta Dam,dam,,,,,13.0,2000.0,,,,,,,,,,TE + PG,Seismic Zone-II,,AP01LH0116,D05182,4.0,0.4,0.8,B2,GOVERNMENT_DERIVED_MIRROR,SOURCE_PRESERVED,,,,,,,,,,,,,,,,,False,ap_dam_barrage_state_v1,2026-09-03T04:52:14.872465+00:00
115,AP_DAM_WRIS_AP01LH0147,Vanaka Badigedda Dam,dam,,,,,13.0,630.0,1.99,,,,,,,,Vanaka Badigedda,TE + PG,Seismic Zone-II,Under Construction,AP01LH0147,D05291,5.0,0.5,0.8,B2,GOVERNMENT_DERIVED_MIRROR,SOURCE_PRESERVED,,,,,,,,,,,,,,,,,False,ap_dam_barrage_state_v1,2026-09-03T04:52:14.872465+00:00
116,AP_DAM_WRIS_AP01MH0066,Varikunta Dam,dam,1997.0,1997.0,,29.0,15.1,1156.0,,,RD,,810.0,,,,,TE,Seismic Zone-II,Completed,AP01MH0066,D05292,6.0,0.6,0.8,B2,GOVERNMENT_DERIVED_MIRROR,SOURCE_PRESERVED,,,,,,,,,,,,,,,,,False,ap_dam_barrage_state_v1,2026-09-03T04:52:14.872465+00:00
117,AP_DAM_WRIS_AP01LH0032,Vyasasamudram Dam,dam,1974.0,1974.0,,52.0,11.29,840.0,,,LG,,169.0,,,,,TE + PG,Seismic Zone-II,Completed,AP01LH0032,D05299,6.0,0.6,0.8,B2,GOVERNMENT_DERIVED_MIRROR,SOURCE_PRESERVED,,,,,,,,,,,,,,,,,False,ap_dam_barrage_state_v1,2026-09-03T04:52:14.872465+00:00
118,AP_DAM_WRIS_AP01LH0124,Y.T.Cheruvu Dam,dam,,,,,10.0,2078.0,,,LG,,226.0,,,,,TE + PG,Seismic Zone-II,,AP01LH0124,D05300,5.0,0.5,0.8,B2,GOVERNMENT_DERIVED_MIRROR,SOURCE_PRESERVED,,,,,,,,,,,,,,,,,False,ap_dam_barrage_state_v1,2026-09-03T04:52:14.872465+00:00
119,AP_DAM_WRIS_AP01LH0061,Savisettipalli Dam,dam,1985.0,1985.0,,41.0,12.0,200.0,,,,,130.0,,,,,TE,Seismic Zone-II,Completed,AP01LH0061,D05190,6.0,0.6,0.8,B2,GOVERNMENT_DERIVED_MIRROR,SOURCE_PRESERVED,,,,,,,,,,,,,,,,,False,ap_dam_barrage_state_v1,2026-09-03T04:52:14.872465+00:00
120,AP_DAM_WRIS_AP01LH0117,"Seethai Cheru, Seethaipally Dam",dam,1922.0,1922.0,,104.0,11.0,1020.0,,,,,104.0,,,,Godavari,TE,Seismic Zone-II,,AP01LH0117,D05193,7.0,0.7,0.8,B2,GOVERNMENT_DERIVED_MIRROR,SOURCE_PRESERVED,,,,,,,,,,,,,,,,,False,ap_dam_barrage_state_v1,2026-09-03T04:52:14.872465+00:00
121,AP_DAM_WRIS_AP01LH0118,Sreerangarayani Cheruvu Dam,dam,,,,,11.708,2378.76,,,,,992.0,,,,,TE + PG,Seismic Zone-II,,AP01LH0118,D05207,5.0,0.5,0.8,B2,GOVERNMENT_DERIVED_MIRROR,SOURCE_PRESERVED,,,,,,,,,,,,,,,,,False,ap_dam_barrage_state_v1,2026-09-03T04:52:14.872465+00:00
122,AP_DAM_WRIS_AP01LH0120,T.Sundupalli Dam,dam,,,,,10.0,1100.0,,,,,685.0,,,,,TE + PG,Seismic Zone-II,,AP01LH0120,D05214,5.0,0.5,0.8,B2,GOVERNMENT_DERIVED_MIRROR,SOURCE_PRESERVED,,,,,,,,,,,,,,,,,False,ap_dam_barrage_state_v1,2026-09-03T04:52:14.872465+00:00
123,AP_DAM_WRIS_AP01MH0121,"Tajangi , Tajangi(V) Dam",dam,,,,,17.3,220.0,,,,,12500.0,,,,,TE,Seismic Zone-II,,AP01MH0121,D05215,5.0,0.5,0.8,B2,GOVERNMENT_DERIVED_MIRROR,SOURCE_PRESERVED,,,,,,,,,,,,,,,,,False,ap_dam_barrage_state_v1,2026-09-03T04:52:14.872465+00:00
124,AP_DAM_WRIS_D06052,Alaganoor Dam,dam,,,,,,,,,,,,,,,,,Seismic Zone-II,,,D06052,1.0,0.1,0.8,B2,GOVERNMENT_DERIVED_MIRROR,SOURCE_PRESERVED,,,,,,,,,,,,,,,,,False,ap_dam_barrage_state_v1,2026-09-03T04:52:14.872465+00:00
125,AP_DAM_WRIS_D06074,Eguva Thamballa Palli - Cheruvu Dam,dam,,,,,,,,,,,,,,,,,Seismic Zone-II,,,D06074,1.0,0.1,0.8,B2,GOVERNMENT_DERIVED_MIRROR,SOURCE_PRESERVED,,,,,,,,,,,,,,,,,False,ap_dam_barrage_state_v1,2026-09-03T04:52:14.872465+00:00
126,AP_DAM_WRIS_AP01HH0023,Guntawada Main Dam,dam,,,,,,,,,,7080.0,10933.0,,,,Sileru,,Seismic Zone-II,Completed,AP01HH0023,D06086,4.0,0.4,0.8,B2,GOVERNMENT_DERIVED_MIRROR,SOURCE_PRESERVED,,,,,,,,,,,,,,,,,False,ap_dam_barrage_state_v1,2026-09-03T04:52:14.872465+00:00
127,AP_DAM_WRIS_AP01LH0097,Jajigedda Dam,dam,,,,,,,,,,,6230.0,,,,,,Seismic Zone-II,,AP01LH0097,D06091,2.0,0.2,0.8,B2,GOVERNMENT_DERIVED_MIRROR,SOURCE_PRESERVED,,,,,,,,,,,,,,,,,False,ap_dam_barrage_state_v1,2026-09-03T04:52:14.872465+00:00
128,AP_DAM_WRIS_D06095,Kalinga Dal Dam,dam,,,,,,,,,,,,,,,,,Seismic Zone-II,,,D06095,1.0,0.1,0.8,B2,GOVERNMENT_DERIVED_MIRROR,SOURCE_PRESERVED,,,,,,,,,,,,,,,,,False,ap_dam_barrage_state_v1,2026-09-03T04:52:14.872465+00:00
129,AP_DAM_WRIS_D06139,Ramathirtham Dam,dam,,,,,,,,,,,,,,,,,Seismic Zone-II,Under Construction,,D06139,1.0,0.1,0.8,B2,GOVERNMENT_DERIVED_MIRROR,SOURCE_PRESERVED,,,,,,,,,,,,,,,,,False,ap_dam_barrage_state_v1,2026-09-03T04:52:14.872465+00:00
130,AP_DAM_WRIS_AP01MH0150,Velugodu Dam,dam,,,,,,,,,,,1232.0,,,,Pennar,,Seismic Zone-II,Under Construction,AP01MH0150,D06159,3.0,0.3,0.8,B2,GOVERNMENT_DERIVED_MIRROR,SOURCE_PRESERVED,,,,,,,,,,,,,,,,,False,ap_dam_barrage_state_v1,2026-09-03T04:52:14.872465+00:00
131,AP_DAM_WRIS_D06026,Midpennar Stage-I/Mid-Pennar Dam,dam,1968.0,1968.0,,58.0,43.0,1175.0,398.0,14.0,RD,5318.0,4543.0,360.27,182.88,,Pennar,TE,Seismic Zone-II,Completed,,D06026,10.0,1.0,0.8,B2,GOVERNMENT_DERIVED_MIRROR,SOURCE_PRESERVED,,,,,,,,,,,,,,,,,False,ap_dam_barrage_state_v1,2026-09-03T04:52:14.872465+00:00
132,AP_DAM_WRIS_AP01LH0005,Thippayapalem Dam,dam,1938.0,1938.0,,88.0,10.0,,,,,,,,,,-,TE + PG,Seismic Zone-II,Completed,AP01LH0005,D06035,5.0,0.5,0.8,B2,GOVERNMENT_DERIVED_MIRROR,SOURCE_PRESERVED,,,,,,,,,,,,,,,,,False,ap_dam_barrage_state_v1,2026-09-03T04:52:14.872465+00:00
133,AP_DAM_WRIS_AP01HH0133,Kandaleru /Kandaleru Dam,dam,1995.0,1995.0,,31.0,49.0,10752.0,16720.0,3.0,RD,312.0,,85.0,,OT,Kandleru,TE,Seismic Zone-III,Completed,AP01HH0133,D05565,9.0,0.9,0.8,B2,GOVERNMENT_DERIVED_MIRROR,SOURCE_PRESERVED,,,,,,,,,,,,,,,,,False,ap_dam_barrage_state_v1,2026-09-03T04:52:14.872465+00:00
134,AP_DAM_WRIS_D06208,Yeddula Eswaraiah Gandikoata Dam,dam,,,2005.0,,38.0,325.0,,14.0,RD,8180.0,,202.2,,OG,Pennar,PG,Seismic Zone-II,Completed,,D06208,8.0,0.8,0.8,B2,GOVERNMENT_DERIVED_MIRROR,SOURCE_PRESERVED,,,,,,,,,,,,,,,,,False,ap_dam_barrage_state_v1,2026-09-03T04:52:14.872465+00:00
135,AP_DAM_WRIS_D06327,Pulichintala,dam,,,,,,,,4.0,,,57700.0,,,,Krishna,,Seismic Zone-III,Completed,,D06327,4.0,0.4,0.8,B2,GOVERNMENT_DERIVED_MIRROR,SOURCE_PRESERVED,,,,,,,,,,,,,,,,,False,ap_dam_barrage_state_v1,2026-09-03T04:52:14.872465+00:00
136,AP_DAM_WRIS_D06350,Gooty Tank,dam,,,,,,,,,,,,,,,,TE,Seismic Zone-II,Proposed,,D06350,2.0,0.2,0.8,B2,GOVERNMENT_DERIVED_MIRROR,SOURCE_PRESERVED,,,,,,,,,,,,,,,,,False,ap_dam_barrage_state_v1,2026-09-03T04:52:14.872465+00:00
137,AP_DAM_WRIS_D06351,Kanelal Tank,dam,,,,,,,,,,,,,,,,TE,Seismic Zone-II,Proposed,,D06351,2.0,0.2,0.8,B2,GOVERNMENT_DERIVED_MIRROR,SOURCE_PRESERVED,,,,,,,,,,,,,,,,,False,ap_dam_barrage_state_v1,2026-09-03T04:52:14.872465+00:00
138,AP_DAM_WRIS_D06352,Pendekallu,dam,,,,,,,,,,,,,,,,,Seismic Zone-II,Proposed,,D06352,1.0,0.1,0.8,B2,GOVERNMENT_DERIVED_MIRROR,SOURCE_PRESERVED,,,,,,,,,,,,,,,,,False,ap_dam_barrage_state_v1,2026-09-03T04:52:14.872465+00:00
139,AP_DAM_WRIS_D06353,Matchukota Balancing Reservoir,dam,,,,,,,,,,,,,,,,TE,Seismic Zone-II,Proposed,,D06353,2.0,0.2,0.8,B2,GOVERNMENT_DERIVED_MIRROR,SOURCE_PRESERVED,,,,,,,,,,,,,,,,,False,ap_dam_barrage_state_v1,2026-09-03T04:52:14.872465+00:00
140,AP_DAM_WRIS_D06354,Sri Subbaraya Sagar,dam,,,,,,,,,,,,,,,,,Seismic Zone-II,Proposed,,D06354,1.0,0.1,0.8,B2,GOVERNMENT_DERIVED_MIRROR,SOURCE_PRESERVED,,,,,,,,,,,,,,,,,False,ap_dam_barrage_state_v1,2026-09-03T04:52:14.872465+00:00
141,AP_DAM_WRIS_D06356,P.T.Cheruvu,dam,,,,,,,,,,,,,,,,TE,Seismic Zone-II,Completed,,D06356,2.0,0.2,0.8,B2,GOVERNMENT_DERIVED_MIRROR,SOURCE_PRESERVED,,,,,,,,,,,,,,,,,False,ap_dam_barrage_state_v1,2026-09-03T04:52:14.872465+00:00
142,AP_DAM_WRIS_D06393,Spvbs Dam,dam,,,,,,,,,,,,,,,Pennar,,Seismic Zone-II,Completed,,D06393,2.0,0.2,0.8,B2,GOVERNMENT_DERIVED_MIRROR,SOURCE_PRESERVED,,,,,,,,,,,,,,,,,False,ap_dam_barrage_state_v1,2026-09-03T04:52:14.872465+00:00
143,AP_DAM_WRIS_D06394,Turimella Reservoir Dam,dam,,,,,,,,,,,,,,,,,Seismic Zone-II,Proposed,,D06394,1.0,0.1,0.8,B2,GOVERNMENT_DERIVED_MIRROR,SOURCE_PRESERVED,,,,,,,,,,,,,,,,,False,ap_dam_barrage_state_v1,2026-09-03T04:52:14.872465+00:00
144,AP_DAM_WRIS_D06395,Kakarla Dam,dam,,,,,,,,,,,,,,,Peddavagu,,Seismic Zone-II,Under Construction,,D06395,2.0,0.2,0.8,B2,GOVERNMENT_DERIVED_MIRROR,SOURCE_PRESERVED,,,,,,,,,,,,,,,,,False,ap_dam_barrage_state_v1,2026-09-03T04:52:14.872465+00:00
145,AP_DAM_WRIS_D02215,Sri Tenneti Viswanatham Pedderu Dam,dam,2006.0,2006.0,,20.0,31.0,900.0,,4.0,,,,,,,Pedderu,,Seismic Zone-II,Completed,,D02215,6.0,0.6,0.8,B2,GOVERNMENT_DERIVED_MIRROR,SOURCE_PRESERVED,,,,,,,,,,,,,,,,,False,ap_dam_barrage_state_v1,2026-09-03T04:52:14.872465+00:00
146,AP_DAM_WRIS_AP01LH0002,Dondapadu Tank,dam,1910.0,1910.0,,116.0,10.3,720.0,,,,,210.0,,,,krishna,TE,Seismic Zone-II,,AP01LH0002,D06644,7.0,0.7,0.8,B2,GOVERNMENT_DERIVED_MIRROR,SOURCE_PRESERVED,,,,,,,,,,,,,,,,,False,ap_dam_barrage_state_v1,2026-09-03T04:52:14.872465+00:00
147,AP_DAM_WRIS_AP01MH0003,Siddapuram Tank,dam,1919.0,1919.0,,107.0,19.0,4904.0,,,,,492.0,,,,Bhavana,TE,Seismic Zone-II,,AP01MH0003,D07171,7.0,0.7,0.8,B2,GOVERNMENT_DERIVED_MIRROR,SOURCE_PRESERVED,,,,,,,,,,,,,,,,,False,ap_dam_barrage_state_v1,2026-09-03T04:52:14.872465+00:00
148,AP_DAM_WRIS_AP01LH0006,Markapur  Tank,dam,1945.0,1945.0,,81.0,10.0,1569.0,,,,,75.0,,,,Mondivagu,TE,Seismic Zone-II,,AP01LH0006,D06937,7.0,0.7,0.8,B2,GOVERNMENT_DERIVED_MIRROR,SOURCE_PRESERVED,,,,,,,,,,,,,,,,,False,ap_dam_barrage_state_v1,2026-09-03T04:52:14.872465+00:00
149,AP_DAM_WRIS_AP01MH0027,Subba Reddy Sagar,dam,1970.0,1970.0,,56.0,17.5,442.0,,,,,542.0,,,,Kuntidevi  Vagu,TE,Seismic Zone-II,,AP01MH0027,D07197,7.0,0.7,0.8,B2,GOVERNMENT_DERIVED_MIRROR,SOURCE_PRESERVED,,,,,,,,,,,,,,,,,False,ap_dam_barrage_state_v1,2026-09-03T04:52:14.872465+00:00
150,AP_DAM_WRIS_AP01LH0033,Gujjuvai  Reservoir,dam,1974.0,1974.0,,52.0,15.0,800.0,,,,,90.9,,,,Peddagedda,TE,Seismic Zone-II,,AP01LH0033,D06701,7.0,0.7,0.8,B2,GOVERNMENT_DERIVED_MIRROR,SOURCE_PRESERVED,,,,,,,,,,,,,,,,,False,ap_dam_barrage_state_v1,2026-09-03T04:52:14.872465+00:00
151,AP_DAM_WRIS_AP01LH0041,Kaleti Vagu Reservoir,dam,1977.0,1977.0,,49.0,11.2,1850.0,,,,,683.0,,,,Local Stream,TE,Seismic Zone-II,,AP01LH0041,D06780,7.0,0.7,0.8,B2,GOVERNMENT_DERIVED_MIRROR,SOURCE_PRESERVED,,,,,,,,,,,,,,,,,False,ap_dam_barrage_state_v1,2026-09-03T04:52:14.872465+00:00
152,AP_DAM_WRIS_AP01MH0042,Mehadrigedda,dam,1977.0,1977.0,,49.0,13.716,1609.0,,,,,1502.0,,,,Mehadrigedda,TE,Seismic Zone-II,,AP01MH0042,D06942,7.0,0.7,0.8,B2,GOVERNMENT_DERIVED_MIRROR,SOURCE_PRESERVED,,,,,,,,,,,,,,,,,False,ap_dam_barrage_state_v1,2026-09-03T04:52:14.872465+00:00
153,AP_DAM_WRIS_AP01MH0044,"Peddabommalapuram
Reservoir",dam,1978.0,1978.0,,48.0,17.3,640.0,,,,,,,,,Local Nala,TE,Seismic Zone-II,,AP01MH0044,D07049,6.0,0.6,0.8,B2,GOVERNMENT_DERIVED_MIRROR,SOURCE_PRESERVED,,,,,,,,,,,,,,,,,False,ap_dam_barrage_state_v1,2026-09-03T04:52:14.872465+00:00
154,AP_DAM_WRIS_AP01LH0050,Saddikutimadugu Reservoir,dam,1980.0,1980.0,,46.0,10.94,800.0,,,,,,,,,Manneru,TE,Seismic Zone-II,,AP01LH0050,D07112,6.0,0.6,0.8,B2,GOVERNMENT_DERIVED_MIRROR,SOURCE_PRESERVED,,,,,,,,,,,,,,,,,False,ap_dam_barrage_state_v1,2026-09-03T04:52:14.872465+00:00
155,AP_DAM_WRIS_AP01LH0054,Itugulapadu Tank,dam,1982.0,1982.0,,44.0,10.5,520.0,,,,,668.27,,,,Maderu,TE,Seismic Zone-II,,AP01LH0054,D06735,7.0,0.7,0.8,B2,GOVERNMENT_DERIVED_MIRROR,SOURCE_PRESERVED,,,,,,,,,,,,,,,,,False,ap_dam_barrage_state_v1,2026-09-03T04:52:14.872465+00:00
156,AP_DAM_WRIS_AP01HH0060,Papavinasanam Dam,dam,1985.0,1985.0,,41.0,50.0,274.0,195.0,,,,201.0,,,,Papavinasanam,TE + PG,Seismic Zone-II,,AP01HH0060,D07029,7.0,0.7,0.8,B2,GOVERNMENT_DERIVED_MIRROR,SOURCE_PRESERVED,,,,,,,,,,,,,,,,,False,ap_dam_barrage_state_v1,2026-09-03T04:52:14.872465+00:00
157,AP_DAM_WRIS_AP01LH0068,Vagetikona Reservoir,dam,1998.0,1998.0,,28.0,11.3,1306.0,,,,,285.02,,,,Local Stream,TE,Seismic Zone-II,,AP01LH0068,D07265,7.0,0.7,0.8,B2,GOVERNMENT_DERIVED_MIRROR,SOURCE_PRESERVED,,,,,,,,,,,,,,,,,False,ap_dam_barrage_state_v1,2026-09-03T04:52:14.872465+00:00
158,AP_DAM_WRIS_AP01LH0077,Dharakalava Reservoir,dam,2004.0,2004.0,,22.0,20.12,250.0,9000.0,,,,227.67,,,,Hill Stream,TE,Seismic Zone-II,,AP01LH0077,D06628,7.0,0.7,0.8,B2,GOVERNMENT_DERIVED_MIRROR,SOURCE_PRESERVED,,,,,,,,,,,,,,,,,False,ap_dam_barrage_state_v1,2026-09-03T04:52:14.872465+00:00
159,AP_DAM_WRIS_AP01MH0080,Earlakatta  Tank,dam,2007.0,2007.0,,19.0,17.0,571.0,,,,,,,,,krishna,TE,Seismic Zone-II,,AP01MH0080,D06654,6.0,0.6,0.8,B2,GOVERNMENT_DERIVED_MIRROR,SOURCE_PRESERVED,,,,,,,,,,,,,,,,,False,ap_dam_barrage_state_v1,2026-09-03T04:52:14.872465+00:00
160,AP_DAM_WRIS_AP01MH0083,"N.T.R. T.G.P-Subsidiary
Reservoir  No 1",dam,,,,,28.0,1820.0,,,,,,,,,Kunderu,TE,Seismic Zone-II,,AP01MH0083,D06962,5.0,0.5,0.8,B2,GOVERNMENT_DERIVED_MIRROR,SOURCE_PRESERVED,,,,,,,,,,,,,,,,,False,ap_dam_barrage_state_v1,2026-09-03T04:52:14.872465+00:00
161,AP_DAM_WRIS_AP01LH0086,Chennapatnam Cheruvu,dam,,,,,10.0,950.0,,,,,,,,,Pennar,TE,Seismic Zone-II,,AP01LH0086,D06568,5.0,0.5,0.8,B2,GOVERNMENT_DERIVED_MIRROR,SOURCE_PRESERVED,,,,,,,,,,,,,,,,,False,ap_dam_barrage_state_v1,2026-09-03T04:52:14.872465+00:00
162,AP_DAM_WRIS_AP01LH0087,"Chikkavadiyar, Anantapur",dam,,,,,10.54,4476.0,,,,,501.0,,,,ghatprabha,TE + PG,Seismic Zone-II,,AP01LH0087,D06576,6.0,0.6,0.8,B2,GOVERNMENT_DERIVED_MIRROR,SOURCE_PRESERVED,,,,,,,,,,,,,,,,,False,ap_dam_barrage_state_v1,2026-09-03T04:52:14.872465+00:00
163,AP_DAM_WRIS_AP01MH0089,Chinnagottigallu Tank,dam,,,,,18.0,900.0,,,,,168.51,,,,Swarnamuki R,TE,Seismic Zone-II,,AP01MH0089,D06583,6.0,0.6,0.8,B2,GOVERNMENT_DERIVED_MIRROR,SOURCE_PRESERVED,,,,,,,,,,,,,,,,,False,ap_dam_barrage_state_v1,2026-09-03T04:52:14.872465+00:00
164,AP_DAM_WRIS_AP01LH0090,"Chinna Tippa Samudram
Tank",dam,,,,,12.2,790.0,,,,,354.0,,,,Thettuvanka,TE,Seismic Zone-II,,AP01LH0090,D06582,6.0,0.6,0.8,B2,GOVERNMENT_DERIVED_MIRROR,SOURCE_PRESERVED,,,,,,,,,,,,,,,,,False,ap_dam_barrage_state_v1,2026-09-03T04:52:14.872465+00:00
165,AP_DAM_WRIS_AP01LH0093,"Gowricheru, Mogili",dam,,,,,10.0,650.0,47.99,,,,136.0,,,,Ghataprabha,TE,Seismic Zone-II,,AP01LH0093,D06699,6.0,0.6,0.8,B2,GOVERNMENT_DERIVED_MIRROR,SOURCE_PRESERVED,,,,,,,,,,,,,,,,,False,ap_dam_barrage_state_v1,2026-09-03T04:52:14.872465+00:00
166,AP_DAM_WRIS_AP01MH0094,Gullur Tank,dam,,,,,15.0,1040.0,,,,,,,,,Ghataprabha,TE,Seismic Zone-II,,AP01MH0094,D06702,5.0,0.5,0.8,B2,GOVERNMENT_DERIVED_MIRROR,SOURCE_PRESERVED,,,,,,,,,,,,,,,,,False,ap_dam_barrage_state_v1,2026-09-03T04:52:14.872465+00:00
167,AP_DAM_WRIS_AP01MH0095,Gundlamotu Reservoir,dam,,,,,16.0,605.0,,,,,652.0,,,,Ghataprabha,TE,Seismic Zone-II,,AP01MH0095,D06704,6.0,0.6,0.8,B2,GOVERNMENT_DERIVED_MIRROR,SOURCE_PRESERVED,,,,,,,,,,,,,,,,,False,ap_dam_barrage_state_v1,2026-09-03T04:52:14.872465+00:00
168,AP_DAM_WRIS_AP01LH0099,Koduru Reservoir,dam,,,,,10.0,796.0,,,,,21.24,,,,Khushavathi,TE,Seismic Zone-II,,AP01LH0099,D06839,6.0,0.6,0.8,B2,GOVERNMENT_DERIVED_MIRROR,SOURCE_PRESERVED,,,,,,,,,,,,,,,,,False,ap_dam_barrage_state_v1,2026-09-03T04:52:14.872465+00:00
169,AP_DAM_WRIS_AP01LH0103,Muthyalacheruvu,dam,,,,,11.0,838.0,,,,,297.44,,,,ghatprabha,TE,Seismic Zone-II,,AP01LH0103,D06961,6.0,0.6,0.8,B2,GOVERNMENT_DERIVED_MIRROR,SOURCE_PRESERVED,,,,,,,,,,,,,,,,,False,ap_dam_barrage_state_v1,2026-09-03T04:52:14.872465+00:00
170,AP_DAM_WRIS_AP01LH0105,"Pattikondavanka, Guttava",dam,,,,,12.48,580.0,,,,,59.0,,,,Ghataprabha,TE,Seismic Zone-II,,AP01LH0105,D07038,6.0,0.6,0.8,B2,GOVERNMENT_DERIVED_MIRROR,SOURCE_PRESERVED,,,,,,,,,,,,,,,,,False,ap_dam_barrage_state_v1,2026-09-03T04:52:14.872465+00:00
171,AP_DAM_WRIS_AP01LH0113,"Rallakalva, Kaliyambaka",dam,,,,,10.0,1515.0,81.1,,,,73.0,,,,Rallakalva,TE,Seismic Zone-II,,AP01LH0113,D07089,6.0,0.6,0.8,B2,GOVERNMENT_DERIVED_MIRROR,SOURCE_PRESERVED,,,,,,,,,,,,,,,,,False,ap_dam_barrage_state_v1,2026-09-03T04:52:14.872465+00:00
172,AP_DAM_WRIS_AP01MH0114,"Rao Cheruvu,  Rajupalem",dam,,,,,16.0,460.0,,,,,113.83,,,,Sagileru,TE,Seismic Zone-II,,AP01MH0114,D07100,6.0,0.6,0.8,B2,GOVERNMENT_DERIVED_MIRROR,SOURCE_PRESERVED,,,,,,,,,,,,,,,,,False,ap_dam_barrage_state_v1,2026-09-03T04:52:14.872465+00:00
173,AP_DAM_WRIS_AP01LH0119,Swamy Tank,dam,,,,,11.58,375.0,,,,,56.35,,,,pennar,TE,Seismic Zone-II,,AP01LH0119,D07220,6.0,0.6,0.8,B2,GOVERNMENT_DERIVED_MIRROR,SOURCE_PRESERVED,,,,,,,,,,,,,,,,,False,ap_dam_barrage_state_v1,2026-09-03T04:52:14.872465+00:00
174,AP_DAM_WRIS_AP01LH0122,"Ura Tank, S.R. Puram",dam,,,,,13.86,869.0,,,,,283.0,,,,pennar,TE,Seismic Zone-II,,AP01LH0122,D07262,6.0,0.6,0.8,B2,GOVERNMENT_DERIVED_MIRROR,SOURCE_PRESERVED,,,,,,,,,,,,,,,,,False,ap_dam_barrage_state_v1,2026-09-03T04:52:14.872465+00:00
175,AP_DAM_WRIS_AP01LH0123,Virupana  Tank,dam,,,,,12.0,589.0,,,,,6.68,,,,ghatprabha,TE,Seismic Zone-II,,AP01LH0123,D07280,6.0,0.6,0.8,B2,GOVERNMENT_DERIVED_MIRROR,SOURCE_PRESERVED,,,,,,,,,,,,,,,,,False,ap_dam_barrage_state_v1,2026-09-03T04:52:14.872465+00:00
176,AP_DAM_WRIS_AP01MH0152,"N.T.R. T.G.P-Subsidiary
Reservoir  No 2",dam,,,,,18.0,,,,,,,,,,Vakkileru  N,TE,Seismic Zone-II,,AP01MH0152,D06963,4.0,0.4,0.8,B2,GOVERNMENT_DERIVED_MIRROR,SOURCE_PRESERVED,,,,,,,,,,,,,,,,,False,ap_dam_barrage_state_v1,2026-09-03T04:52:14.872465+00:00
177,AP_DAM_WRIS_AP01HH0159,"Ps Velegonda Project Kakarla
Dam",dam,2014.0,2014.0,,12.0,60.0,470.0,210.0,,,,52.29,,,,krishna,TE,Seismic Zone-II,,AP01HH0159,D07079,7.0,0.7,0.8,B2,GOVERNMENT_DERIVED_MIRROR,SOURCE_PRESERVED,,,,,,,,,,,,,,,,,False,ap_dam_barrage_state_v1,2026-09-03T04:52:14.872465+00:00
178,AP_DAM_WRIS_AP01MH0166,"Surempalem Reservoir
Project",dam,2006.0,2006.0,,20.0,27.6,800.0,0.3136,,,,52.29,,,,Burada kalva,TE,Seismic Zone-II,,AP01MH0166,D07212,7.0,0.7,0.8,B2,GOVERNMENT_DERIVED_MIRROR,SOURCE_PRESERVED,,,,,,,,,,,,,,,,,False,ap_dam_barrage_state_v1,2026-09-03T04:52:14.872465+00:00
179,AP_DAM_WRIS_AP01MH0167,Gogarbham Dam,dam,1963.0,1963.0,,63.0,24.3,54.0,,,,,,,,,Local,TE,Seismic Zone-II,,AP01MH0167,D06688,6.0,0.6,0.8,B2,GOVERNMENT_DERIVED_MIRROR,SOURCE_PRESERVED,,,,,,,,,,,,,,,,,False,ap_dam_barrage_state_v1,2026-09-03T04:52:14.872465+00:00
180,AP_DAM_WRIS_AP01MH0168,Akasaganga,dam,2002.0,2002.0,,24.0,28.0,170.0,0.035,,,,52.29,,,,Local,TE,Seismic Zone-II,,AP01MH0168,D06420,7.0,0.7,0.8,B2,GOVERNMENT_DERIVED_MIRROR,SOURCE_PRESERVED,,,,,,,,,,,,,,,,,False,ap_dam_barrage_state_v1,2026-09-03T04:52:14.872465+00:00
181,AP_DAM_WRIS_AP01HH0169,"Kumaradhara Pushpadhara
Dam",dam,2011.0,2011.0,,15.0,63.74,906.3,0.25,,,,12500.0,,,,Odher,TE,Seismic Zone-II,,AP01HH0169,D06861,7.0,0.7,0.8,B2,GOVERNMENT_DERIVED_MIRROR,SOURCE_PRESERVED,,,,,,,,,,,,,,,,,False,ap_dam_barrage_state_v1,2026-09-03T04:52:14.872465+00:00
182,AP_BAR_WRIS_B00131,Sir Arthur Cotton Barrage /Godavari Barrage,barrage,,,,,,,,,,,,,,,Godavari,,,,,B00131,1.0,0.1,0.8,B2,GOVERNMENT_DERIVED_MIRROR,SOURCE_PRESERVED,,,,,,,,,,,,,,,,,False,ap_dam_barrage_state_v1,2026-09-03T04:52:14.872465+00:00
183,AP_BAR_WRIS_B00165,Tarakarama Thirtha Sagaram Barrage,barrage,,,,,,,,,,,,,,,Champavathi,,,,,B00165,1.0,0.1,0.8,B2,GOVERNMENT_DERIVED_MIRROR,SOURCE_PRESERVED,,,,,,,,,,,,,,,,,False,ap_dam_barrage_state_v1,2026-09-03T04:52:14.872465+00:00
184,AP_BAR_WRIS_B00448,Swarnamukhi Barrage,barrage,2008.0,,,,,,,,,,,,,,Swarnamukhi,,,,,B00448,1.0,0.1,0.8,B2,GOVERNMENT_DERIVED_MIRROR,SOURCE_PRESERVED,6369.0,7.438426501491601,19.43273112843333,0.0,60.868559,0.0,-0.3827782339152494,186.86961427342592,,,,,,,,,True,ap_dam_barrage_state_v1,2026-09-03T04:52:14.872465+00:00
185,AP_BAR_WRIS_B00435,Neradi Barrage,barrage,,,,,,,,,,,,,,,Vamsadhara,,,,,B00435,1.0,0.1,0.8,B2,GOVERNMENT_DERIVED_MIRROR,SOURCE_PRESERVED,,,,,,,,,,,,,,,,,False,ap_dam_barrage_state_v1,2026-09-03T04:52:14.872465+00:00
186,AP_BAR_WRIS_B00429,Thotapalli Barrage,barrage,,,,,,,,,,,,,,,Nagavali,,,,,B00429,1.0,0.1,0.8,B2,GOVERNMENT_DERIVED_MIRROR,SOURCE_PRESERVED,,,,,,,,,,,,,,,,,False,ap_dam_barrage_state_v1,2026-09-03T04:52:14.872465+00:00
187,AP_BAR_WRIS_B00434,Gotta Barrage,barrage,,,,,,,,,,,,,,,Vamsadhara,,,,,B00434,1.0,0.1,0.8,B2,GOVERNMENT_DERIVED_MIRROR,SOURCE_PRESERVED,,,,,,,,,,,,,,,,,False,ap_dam_barrage_state_v1,2026-09-03T04:52:14.872465+00:00
188,AP_BAR_WRIS_B00800,Rallapadu Barrage,barrage,1958.0,,,,,,,,,,,,,,Manneru River,,,,,B00800,1.0,0.1,0.8,B2,GOVERNMENT_DERIVED_MIRROR,SOURCE_PRESERVED,,,,,,,,,,,,,,,,,False,ap_dam_barrage_state_v1,2026-09-03T04:52:14.872465+00:00
189,AP_BAR_WRIS_B01201,Chagallur Barrage,barrage,,,,,,,,,,,,,,,Pennar,,,,,B01201,1.0,0.1,0.8,B2,GOVERNMENT_DERIVED_MIRROR,SOURCE_PRESERVED,,,,,,,,,,,,,,,,,False,ap_dam_barrage_state_v1,2026-09-03T04:52:14.872465+00:00
190,AP_BAR_WRIS_B01609,Vaikuntapuram Barrage,barrage,,,,,,,,,,,,,,,Krishna,,,,,B01609,1.0,0.1,0.8,B2,GOVERNMENT_DERIVED_MIRROR,SOURCE_PRESERVED,,,,,,,,,,,,,,,,,False,ap_dam_barrage_state_v1,2026-09-03T04:52:14.872465+00:00
