pic,name,operator,latitude_text,longitude_text,latitude,longitude,completion_year,river_basin,river,nearest_city,seismic_zone,dam_type,height_m,length_m,dam_volume_m3,gross_storage_mcm,reservoir_area_m2,effective_storage_mcm,purpose,spillway_capacity_cumecs,source_authority,source_document,source_url,evidence_class
AP01HH0019,Buggavagu,Andhra Pradesh Water Resources Department,"16° 28 ' 48""","79° 31 ' 41""",16.479999999999997,79.52805555555555,1961,Krishna,Buggavagu,Guruzala,II,Earthfill_Embankment,31.0,2576.0,1983000.0,98.06,12427000.0,49.98,I,567.0,Government of India / Central Water Commission,National Register of Large Dams 2019,https://www.cwc.gov.in/sites/default/files/nrld-2019.pdf,GOVERNMENT_FACT
AP01HH0020,Jalaput dam (S.H.E.S),Andhra Pradesh Water Resources Department,"18° 27 ' 9""","82° 32 ' 51""",18.4525,82.5475,1955,Godavari,Machkund,Visakhapatnam,II,Other,60.65,419.0,313000.0,970.4,97120000.0,892.46,I/H,5660.0,Government of India / Central Water Commission,National Register of Large Dams 2019,https://www.cwc.gov.in/sites/default/files/nrld-2019.pdf,GOVERNMENT_FACT
AP01HH0023,Guntavada Weir (S.H.E.S),Andhra Pradesh Water Resources Department,"18° 3 ' 33""","82° 2 ' 19""",18.059166666666666,82.03861111111111,1967,Godavari,Sileru,Chintpalle,II,Other,31.0,625.0,,122.74,,88.22,I,10933.0,Government of India / Central Water Commission,National Register of Large Dams 2019,https://www.cwc.gov.in/sites/default/files/nrld-2019.pdf,GOVERNMENT_FACT
AP01HH0024,Thatipudi,Andhra Pradesh Water Resources Department,"18° 10 ' 19""","83° 11 ' 40""",18.171944444444446,83.19444444444444,1968,East Flowing Rivers between Mahanadi and Godavari,Gosthani,Srungavarapukota,II,Earthfill_Embankment,37.0,585.0,,94.164,,89.91,I,1513.0,Government of India / Central Water Commission,National Register of Large Dams 2019,https://www.cwc.gov.in/sites/default/files/nrld-2019.pdf,GOVERNMENT_FACT
AP01HH0025,Mid Pennar Stage-I,Andhra Pradesh Water Resources Department,"14° 52 ' 15""","77° 24 ' 30""",14.870833333333334,77.40833333333335,1968,Pennar,Pennar,Anantapur,II,Other,43.0,1175.0,398000.0,146.398,17108000.0,136.906,I,4543.0,Government of India / Central Water Commission,National Register of Large Dams 2019,https://www.cwc.gov.in/sites/default/files/nrld-2019.pdf,GOVERNMENT_FACT
AP01HH0040,Kalyani dam,Andhra Pradesh Water Resources Department,"13° 39 ' 29""","79° 16 ' 7""",13.658055555555556,79.26861111111111,1977,East flowing rivers between Pennar and Cauvery Basin,Kalyani,Chandragiri,III,Other,36.0,500.0,,25.77,22550000.0,24.83,I/S,1614.0,Government of India / Central Water Commission,National Register of Large Dams 2019,https://www.cwc.gov.in/sites/default/files/nrld-2019.pdf,GOVERNMENT_FACT
AP01HH0043,Thandava,Andhra Pradesh Water Resources Department,"17° 37 ' 20""","82° 27 ' 38""",17.622222222222224,82.46055555555556,1975,Godavari,Thandava,Narsipatnam,II,Earthfill_Embankment,32.7,201.0,199000.0,140.45,18650000.0,124.69,I,1218.0,Government of India / Central Water Commission,National Register of Large Dams 2019,https://www.cwc.gov.in/sites/default/files/nrld-2019.pdf,GOVERNMENT_FACT
AP01HH0049,Pedderu,Andhra Pradesh Water Resources Department,"13° 53 ' 1""","78° 22 ' 13""",13.88361111111111,78.37027777777777,1980,Pennar,Pedderu,Madanapalle,II,Other,35.0,590.0,122000.0,15.857,1999000.0,14.974,I,3172.0,Government of India / Central Water Commission,National Register of Large Dams 2019,https://www.cwc.gov.in/sites/default/files/nrld-2019.pdf,GOVERNMENT_FACT
AP01HH0057,Donkarai (S.H.E.S),Andhra Pradesh Water Resources Department,"17° 56 ' 3""","81° 47 ' 46""",17.934166666666666,81.7961111111111,1983,Godavari,Sileru,Donkarayi,II,Other,71.0,1398.0,2038000.0,470.0,28060000.0,380.0,I/H,15593.0,Government of India / Central Water Commission,National Register of Large Dams 2019,https://www.cwc.gov.in/sites/default/files/nrld-2019.pdf,GOVERNMENT_FACT
AP01HH0060,Papavinasanam dam,Andhra Pradesh Water Resources Department,"13° 43 ' 10""","79° 20 ' 37""",13.719444444444445,79.3436111111111,1985,East flowing rivers between Pennar and Cauvery Basin,Papavinasanam,Tirupati,II,Other,50.0,274000.0,195000.0,2.124,760000.0,,S,201.0,Government of India / Central Water Commission,National Register of Large Dams 2019,https://www.cwc.gov.in/sites/default/files/nrld-2019.pdf,GOVERNMENT_FACT
AP01HH0062,Somasila Reservoir,Andhra Pradesh Water Resources Department,"14° 29 ' 19""","79° 18 ' 13""",14.48861111111111,79.30361111111111,1986,Pennar,Pennar,Atmakur,II,Other,39.0,352.0,1875000.0,2208.37,212280000.0,1994.1,I/H,19680.0,Government of India / Central Water Commission,National Register of Large Dams 2019,https://www.cwc.gov.in/sites/default/files/nrld-2019.pdf,GOVERNMENT_FACT
AP01HH0064,Jalleru Reservoir,Andhra Pradesh Water Resources Department,"17° 17 ' 24""","81° 20 ' 45""",17.290000000000003,81.34583333333333,1992,Godavari,Jalleru,Polavaram,III,Other,31.42,1790.0,1069000.0,15.317,1641000.0,11.339,I,348.0,Government of India / Central Water Commission,National Register of Large Dams 2019,https://www.cwc.gov.in/sites/default/files/nrld-2019.pdf,GOVERNMENT_FACT
AP01HH0079,Kovvadda kalva,Andhra Pradesh Water Resources Department,"17° 11 ' 52""","81° 30 ' 27""",17.197777777777777,81.5075,2004,Godavari,Kouvodakalva,Polavaram,II,Earthfill_Embankment,22.04,1599.0,0.0,12.36,12346000.0,11.581,I,630.3,Government of India / Central Water Commission,National Register of Large Dams 2019,https://www.cwc.gov.in/sites/default/files/nrld-2019.pdf,GOVERNMENT_FACT
AP01HH0081,Veligallu,Andhra Pradesh Water Resources Department,"14° 1 ' 52""","78° 28 ' 35""",14.031111111111112,78.47638888888889,2008,Pennar,Papagni,Rayachoti,II,Other,45.0,810.0,0.0,13.147,10886000.0,0.10412,I,4361.0,Government of India / Central Water Commission,National Register of Large Dams 2019,https://www.cwc.gov.in/sites/default/files/nrld-2019.pdf,GOVERNMENT_FACT
AP01HH0127,Bahuda Reservoir,Andhra Pradesh Water Resources Department,"13° 33 ' 46""","78° 37 ' 41""",13.562777777777779,78.62805555555555,1974,Pennar,Bahuda,Madanapalle,II,Earthfill_Embankment,31.77,792.48,0.0,14.06,,11.27,I,849.5,Government of India / Central Water Commission,National Register of Large Dams 2019,https://www.cwc.gov.in/sites/default/files/nrld-2019.pdf,GOVERNMENT_FACT
AP01HH0130,Gorakallu Balancing Reservoir,Andhra Pradesh Water Resources Department,"15° 33 ' 55""","78° 24 ' 16""",15.565277777777778,78.40444444444445,,Pennar,Mallama selavagu,Nandyal,II,Other,48.5,1731.0,0.0,3e-06,2.0,3e-06,I,3.0,Government of India / Central Water Commission,National Register of Large Dams 2019,https://www.cwc.gov.in/sites/default/files/nrld-2019.pdf,GOVERNMENT_FACT
AP01HH0131,Hiramandalam Reservoir,Andhra Pradesh Water Resources Department,"° ' ""","° ' """,,,,Area of Inland Drainage in Rajasthan,Ghataprabha,Sambalpur,NA,Earthfill_Embankment,,,,,,,,,Government of India / Central Water Commission,National Register of Large Dams 2019,https://www.cwc.gov.in/sites/default/files/nrld-2019.pdf,GOVERNMENT_FACT
AP01HH0132,Janjavati Reservoir,Andhra Pradesh Water Resources Department,"18° 51 ' 46""","83° 26 ' 4""",18.86277777777778,83.43444444444445,,East Flowing Rivers between Mahanadi and Godavari,Svarnamukhi Gomula,Parvathipuram,II,Earthfill_Embankment,34.0,4370.0,2919000.0,96.3,9710000.0,78.551,I,3398.0,Government of India / Central Water Commission,National Register of Large Dams 2019,https://www.cwc.gov.in/sites/default/files/nrld-2019.pdf,GOVERNMENT_FACT
AP01HH0133,Kandaleru Balancing Reservoir,Andhra Pradesh Water Resources Department,"14° 20 ' 0""","79° 37 ' 0""",14.333333333333334,79.61666666666666,1996,East flowing rivers between Pennar and Cauvery Basin,khandaleru,rapur,III,Earthfill_Embankment,49.0,10752.0,16720000.0,1926.0,142320000.0,1688.0,I/H,,Government of India / Central Water Commission,National Register of Large Dams 2019,https://www.cwc.gov.in/sites/default/files/nrld-2019.pdf,GOVERNMENT_FACT
AP01HH0137,Musurmilli Reservoir,Andhra Pradesh Water Resources Department,"17° 22 ' 55""","81° 46 ' 12""",17.381944444444446,81.77,,Godavari,Seethapalli Vagu,rampa chodaram,II,Earthfill_Embankment,33.0,1040.0,0.0,45.31,,,,2944.0,Government of India / Central Water Commission,National Register of Large Dams 2019,https://www.cwc.gov.in/sites/default/files/nrld-2019.pdf,GOVERNMENT_FACT
AP01HH0141,Penna Ahobilam (Dr. K.S.P.A.B.R.),Andhra Pradesh Water Resources Department,"14° 47 ' 26""","77° 17 ' 57""",14.790555555555555,77.29916666666666,1994,Pennar,Pennar,Rayadurg,II,Other,46.0,2060.0,865000.0,314.0,27560000.0,305.0,I/H,4662.0,Government of India / Central Water Commission,National Register of Large Dams 2019,https://www.cwc.gov.in/sites/default/files/nrld-2019.pdf,GOVERNMENT_FACT
AP01HH0142,Pulichintala Project,Andhra Pradesh Water Resources Department,"16° 46 ' 15""","80° 3 ' 26""",16.770833333333332,80.05722222222222,,Krishna,Krishna,huzur nagar,III,Other,36.64,934.0,0.0,1295.291,,1026.0,I,57700.0,Government of India / Central Water Commission,National Register of Large Dams 2019,https://www.cwc.gov.in/sites/default/files/nrld-2019.pdf,GOVERNMENT_FACT
AP01HH0149,Yeleru Reservoir,Andhra Pradesh Water Resources Department,"17° 18 ' 0""","82° 5 ' 30""",17.3,82.09166666666667,,East Flowing Rivers between Mahanadi and Godavari,Yeleru,Kakinada,II,Other,43.0,2544.0,5080000.0,682.7,59360000.0,508.3,I/S,8070.0,Government of India / Central Water Commission,National Register of Large Dams 2019,https://www.cwc.gov.in/sites/default/files/nrld-2019.pdf,GOVERNMENT_FACT
AP01HH0151,N.T.R. T.G.P-SPVB Reservoir,Andhra Pradesh Water Resources Department,"14° 48 ' 0""","78° 53 ' 0""",14.8,78.88333333333334,,Pennar,Vakkileru N,Cuddapah,II,Earthfill_Embankment,50.5,6109.0,116540000.0,17.735,27340000.0,,I/S,,Government of India / Central Water Commission,National Register of Large Dams 2019,https://www.cwc.gov.in/sites/default/files/nrld-2019.pdf,GOVERNMENT_FACT
AP01HH0153,Tenneti viswanadham Pedderu Reservoir,Andhra Pradesh Water Resources Department,"17° 53 ' 30""","82° 41 ' 0""",17.891666666666666,82.68333333333334,,Mahanadi,ghataprabha,Visakhapatnam,II,Other,36.0,900.0,0.0,13.4,,10.14,I,1630.0,Government of India / Central Water Commission,National Register of Large Dams 2019,https://www.cwc.gov.in/sites/default/files/nrld-2019.pdf,GOVERNMENT_FACT
AP01HH0157,Ps Velegonda Project Sunkesula Dam,Andhra Pradesh Water Resources Department,"15° 52 ' 51""","77° 49 ' 43""",15.880833333333333,77.8286111111111,2014,East flowing rivers between Krishna and Pennar,krishna,Marakapur,II,Earthfill_Embankment,58.8,400.0,276540.0,1.525,69525000000.0,1.231,I/S,,Government of India / Central Water Commission,National Register of Large Dams 2019,https://www.cwc.gov.in/sites/default/files/nrld-2019.pdf,GOVERNMENT_FACT
AP01HH0158,Ps Velegonda Project Gotimukkala Dam,Andhra Pradesh Water Resources Department,"15° 57 ' 34""","79° 8 ' 13""",15.959444444444443,79.13694444444445,2009,East flowing rivers between Krishna and Pennar,krishna,Marakapur,II,Earthfill_Embankment,70.0,575.0,976800.0,1.525,69525000000.0,1.231,I/S,,Government of India / Central Water Commission,National Register of Large Dams 2019,https://www.cwc.gov.in/sites/default/files/nrld-2019.pdf,GOVERNMENT_FACT
AP01HH0159,Ps Velegonda Project Kakarla Dam,Andhra Pradesh Water Resources Department,"15° 39 ' 30""","79° 10 ' 46""",15.658333333333333,79.17944444444444,2014,East flowing rivers between Krishna and Pennar,krishna,Marakapur,II,Earthfill_Embankment,60.0,470.0,210000.0,1.525,69525000000.0,1.231,I/S,52.29,Government of India / Central Water Commission,National Register of Large Dams 2019,https://www.cwc.gov.in/sites/default/files/nrld-2019.pdf,GOVERNMENT_FACT
AP01HH0160,Chitravathi Balancing Reservoir,Andhra Pradesh Water Resources Department,"14° 33 ' 35""","77° 57 ' 35""",14.559722222222224,77.95972222222223,2008,Pennar,chitravathi,Ananthapur,II,Earthfill_Embankment,36.5,846.0,189.97,0.289636,35807000000.0,0.28839,I,4080.0,Government of India / Central Water Commission,National Register of Large Dams 2019,https://www.cwc.gov.in/sites/default/files/nrld-2019.pdf,GOVERNMENT_FACT
AP01HH0165,Bhupathi Palam Reservoir,Andhra Pradesh Water Resources Department,"17° 26 ' 51""","81° 45 ' 56""",17.4475,81.76555555555555,2011,Godavari,Seethapalli Vagu,Rampachodavaram,II,Earthfill_Embankment,34.5,748.0,1126.0,18.264366,3588000000.0,11.468322,I,2314.0,Government of India / Central Water Commission,National Register of Large Dams 2019,https://www.cwc.gov.in/sites/default/files/nrld-2019.pdf,GOVERNMENT_FACT
AP01HH0169,Kumaradhara Pushpadhara Dam,Andhra Pradesh Water Resources Department,"13° 43 ' 43""","79° 19 ' 30""",13.72861111111111,79.325,2011,To Be Confirmed,Odher,Tirupati,II,Earthfill_Embankment,63.74,906.3,250.0,0.000967,144630000.0,0.000967,S,12500.0,Government of India / Central Water Commission,National Register of Large Dams 2019,https://www.cwc.gov.in/sites/default/files/nrld-2019.pdf,GOVERNMENT_FACT
AP01LH0002,Dondapadu tank,Andhra Pradesh Water Resources Department,"16° 32 ' 36""","80° 27 ' 9""",16.543333333333337,80.4525,1910,East flowing rivers between Krishna and Pennar,krishna,Vinukonda,II,Earthfill_Embankment,10.3,720.0,0.0,7.263,2640000.0,6.537,I,210.0,Government of India / Central Water Commission,National Register of Large Dams 2019,https://www.cwc.gov.in/sites/default/files/nrld-2019.pdf,GOVERNMENT_FACT
AP01LH0005,Thippayapalem Tank,Andhra Pradesh Water Resources Department,"15° 41 ' 26""","79° 9 ' 59""",15.690555555555555,79.16638888888889,1938,East flowing rivers between Krishna and Pennar,Gundlakama,Marakapur,II,Other,10.0,,,5.125,,5.125,I,,Government of India / Central Water Commission,National Register of Large Dams 2019,https://www.cwc.gov.in/sites/default/files/nrld-2019.pdf,GOVERNMENT_FACT
AP01LH0006,Markapur Tank,Andhra Pradesh Water Resources Department,"15° 43 ' 54""","79° 16 ' 40""",15.731666666666667,79.27777777777777,1945,East flowing rivers between Krishna and Pennar,Mondivagu,Ongole,II,Earthfill_Embankment,10.0,1569.0,0.0,6.173,,5.103,I,75.0,Government of India / Central Water Commission,National Register of Large Dams 2019,https://www.cwc.gov.in/sites/default/files/nrld-2019.pdf,GOVERNMENT_FACT
AP01LH0007,"Owk Reservoir complex (Palair, Gollaleru,Timmaraju)",Andhra Pradesh Water Resources Department,"15° 11 ' 3""","78° 5 ' 49""",15.184166666666666,78.09694444444445,1946,Pennar,Paleru,Banaganpalli,II,Earthfill_Embankment,10.15,622.0,,3.514286,808270000.0,2.46,I,128.0,Government of India / Central Water Commission,National Register of Large Dams 2019,https://www.cwc.gov.in/sites/default/files/nrld-2019.pdf,GOVERNMENT_FACT
AP01LH0008,Gambhiramgedda Reservoir,Andhra Pradesh Water Resources Department,"17° 52 ' 29""","83° 21 ' 6""",17.87472222222222,83.35166666666666,1957,East Flowing Rivers between Mahanadi and Godavari,Gambhiramgedda,Bheemunipatnam,II,Earthfill_Embankment,13.0,369.0,173000.0,3.18,799000.0,3.158,I,550.0,Government of India / Central Water Commission,National Register of Large Dams 2019,https://www.cwc.gov.in/sites/default/files/nrld-2019.pdf,GOVERNMENT_FACT
AP01LH0013,Rallapadu Project,Andhra Pradesh Water Resources Department,"15° 3 ' 14""","79° 43 ' 6""",15.05388888888889,79.71833333333333,1958,East flowing rivers between Krishna and Pennar,Manneru,Rallapadu,III,Earthfill_Embankment,13.85,2951.0,,31.318,7067000.0,30.83,I,3426.0,Government of India / Central Water Commission,National Register of Large Dams 2019,https://www.cwc.gov.in/sites/default/files/nrld-2019.pdf,GOVERNMENT_FACT
AP01LH0032,Vyasasamudram tank,Andhra Pradesh Water Resources Department,"13° 43 ' 30""","78° 8 ' 21""",13.725,78.13916666666667,1974,Pennar,Local Stream,Madanapalle,II,Earthfill_Embankment,11.29,840.0,,6.58,5400000.0,6.58,I,169.0,Government of India / Central Water Commission,National Register of Large Dams 2019,https://www.cwc.gov.in/sites/default/files/nrld-2019.pdf,GOVERNMENT_FACT
AP01LH0033,Gujjuvai Reservoir,Andhra Pradesh Water Resources Department,"18° 56 ' 20""","83° 44 ' 0""",18.93888888888889,83.73333333333333,1974,East Flowing Rivers between Mahanadi and Godavari,Peddagedda,Vizayanagaram,II,Earthfill_Embankment,15.0,800.0,0.0,0.73,,0.683,I,90.9,Government of India / Central Water Commission,National Register of Large Dams 2019,https://www.cwc.gov.in/sites/default/files/nrld-2019.pdf,GOVERNMENT_FACT
AP01LH0034,Bukkapatnam Tank,Andhra Pradesh Water Resources Department,"14° 11 ' 7""","77° 46 ' 28""",14.185277777777777,77.77444444444444,1975,Pennar,chitravathi,Penukonda,II,Earthfill_Embankment,14.0,6017.0,,19.914,10889000.0,15.31927,I,567.0,Government of India / Central Water Commission,National Register of Large Dams 2019,https://www.cwc.gov.in/sites/default/files/nrld-2019.pdf,GOVERNMENT_FACT
AP01LH0037,"Pedda cheruvu tank, Nagasamudram",Andhra Pradesh Water Resources Department,"14° 18 ' 28""","77° 39 ' 7""",14.307777777777778,77.65194444444445,1975,Pennar,Local Stream,Dharmavaram,II,Earthfill_Embankment,14.0,1295.68,,5.29,2810000.0,4.06597,I,2899.0,Government of India / Central Water Commission,National Register of Large Dams 2019,https://www.cwc.gov.in/sites/default/files/nrld-2019.pdf,GOVERNMENT_FACT
AP01LH0038,Rangasamudram Tank,Andhra Pradesh Water Resources Department,"13° 42 ' 12""","78° 16 ' 25""",13.703333333333333,78.27361111111111,1975,Krishna,Local Nala,Visakhapatnam,II,Earthfill_Embankment,14.0,1590.0,,3.689,2702000.0,3.689,I,232.74,Government of India / Central Water Commission,National Register of Large Dams 2019,https://www.cwc.gov.in/sites/default/files/nrld-2019.pdf,GOVERNMENT_FACT
AP01LH0041,Kaleti Vagu Reservoir,Andhra Pradesh Water Resources Department,"14° 44 ' 6""","78° 27 ' 26""",14.735,78.45722222222223,1977,Pennar,Local Stream,Vempalli,II,Earthfill_Embankment,11.2,1850.0,,6.4,1900000.0,6.4,I,683.0,Government of India / Central Water Commission,National Register of Large Dams 2019,https://www.cwc.gov.in/sites/default/files/nrld-2019.pdf,GOVERNMENT_FACT
AP01LH0045,Pittakayagulla,Andhra Pradesh Water Resources Department,"15° 28 ' 41""","79° 7 ' 27""",15.478055555555555,79.12416666666665,1978,East flowing rivers between Krishna and Pennar,Vemuluri Stream,Giddalur,II,Earthfill_Embankment,12.5,,,3.306,,3.003,I,429.0,Government of India / Central Water Commission,National Register of Large Dams 2019,https://www.cwc.gov.in/sites/default/files/nrld-2019.pdf,GOVERNMENT_FACT
AP01LH0048,Sadasivakona,Andhra Pradesh Water Resources Department,"13° 35 ' 35""","79° 37 ' 3""",13.593055555555557,79.61749999999999,1979,East flowing rivers between Pennar and Cauvery Basin,Sadasivakona,Srikalahasti,III,Earthfill_Embankment,14.03,619.0,137000.0,4.2475,,,I,180.0,Government of India / Central Water Commission,National Register of Large Dams 2019,https://www.cwc.gov.in/sites/default/files/nrld-2019.pdf,GOVERNMENT_FACT
AP01LH0050,Saddikutimadugu Reservoir,Andhra Pradesh Water Resources Department,"13° 26 ' 25""","79° 50 ' 39""",13.440277777777778,79.84416666666667,1980,East flowing rivers between Pennar and Cauvery Basin,Manneru,Thirupathi,II,Earthfill_Embankment,10.94,800.0,,1.634,809720.0,1.634,I,,Government of India / Central Water Commission,National Register of Large Dams 2019,https://www.cwc.gov.in/sites/default/files/nrld-2019.pdf,GOVERNMENT_FACT
AP01LH0051,Jalakanur Tank,Andhra Pradesh Water Resources Department,"15° 43 ' 18""","78° 18 ' 15""",15.721666666666668,78.30416666666666,1981,Pennar,Bodivagu,Nandikotkur,II,Earthfill_Embankment,10.51,7200.0,,4.684286,90650000.0,3.279,I,362.0,Government of India / Central Water Commission,National Register of Large Dams 2019,https://www.cwc.gov.in/sites/default/files/nrld-2019.pdf,GOVERNMENT_FACT
AP01LH0054,Itugulapadu Tank,Andhra Pradesh Water Resources Department,"14° 43 ' 53""","78° 46 ' 53""",14.731388888888889,78.78138888888888,1982,Pennar,Maderu,Badvel,II,Earthfill_Embankment,10.5,520.0,0.0,1.979,864000.0,1.96,I,668.27,Government of India / Central Water Commission,National Register of Large Dams 2019,https://www.cwc.gov.in/sites/default/files/nrld-2019.pdf,GOVERNMENT_FACT
AP01LH0055,Thadukuvagu Reservoir,Andhra Pradesh Water Resources Department,"15° 10 ' 58""","78° 52 ' 58""",15.182777777777778,78.88277777777778,1982,Pennar,Local Stream,Badvel,II,Earthfill_Embankment,12.2,900.0,,1.7,1510000.0,1.7,I,680.0,Government of India / Central Water Commission,National Register of Large Dams 2019,https://www.cwc.gov.in/sites/default/files/nrld-2019.pdf,GOVERNMENT_FACT
AP01LH0061,Savisettipalli Tank,Andhra Pradesh Water Resources Department,"14° 59 ' 0""","78° 51 ' 55""",14.983333333333333,78.86527777777778,1985,Pennar,Local Stream,Badvel,II,Earthfill_Embankment,12.0,200.0,,2.36,760000.0,2.36,I,130.0,Government of India / Central Water Commission,National Register of Large Dams 2019,https://www.cwc.gov.in/sites/default/files/nrld-2019.pdf,GOVERNMENT_FACT
AP01LH0067,Pendlur Tank,Andhra Pradesh Water Resources Department,"14° 25 ' 30""","78° 21 ' 30""",14.424999999999999,78.35833333333333,1998,Pennar,Local Stream,Pulivendula,II,Earthfill_Embankment,10.6,1045.0,,1.59,840000.0,1.59,I,293.0,Government of India / Central Water Commission,National Register of Large Dams 2019,https://www.cwc.gov.in/sites/default/files/nrld-2019.pdf,GOVERNMENT_FACT
AP01LH0068,Vagetikona Reservoir,Andhra Pradesh Power Generation Corporation,"13° 52 ' 10""","79° 20 ' 2""",13.869444444444445,79.33388888888888,1998,Pennar,Local Stream,Kodur,II,Earthfill_Embankment,11.3,1306.0,,2.03,640000.0,2.03,I,285.02,Government of India / Central Water Commission,National Register of Large Dams 2019,https://www.cwc.gov.in/sites/default/files/nrld-2019.pdf,GOVERNMENT_FACT
AP01LH0070,Pedaballi Reservoir,Andhra Pradesh Water Resources Department,"13° 58 ' 10""","78° 23 ' 5""",13.969444444444445,78.38472222222222,2000,Pennar,Local Stream,Kadiri,II,Other,12.0,149.0,,4.932,2097000.0,3.794,I,2.0,Government of India / Central Water Commission,National Register of Large Dams 2019,https://www.cwc.gov.in/sites/default/files/nrld-2019.pdf,GOVERNMENT_FACT
AP01LH0071,Sancherla Tank,Andhra Pradesh Water Resources Department,"15° 8 ' 53""","79° 1 ' 26""",15.148055555555555,79.02388888888889,2000,Pennar,Local Stream,Badvel,II,Earthfill_Embankment,12.0,500.0,,1.8,465000.0,1.8,I,340.0,Government of India / Central Water Commission,National Register of Large Dams 2019,https://www.cwc.gov.in/sites/default/files/nrld-2019.pdf,GOVERNMENT_FACT
AP01LH0077,Dharakalava Reservoir,Andhra Pradesh Water Resources Department,"17° 20 ' 21""","82° 14 ' 12""",17.339166666666664,82.23666666666666,2004,East Flowing Rivers between Mahanadi and Godavari,Hill Stream,Kakinada,II,Earthfill_Embankment,20.12,250.0,9000000.0,3e-06,2.0,3e-06,I,3.0,Government of India / Central Water Commission,National Register of Large Dams 2019,https://www.cwc.gov.in/sites/default/files/nrld-2019.pdf,GOVERNMENT_FACT
AP01LH0082,Swarnamukhi Barrage,Andhra Pradesh Water Resources Department,"14° 0 ' 25""","80° 4 ' 11""",14.006944444444445,80.06972222222223,2008,Godavari,Swarnamukhi,Nellore,II,Other,10.6,389.5,0.0,0.99178,,,I,6450.0,Government of India / Central Water Commission,National Register of Large Dams 2019,https://www.cwc.gov.in/sites/default/files/nrld-2019.pdf,GOVERNMENT_FACT
AP01LH0084,Akkapalem Tank,Andhra Pradesh Water Resources Department,"17° 8 ' 3""","80° 35 ' 14""",17.134166666666665,80.58722222222222,,Krishna,Ghataprabha,tiruvuru,III,Earthfill_Embankment,11.1,433.0,0.0,1.853,,1.853,I,,Government of India / Central Water Commission,National Register of Large Dams 2019,https://www.cwc.gov.in/sites/default/files/nrld-2019.pdf,GOVERNMENT_FACT
AP01LH0085,Ananthasagarm Tank,Andhra Pradesh Water Resources Department,"14° 33 ' 36""","79° 22 ' 34""",14.56,79.3761111111111,,Pennar,Pennar,Atmakur,II,Earthfill_Embankment,14.0,3500.0,0.0,2.112,,2.112,I,339.0,Government of India / Central Water Commission,National Register of Large Dams 2019,https://www.cwc.gov.in/sites/default/files/nrld-2019.pdf,GOVERNMENT_FACT
AP01LH0086,Chennapatnam Cheruvu,Andhra Pradesh Water Resources Department,"13° 27 ' 6""","78° 49 ' 18""",13.451666666666666,78.82166666666666,,Pennar,Pennar,Somala,II,Earthfill_Embankment,10.0,950.0,0.0,1.67634,1156900.0,1.676,I,,Government of India / Central Water Commission,National Register of Large Dams 2019,https://www.cwc.gov.in/sites/default/files/nrld-2019.pdf,GOVERNMENT_FACT
AP01LH0087,"Chikkavadiyar, Anantapur",Andhra Pradesh Water Resources Department,"14° 40 ' 15""","77° 40 ' 13""",14.670833333333333,77.67027777777778,,Pennar,ghatprabha,Bukkarayasamudram,II,Other,10.54,4476.0,0.0,15.52424,2261730.0,11.942,I,501.0,Government of India / Central Water Commission,National Register of Large Dams 2019,https://www.cwc.gov.in/sites/default/files/nrld-2019.pdf,GOVERNMENT_FACT
AP01LH0090,Chinna Tippa Samudram Tank,Andhra Pradesh Water Resources Department,"13° 38 ' 0""","78° 36 ' 0""",13.633333333333333,78.6,,Pennar,Thettuvanka,Chittor,II,Earthfill_Embankment,12.2,790.0,0.0,5.947,2251000.0,,I,354.0,Government of India / Central Water Commission,National Register of Large Dams 2019,https://www.cwc.gov.in/sites/default/files/nrld-2019.pdf,GOVERNMENT_FACT
AP01LH0091,Chintakuntavagu,Andhra Pradesh Water Resources Department,"14° 41 ' 47""","78° 19 ' 13""",14.696388888888889,78.32027777777778,,Pennar,Local Stream,Jammalamadugu,II,Earthfill_Embankment,13.0,285.0,0.0,1.982,60000000.0,,I,66.0,Government of India / Central Water Commission,National Register of Large Dams 2019,https://www.cwc.gov.in/sites/default/files/nrld-2019.pdf,GOVERNMENT_FACT
AP01LH0093,"Gowricheru, Mogili",Andhra Pradesh Water Resources Department,"13° 13 ' 48""","78° 49 ' 10""",13.23,78.81944444444444,,East flowing rivers between Pennar and Cauvery Basin,Ghataprabha,Chittoor,II,Earthfill_Embankment,10.0,650.0,47990.0,0.872,,0.73039,I,136.0,Government of India / Central Water Commission,National Register of Large Dams 2019,https://www.cwc.gov.in/sites/default/files/nrld-2019.pdf,GOVERNMENT_FACT
AP01LH0096,Haresamudram Big tank,Andhra Pradesh Water Resources Department,"13° 54 ' 40""","77° 19 ' 50""",13.911111111111111,77.33055555555555,,Pennar,ghatprabha,Madakasira,II,Earthfill_Embankment,10.0,1264.0,0.0,3.12,236000.0,2.925,I,206.0,Government of India / Central Water Commission,National Register of Large Dams 2019,https://www.cwc.gov.in/sites/default/files/nrld-2019.pdf,GOVERNMENT_FACT
AP01LH0097,Jajigedda Reservoir,Andhra Pradesh Water Resources Department,"17° 40 ' 8""","82° 45 ' 7""",17.66888888888889,82.75194444444445,1998,East Flowing Rivers between Mahanadi and Godavari,Jajigedda,Narsipatnam,II,Earthfill_Embankment,14.81,688.0,0.0,2.293,310000.0,2.2656,I,6230.0,Government of India / Central Water Commission,National Register of Large Dams 2019,https://www.cwc.gov.in/sites/default/files/nrld-2019.pdf,GOVERNMENT_FACT
AP01LH0098,Kampasamudram New Tank,Andhra Pradesh Water Resources Department,"14° 47 ' 23""","79° 14 ' 54""",14.789722222222222,79.24833333333333,,Pennar,Pennar,udayagin,II,Earthfill_Embankment,11.2,1830.0,0.0,216.3,,2.163,I,208.82,Government of India / Central Water Commission,National Register of Large Dams 2019,https://www.cwc.gov.in/sites/default/files/nrld-2019.pdf,GOVERNMENT_FACT
AP01LH0099,Koduru Reservoir,Andhra Pradesh Water Resources Department,"13° 51 ' 53""","77° 43 ' 34""",13.864722222222222,77.72611111111111,,Pennar,Khushavathi,Guntakal,II,Earthfill_Embankment,10.0,796.0,0.0,1.901,1170000.0,1.464,I,21.24,Government of India / Central Water Commission,National Register of Large Dams 2019,https://www.cwc.gov.in/sites/default/files/nrld-2019.pdf,GOVERNMENT_FACT
AP01LH0101,M.V. Reservoir,Andhra Pradesh Water Resources Department,"15° 58 ' 8""","79° 11 ' 15""",15.96888888888889,79.1875,,East flowing rivers between Krishna and Pennar,pennar,S.R.Pur,II,Earthfill_Embankment,13.4,721.0,0.0,1.04,,1.04,I,679.6,Government of India / Central Water Commission,National Register of Large Dams 2019,https://www.cwc.gov.in/sites/default/files/nrld-2019.pdf,GOVERNMENT_FACT
AP01LH0102,Madakasira,Andhra Pradesh Water Resources Department,"13° 55 ' 39""","77° 14 ' 47""",13.9275,77.24638888888889,,Pennar,Ghataprabha,Madakasira,II,Earthfill_Embankment,12.0,686.0,0.0,3.972,933000.0,3.056,I,83.0,Government of India / Central Water Commission,National Register of Large Dams 2019,https://www.cwc.gov.in/sites/default/files/nrld-2019.pdf,GOVERNMENT_FACT
AP01LH0103,Muthyalacheruvu,Andhra Pradesh Water Resources Department,"14° 5 ' 58""","78° 4 ' 59""",14.099444444444446,78.08305555555555,,Pennar,ghatprabha,Dharmavaram,II,Earthfill_Embankment,11.0,838.0,0.0,2.847,1172000.0,2.19,I,297.44,Government of India / Central Water Commission,National Register of Large Dams 2019,https://www.cwc.gov.in/sites/default/files/nrld-2019.pdf,GOVERNMENT_FACT
AP01LH0104,Panthulu cheruvu,Andhra Pradesh Water Resources Department,"14° 2 ' 23""","78° 8 ' 46""",14.039722222222222,78.14611111111111,,Pennar,Madduleru,Kadiri,II,Earthfill_Embankment,12.0,923.0,0.0,3e-06,2.0,3e-06,I,3.0,Government of India / Central Water Commission,National Register of Large Dams 2019,https://www.cwc.gov.in/sites/default/files/nrld-2019.pdf,GOVERNMENT_FACT
AP01LH0105,"Pattikondavanka, Guttava",Andhra Pradesh Water Resources Department,"13° 28 ' 36""","79° 50 ' 23""",13.476666666666667,79.83972222222222,,East flowing rivers between Pennar and Cauvery Basin,Ghataprabha,Chittoor,II,Earthfill_Embankment,12.48,580.0,0.0,0.547,,0.346,I,59.0,Government of India / Central Water Commission,National Register of Large Dams 2019,https://www.cwc.gov.in/sites/default/files/nrld-2019.pdf,GOVERNMENT_FACT
AP01LH0106,Paya Cheruvu,Andhra Pradesh Water Resources Department,"13° 26 ' 30""","78° 26 ' 59""",13.441666666666666,78.44972222222222,,Pennar,Ghataprabha,punganuru,II,Earthfill_Embankment,14.0,200.0,,1.55741,221500.0,1.557,I,,Government of India / Central Water Commission,National Register of Large Dams 2019,https://www.cwc.gov.in/sites/default/files/nrld-2019.pdf,GOVERNMENT_FACT
AP01LH0107,"Peddabadava, Tulasikrishan",Andhra Pradesh Water Resources Department,"13° 28 ' 8""","79° 44 ' 35""",13.46888888888889,79.74305555555556,,East flowing rivers between Pennar and Cauvery Basin,Peddabadava,Srikalahasti,III,Earthfill_Embankment,10.74,571.0,118000.0,0.516,176840.0,0.452,I,31.0,Government of India / Central Water Commission,National Register of Large Dams 2019,https://www.cwc.gov.in/sites/default/files/nrld-2019.pdf,GOVERNMENT_FACT
AP01LH0108,Pedda Rayala Cheruvu,Andhra Pradesh Water Resources Department,"13° 20 ' 12""","78° 43 ' 27""",13.336666666666668,78.72416666666666,,Krishna,Cheruvu,punganuru,II,Earthfill_Embankment,12.0,800.0,,1.13691,621500.0,1.1369,I,,Government of India / Central Water Commission,National Register of Large Dams 2019,https://www.cwc.gov.in/sites/default/files/nrld-2019.pdf,GOVERNMENT_FACT
AP01LH0110,"Peddayetivanka, Annupal",Andhra Pradesh Water Resources Department,"13° 28 ' 53""","79° 16 ' 42""",13.481388888888889,79.27833333333334,,East flowing rivers between Pennar and Cauvery Basin,Peddayetivanka,Puttur,III,Earthfill_Embankment,12.11,235.0,0.0,0.37,,0.311,I,82.0,Government of India / Central Water Commission,National Register of Large Dams 2019,https://www.cwc.gov.in/sites/default/files/nrld-2019.pdf,GOVERNMENT_FACT
AP01LH0111,Peruru tank,Andhra Pradesh Water Resources Department,"14° 20 ' 10""","77° 21 ' 15""",14.336111111111112,77.35416666666666,,East flowing rivers between Pennar and Cauvery Basin,Ghataprabha,Chandragiri,III,Earthfill_Embankment,10.0,2520.0,,1.689,809720.0,1.684,I,,Government of India / Central Water Commission,National Register of Large Dams 2019,https://www.cwc.gov.in/sites/default/files/nrld-2019.pdf,GOVERNMENT_FACT
AP01LH0113,"Rallakalva, Kaliyambaka",Andhra Pradesh Water Resources Department,"13° 19 ' 18""","79° 44 ' 11""",13.321666666666667,79.7363888888889,,East flowing rivers between Pennar and Cauvery Basin,Rallakalva,Chittoor,II,Earthfill_Embankment,10.0,1515.0,81100.0,0.6649,,0.5614,I,73.0,Government of India / Central Water Commission,National Register of Large Dams 2019,https://www.cwc.gov.in/sites/default/files/nrld-2019.pdf,GOVERNMENT_FACT
AP01LH0115,Rayalacheruvu,Andhra Pradesh Water Resources Department,"13° 30 ' 33""","79° 22 ' 37""",13.509166666666667,79.37694444444443,,Pennar,Pennar,tadpatra,II,Earthfill_Embankment,10.0,920.0,260000.0,2.39135,2323000.0,1.84,I,21.0,Government of India / Central Water Commission,National Register of Large Dams 2019,https://www.cwc.gov.in/sites/default/files/nrld-2019.pdf,GOVERNMENT_FACT
AP01LH0116,Sankarayalapeta Tank,Andhra Pradesh Water Resources Department,"13° 13 ' 42""","78° 36 ' 28""",13.228333333333333,78.60777777777777,,East flowing rivers between Pennar and Cauvery Basin,Ghataprabha,punganura,II,Earthfill_Embankment,13.0,2000.0,,4.9908,2272500.0,4.9908,I,,Government of India / Central Water Commission,National Register of Large Dams 2019,https://www.cwc.gov.in/sites/default/files/nrld-2019.pdf,GOVERNMENT_FACT
AP01LH0117,Seethacheru,Andhra Pradesh Water Resources Department,"13° 23 ' 52""","78° 49 ' 12""",13.397777777777778,78.82,1922,Pennar,godavari,addanki,II,Earthfill_Embankment,11.0,1020.0,0.0,2.427,775480.0,2.416,I,104.0,Government of India / Central Water Commission,National Register of Large Dams 2019,https://www.cwc.gov.in/sites/default/files/nrld-2019.pdf,GOVERNMENT_FACT
AP01LH0118,Sreerangarayani cheruvu,Andhra Pradesh Water Resources Department,"14° 47 ' 9""","77° 42 ' 29""",14.785833333333333,77.70805555555556,,Pennar,ghatprabha,anantpur,II,Earthfill_Embankment,11.71,2378.76,0.0,39.24049,10712300.0,30.185,I,992.0,Government of India / Central Water Commission,National Register of Large Dams 2019,https://www.cwc.gov.in/sites/default/files/nrld-2019.pdf,GOVERNMENT_FACT
AP01LH0119,Swamy Tank,Andhra Pradesh Water Resources Department,"14° 59 ' 37""","79° 7 ' 13""",14.993611111111111,79.12027777777777,,East flowing rivers between Krishna and Pennar,pennar,S.R.Pur,II,Earthfill_Embankment,11.58,375.0,0.0,1.234,,1.234,I,56.35,Government of India / Central Water Commission,National Register of Large Dams 2019,https://www.cwc.gov.in/sites/default/files/nrld-2019.pdf,GOVERNMENT_FACT
AP01LH0120,T.Sundupalli Tank,Andhra Pradesh Water Resources Department,"14° 50 ' 44""","78° 55 ' 42""",14.845555555555556,78.92833333333334,,Pennar,ghatprabha,Badvel,II,Earthfill_Embankment,10.0,1100.0,0.0,1.57,520000.0,1.57,I,685.0,Government of India / Central Water Commission,National Register of Large Dams 2019,https://www.cwc.gov.in/sites/default/files/nrld-2019.pdf,GOVERNMENT_FACT
AP01LH0122,"Ura Tank, S.R. Puram",Andhra Pradesh Water Resources Department,"15° 0 ' 30""","79° 9 ' 0""",15.008333333333333,79.15,,East flowing rivers between Krishna and Pennar,pennar,S.R.Pur,II,Earthfill_Embankment,13.86,869.0,0.0,1.132,,1.132,I,283.0,Government of India / Central Water Commission,National Register of Large Dams 2019,https://www.cwc.gov.in/sites/default/files/nrld-2019.pdf,GOVERNMENT_FACT
AP01LH0123,Virupana tank,Andhra Pradesh Water Resources Department,"14° 15 ' 0""","77° 48 ' 0""",14.25,77.8,,Pennar,ghatprabha,Sambalpur,II,Earthfill_Embankment,12.0,589.0,0.0,4.077626,,3.426,I,6.68,Government of India / Central Water Commission,National Register of Large Dams 2019,https://www.cwc.gov.in/sites/default/files/nrld-2019.pdf,GOVERNMENT_FACT
AP01LH0124,Y.T.cheruvu,Andhra Pradesh Water Resources Department,"15° 8 ' 56""","77° 32 ' 54""",15.148888888888889,77.54833333333333,,Pennar,ghatprabha,gooty,II,Earthfill_Embankment,10.0,2078.0,0.0,12.19588,5434650.0,9.381,I,226.0,Government of India / Central Water Commission,National Register of Large Dams 2019,https://www.cwc.gov.in/sites/default/files/nrld-2019.pdf,GOVERNMENT_FACT
AP01LH0125,Dharmavaram tank,Andhra Pradesh Water Resources Department,"14° 24 ' 0""","77° 44 ' 15""",14.4,77.7375,,Pennar,Ghataprabha,Dharmavaram,II,Earthfill_Embankment,11.0,6393.0,0.0,13.72,6480000.0,10.56,I,27402.0,Government of India / Central Water Commission,National Register of Large Dams 2019,https://www.cwc.gov.in/sites/default/files/nrld-2019.pdf,GOVERNMENT_FACT
AP01LH0126,Sir Aurther Cotton Barrage (Godavari Barrage),Andhra Pradesh Water Resources Department,"16° 56 ' 17""","81° 46 ' 27""",16.938055555555557,81.77416666666666,1982,Godavari,Godavari,Rajahmundry,II,Other,12.64,5837.0,0.0,82.997,19030000.0,0.06006,I,91400.0,Government of India / Central Water Commission,National Register of Large Dams 2019,https://www.cwc.gov.in/sites/default/files/nrld-2019.pdf,GOVERNMENT_FACT
AP01LH0134,"Kothacheru, Kotagandlapally",Andhra Pradesh Water Resources Department,"14° 11 ' 2""","77° 46 ' 18""",14.18388888888889,77.77166666666666,,Krishna,Lower Krishna,pargi,II,Earthfill_Embankment,10.01,873.0,27830.0,2.0022,82600.0,1.40154,I,42.0,Government of India / Central Water Commission,National Register of Large Dams 2019,https://www.cwc.gov.in/sites/default/files/nrld-2019.pdf,GOVERNMENT_FACT
AP01LH0136,Musurmilli Reservoir,Andhra Pradesh Water Resources Department,"17° 22 ' 55""","81° 46 ' 12""",17.381944444444446,81.77,,Godavari,Seethapalli Vagu,rampa chodaram,II,Earthfill_Embankment,13.8,624.0,0.0,13.753,22000.0,13.218,,,Government of India / Central Water Commission,National Register of Large Dams 2019,https://www.cwc.gov.in/sites/default/files/nrld-2019.pdf,GOVERNMENT_FACT
AP01LH0143,Sri Ramathirtham,Andhra Pradesh Water Resources Department,"15° 37 ' 52""","79° 47 ' 54""",15.631111111111112,79.79833333333333,,East flowing rivers between Krishna and Pennar,Ongole branch canal of N S P,Ongole,II,Earthfill_Embankment,12.5,,0.0,0.0,,,,,Government of India / Central Water Commission,National Register of Large Dams 2019,https://www.cwc.gov.in/sites/default/files/nrld-2019.pdf,GOVERNMENT_FACT
AP01LH0146,Vadiyalacheru,Andhra Pradesh Water Resources Department,"13° 18 ' 50""","78° 54 ' 28""",13.31388888888889,78.90777777777778,,East flowing rivers between Pennar and Cauvery Basin,Local stream,Chittoor,II,Earthfill_Embankment,11.21,1450.0,72000.0,0.992,346000.0,0.889,I,380.0,Government of India / Central Water Commission,National Register of Large Dams 2019,https://www.cwc.gov.in/sites/default/files/nrld-2019.pdf,GOVERNMENT_FACT
AP01LH0147,Vanaka Badigedda,Andhra Pradesh Water Resources Department,"18° 53 ' 55""","83° 25 ' 8""",18.898611111111112,83.41888888888889,,East Flowing Rivers between Mahanadi and Godavari,Vanaka Badigedda,Komarada,II,Earthfill_Embankment,13.0,630.0,1990.0,56.317,,,,,Government of India / Central Water Commission,National Register of Large Dams 2019,https://www.cwc.gov.in/sites/default/files/nrld-2019.pdf,GOVERNMENT_FACT
AP01MH0001,Cumbhum,Andhra Pradesh Water Resources Department,"15° 34 ' 38""","79° 4 ' 51""",15.577222222222222,79.08083333333333,1500,East flowing rivers between Krishna and Pennar,Gundlakama,Giddalur,II,Earthfill_Embankment,15.38,295.65,,3e-06,2.0,3e-06,I,3.0,Government of India / Central Water Commission,National Register of Large Dams 2019,https://www.cwc.gov.in/sites/default/files/nrld-2019.pdf,GOVERNMENT_FACT
AP01MH0003,Siddapuram Tank,Andhra Pradesh Water Resources Department,"15° 51 ' 37""","78° 41 ' 28""",15.860277777777778,78.69111111111111,1919,Krishna,Bhavana,Kurnool,II,Earthfill_Embankment,19.0,4904.0,0.0,24.74,,24.74,I,492.0,Government of India / Central Water Commission,National Register of Large Dams 2019,https://www.cwc.gov.in/sites/default/files/nrld-2019.pdf,GOVERNMENT_FACT
AP01MH0004,Mopad Reservoir,Andhra Pradesh Water Resources Department,"15° 6 ' 25""","79° 28 ' 51""",15.106944444444444,79.48083333333334,1921,East flowing rivers between Krishna and Pennar,Manneru,Kanigiri,II,Earthfill_Embankment,28.0,2630.0,401000.0,61.0,13073000.0,59.216,I,1923.0,Government of India / Central Water Commission,National Register of Large Dams 2019,https://www.cwc.gov.in/sites/default/files/nrld-2019.pdf,GOVERNMENT_FACT
AP01MH0009,Prakasam Barrage,Andhra Pradesh Water Resources Department,"16° 30 ' 38""","80° 36 ' 16""",16.510555555555555,80.60444444444444,1957,Krishna,Krishna,Vijayawada,II,Other,22.25,1233.0,0.0,86.961036,30000000.0,86.961036,I,33697.0,Government of India / Central Water Commission,National Register of Large Dams 2019,https://www.cwc.gov.in/sites/default/files/nrld-2019.pdf,GOVERNMENT_FACT
AP01MH0010,Nakkalagandi,Andhra Pradesh Water Resources Department,"15° 3 ' 28""","79° 22 ' 29""",15.057777777777778,79.37472222222222,1958,East flowing rivers between Krishna and Pennar,Uppuvagu,Udayagiri,II,Earthfill_Embankment,15.0,354.0,875000.0,4.729,,,I,340.0,Government of India / Central Water Commission,National Register of Large Dams 2019,https://www.cwc.gov.in/sites/default/files/nrld-2019.pdf,GOVERNMENT_FACT
AP01MH0011,Upper Pennar,Andhra Pradesh Water Resources Department,"14° 21 ' 4""","77° 21 ' 8""",14.351111111111111,77.35222222222221,1959,Pennar,Pennar,Dharmavaram,II,Earthfill_Embankment,16.74,3505.0,594000.0,51.282,7917000.0,44.570716,I,339.5,Government of India / Central Water Commission,National Register of Large Dams 2019,https://www.cwc.gov.in/sites/default/files/nrld-2019.pdf,GOVERNMENT_FACT
AP01MH0012,Lower Sagileru Project,Andhra Pradesh Water Resources Department,"14° 57 ' 13""","78° 56 ' 54""",14.95361111111111,78.94833333333334,1959,Pennar,Sagileru,Badvel,II,Other,22.91,1905.0,0.0,7.3,2850.0,,I,1586.0,Government of India / Central Water Commission,National Register of Large Dams 2019,https://www.cwc.gov.in/sites/default/files/nrld-2019.pdf,GOVERNMENT_FACT
AP01MH0015,Kalangi Reservoir,Andhra Pradesh Water Resources Department,"13° 36 ' 28""","79° 47 ' 42""",13.607777777777777,79.795,1960,East flowing rivers between Pennar and Cauvery Basin,Kalangi,Srikalahasti,III,Earthfill_Embankment,18.0,3977.0,0.0,6.971,2649000.0,6.83,I,1389.0,Government of India / Central Water Commission,National Register of Large Dams 2019,https://www.cwc.gov.in/sites/default/files/nrld-2019.pdf,GOVERNMENT_FACT
AP01MH0016,Pincha Project,Andhra Pradesh Water Resources Department,"13° 54 ' 32""","78° 59 ' 59""",13.908888888888889,78.99972222222222,1960,Pennar,Pincha,Rayachoti,II,Other,21.0,486.0,150000.0,9.284,2048000.0,9.131,I,1644.0,Government of India / Central Water Commission,National Register of Large Dams 2019,https://www.cwc.gov.in/sites/default/files/nrld-2019.pdf,GOVERNMENT_FACT
AP01MH0017,"Siddlagandi Project, Kotakadapalle (V)",Andhra Pradesh Water Resources Department,"13° 49 ' 54""","79° 8 ' 24""",13.831666666666667,79.14,1959,Pennar,Talakona,Vayalpad,III,Earthfill_Embankment,12.0,1795.0,,2.031,247000.0,1.0,I,66.6,Government of India / Central Water Commission,National Register of Large Dams 2019,https://www.cwc.gov.in/sites/default/files/nrld-2019.pdf,GOVERNMENT_FACT
AP01MH0018,Bhairavanitippa,Andhra Pradesh Water Resources Department,"14° 32 ' 20""","76° 50 ' 16""",14.53888888888889,76.83777777777777,1961,Krishna,pedda hagari,Rayadurg,II,Earthfill_Embankment,20.0,2235.0,0.0,59.239,15480000.0,57.93,I/S,3635.0,Government of India / Central Water Commission,National Register of Large Dams 2019,https://www.cwc.gov.in/sites/default/files/nrld-2019.pdf,GOVERNMENT_FACT
AP01MH0021,Arniar Project,Andhra Pradesh Water Resources Department,"13° 25 ' 22""","79° 44 ' 32""",13.422777777777776,79.74222222222222,1958,East flowing rivers between Pennar and Cauvery Basin,Araniar,Satyavedu,III,Earthfill_Embankment,15.0,3600.0,0.0,52.471116,14045000.0,49.1,I,863.67,Government of India / Central Water Commission,National Register of Large Dams 2019,https://www.cwc.gov.in/sites/default/files/nrld-2019.pdf,GOVERNMENT_FACT
AP01MH0022,Zurreru Project,Andhra Pradesh Water Resources Department,"15° 19 ' 38""","78° 7 ' 32""",15.327222222222222,78.12555555555555,1963,Pennar,Zurreru,Banaganpalli,II,Earthfill_Embankment,16.0,677.0,199000.0,7.34,1462000.0,7.056,I,649.0,Government of India / Central Water Commission,National Register of Large Dams 2019,https://www.cwc.gov.in/sites/default/files/nrld-2019.pdf,GOVERNMENT_FACT
AP01MH0026,Chennaraya Swami Gudi Project,Andhra Pradesh Water Resources Department,"13° 51 ' 42""","78° 10 ' 42""",13.861666666666666,78.17833333333334,1969,Pennar,Papagni,Kadiri,II,Earthfill_Embankment,15.0,465.0,,3e-06,2.0,3e-06,I,3.0,Government of India / Central Water Commission,National Register of Large Dams 2019,https://www.cwc.gov.in/sites/default/files/nrld-2019.pdf,GOVERNMENT_FACT
AP01MH0027,Subba Reddy Sagar,Andhra Pradesh Water Resources Department,"17° 19 ' 53""","82° 12 ' 15""",17.33138888888889,82.20416666666667,1970,East Flowing Rivers between Mahanadi and Godavari,Kuntidevi Vagu,Gokavaram,II,Earthfill_Embankment,17.5,442.0,,6.626,782860.0,5.92864,I,542.0,Government of India / Central Water Commission,National Register of Large Dams 2019,https://www.cwc.gov.in/sites/default/files/nrld-2019.pdf,GOVERNMENT_FACT
AP01MH0028,Nagurur,Andhra Pradesh Water Resources Department,"15° 33 ' 4""","77° 17 ' 38""",15.551111111111112,77.29388888888889,1971,Krishna,Local Nala,Alur,II,Earthfill_Embankment,28.05,800.0,,1.14,32580.0,1.14,I,,Government of India / Central Water Commission,National Register of Large Dams 2019,https://www.cwc.gov.in/sites/default/files/nrld-2019.pdf,GOVERNMENT_FACT
AP01MH0029,Pedderu Reservoir Project,Andhra Pradesh Water Resources Department,"13° 53 ' 2""","78° 22 ' 13""",13.883888888888889,78.37027777777777,1971,Pennar,Pedderu,Kottala,II,Earthfill_Embankment,29.3,590.0,,15.85,200000.0,14.98,I,3171.45,Government of India / Central Water Commission,National Register of Large Dams 2019,https://www.cwc.gov.in/sites/default/files/nrld-2019.pdf,GOVERNMENT_FACT
AP01MH0030,Vottigedda Reservoir,Andhra Pradesh Water Resources Department,"18° 50 ' 55""","83° 36 ' 15""",18.84861111111111,83.60416666666666,1976,East Flowing Rivers between Mahanadi and Godavari,nagavalli,Parvathipuram,II,Earthfill_Embankment,27.5,2152.0,301000.0,27.13,4402980.0,25.15,I/H,1509.0,Government of India / Central Water Commission,National Register of Large Dams 2019,https://www.cwc.gov.in/sites/default/files/nrld-2019.pdf,GOVERNMENT_FACT
AP01MH0031,Bahuda Reservoir Project,Andhra Pradesh Water Resources Department,"13° 33 ' 46""","78° 37 ' 41""",13.562777777777779,78.62805555555555,1974,Pennar,Bahuda,Valasavalli,II,Earthfill_Embankment,20.0,792.0,,11.27,200000.0,10.7,I,849.0,Government of India / Central Water Commission,National Register of Large Dams 2019,https://www.cwc.gov.in/sites/default/files/nrld-2019.pdf,GOVERNMENT_FACT
AP01MH0035,C.K.Reservoir,Andhra Pradesh Water Resources Department,"15° 39 ' 41""","79° 59 ' 12""",15.661388888888888,79.98666666666666,1975,East flowing rivers between Krishna and Pennar,Gundlakama,Y.Palem,II,Earthfill_Embankment,17.0,178.0,0.0,4.813,,4.813,I,,Government of India / Central Water Commission,National Register of Large Dams 2019,https://www.cwc.gov.in/sites/default/files/nrld-2019.pdf,GOVERNMENT_FACT
AP01MH0036,Muraripalli Tank,Andhra Pradesh Water Resources Department,"16° 3 ' 17""","79° 20 ' 8""",16.054722222222225,79.33555555555554,1975,Krishna,Krishna,Marakapur,II,Earthfill_Embankment,18.68,732.0,0.0,6.597,,6.597,I,,Government of India / Central Water Commission,National Register of Large Dams 2019,https://www.cwc.gov.in/sites/default/files/nrld-2019.pdf,GOVERNMENT_FACT
AP01MH0039,Varaha,Andhra Pradesh Water Resources Department,"17° 48 ' 41""","82° 40 ' 30""",17.81138888888889,82.67500000000001,1975,Godavari,Varaha,Chodavaram,II,Earthfill_Embankment,25.0,1652.0,1019000.0,13.167,2330000.0,12.205,I,523.0,Government of India / Central Water Commission,National Register of Large Dams 2019,https://www.cwc.gov.in/sites/default/files/nrld-2019.pdf,GOVERNMENT_FACT
AP01MH0042,Mehadrigedda,Andhra Pradesh Water Resources Department,"17° 45 ' 54""","83° 11 ' 27""",17.765,83.19083333333333,1977,East Flowing Rivers between Mahanadi and Godavari,Mehadrigedda,Visakhapatnam,II,Earthfill_Embankment,13.716,1609.0,0.0,33.102,10813000.0,29.53,I/S,1502.0,Government of India / Central Water Commission,National Register of Large Dams 2019,https://www.cwc.gov.in/sites/default/files/nrld-2019.pdf,GOVERNMENT_FACT
AP01MH0044,Peddabommalapuram Reservoir,Andhra Pradesh Water Resources Department,"15° 57 ' 30""","79° 8 ' 10""",15.958333333333332,79.13611111111112,1978,Krishna,Local Nala,Dornal,II,Earthfill_Embankment,17.3,640.0,,3.763,,3.763,I,,Government of India / Central Water Commission,National Register of Large Dams 2019,https://www.cwc.gov.in/sites/default/files/nrld-2019.pdf,GOVERNMENT_FACT
AP01MH0046,Pampa Reservoir,Andhra Pradesh Water Resources Department,"17° 17 ' 16""","82° 24 ' 26""",17.28777777777778,82.40722222222223,1964,East Flowing Rivers between Mahanadi and Godavari,Pampa,Prathipadu,II,Earthfill_Embankment,15.0,1128.0,,15.983,4721000.0,15.787,I,1400.0,Government of India / Central Water Commission,National Register of Large Dams 2019,https://www.cwc.gov.in/sites/default/files/nrld-2019.pdf,GOVERNMENT_FACT
AP01MH0047,Gajuladinne Project,Andhra Pradesh Water Resources Department,"15° 41 ' 35""","77° 37 ' 8""",15.693055555555556,77.61888888888888,1979,Krishna,Handri,Pattikonda,II,Earthfill_Embankment,19.0,4400.0,,148.66,31988000.0,121.196,I,2267.0,Government of India / Central Water Commission,National Register of Large Dams 2019,https://www.cwc.gov.in/sites/default/files/nrld-2019.pdf,GOVERNMENT_FACT
AP01MH0052,Krishnapuram Tank,Andhra Pradesh Water Resources Department,"13° 22 ' 10""","79° 21 ' 10""",13.369444444444445,79.35277777777777,1981,East flowing rivers between Pennar and Cauvery Basin,Kaulasthali,Puttur,III,Earthfill_Embankment,21.0,488.0,380000.0,3e-06,2.0,3e-06,I,3.0,Government of India / Central Water Commission,National Register of Large Dams 2019,https://www.cwc.gov.in/sites/default/files/nrld-2019.pdf,GOVERNMENT_FACT
AP01MH0053,Raiwada Reservoir,Andhra Pradesh Water Resources Department,"18° 0 ' 24""","82° 57 ' 55""",18.006666666666668,82.96527777777779,1982,East Flowing Rivers between Mahanadi and Godavari,Sarada,Chodavaram,II,Other,28.0,5750.0,2360000.0,101.94,,92.74,I,1897.0,Government of India / Central Water Commission,National Register of Large Dams 2019,https://www.cwc.gov.in/sites/default/files/nrld-2019.pdf,GOVERNMENT_FACT
AP01MH0056,Konam Reservoir,Andhra Pradesh Water Resources Department,"17° 57 ' 59""","82° 51 ' 14""",17.96638888888889,82.85388888888889,1980,East Flowing Rivers between Mahanadi and Godavari,Bodderu,Chodavaram,II,Earthfill_Embankment,23.0,339.0,267000.0,24.07,3267000.0,22.87,I,1260.0,Government of India / Central Water Commission,National Register of Large Dams 2019,https://www.cwc.gov.in/sites/default/files/nrld-2019.pdf,GOVERNMENT_FACT
AP01MH0058,Mylavaram Reservoir,Andhra Pradesh Water Resources Department,"14° 50 ' 58""","78° 20 ' 23""",14.849444444444446,78.33972222222222,1983,Pennar,Pennar,Jammalamadugu,II,Other,24.0,2850.0,1524000.0,283.0,106190000.0,254.0,I,8190.0,Government of India / Central Water Commission,National Register of Large Dams 2019,https://www.cwc.gov.in/sites/default/files/nrld-2019.pdf,GOVERNMENT_FACT
AP01MH0063,Gandipalem Project,Andhra Pradesh Water Resources Department,"14° 59 ' 25""","79° 17 ' 51""",14.990277777777777,79.2975,1981,Pennar,Pillaperu,Udayagiri,II,Other,21.0,388.0,815000.0,53.24,9460000.0,49.41,I,2195.0,Government of India / Central Water Commission,National Register of Large Dams 2019,https://www.cwc.gov.in/sites/default/files/nrld-2019.pdf,GOVERNMENT_FACT
AP01MH0065,Thammileru,Andhra Pradesh Water Resources Department,"17° 0 ' 45""","80° 57 ' 35""",17.0125,80.95972222222223,1980,East flowing rivers between Godavari and Krishna,Thammileru,Thiruvuru,III,Other,23.25,6400.0,2549000.0,84.939,13755000.0,76.444,I,736.0,Government of India / Central Water Commission,National Register of Large Dams 2019,https://www.cwc.gov.in/sites/default/files/nrld-2019.pdf,GOVERNMENT_FACT
AP01MH0066,Varikunta Tank,Andhra Pradesh Water Resources Department,"15° 2 ' 46""","78° 51 ' 31""",15.046111111111111,78.8586111111111,1997,Pennar,Local Stream,Badvel,II,Earthfill_Embankment,15.1,1156.0,,1.9,1060000.0,1.9,I,810.0,Government of India / Central Water Commission,National Register of Large Dams 2019,https://www.cwc.gov.in/sites/default/files/nrld-2019.pdf,GOVERNMENT_FACT
AP01MH0069,Vengalaraya Sagar,Andhra Pradesh Water Resources Department,"18° 37 ' 22""","83° 13 ' 18""",18.622777777777777,83.22166666666666,1998,East Flowing Rivers between Mahanadi and Godavari,Svarnamukhi Gomula,Salur,II,Earthfill_Embankment,21.0,1765.0,2707000.0,40.57,7690000.0,39.78,I,2455.0,Government of India / Central Water Commission,National Register of Large Dams 2019,https://www.cwc.gov.in/sites/default/files/nrld-2019.pdf,GOVERNMENT_FACT
AP01MH0072,Andra Reservoir,Andhra Pradesh Water Resources Department,"18° 20 ' 59""","83° 11 ' 47""",18.349722222222223,83.19638888888889,1998,East Flowing Rivers between Mahanadi and Godavari,Champavathi,Gajapathinagaram,II,Earthfill_Embankment,22.0,1890.0,,27.75,4406000.0,26.4,I,910.0,Government of India / Central Water Commission,National Register of Large Dams 2019,https://www.cwc.gov.in/sites/default/files/nrld-2019.pdf,GOVERNMENT_FACT
AP01MH0073,Buggavanka Project,Andhra Pradesh Water Resources Department,"14° 24 ' 1""","78° 50 ' 9""",14.400277777777777,78.83583333333333,2000,Pennar,Buggavanka,Cuddapah,II,Other,26.0,2060.0,747000.0,14.32,1566000.0,12.04,I,926.0,Government of India / Central Water Commission,National Register of Large Dams 2019,https://www.cwc.gov.in/sites/default/files/nrld-2019.pdf,GOVERNMENT_FACT
AP01MH0074,Yogi vemana (Maddileru) Reservoir,Andhra Pradesh Water Resources Department,"14° 21 ' 29""","78° 3 ' 8""",14.358055555555556,78.05222222222221,2001,Pennar,Maddileru Tributary to chitravati,Kadiri,II,Other,29.47,570.0,,25.49,4633000.0,21.149,I,3545.0,Government of India / Central Water Commission,National Register of Large Dams 2019,https://www.cwc.gov.in/sites/default/files/nrld-2019.pdf,GOVERNMENT_FACT
AP01MH0075,Madduvalasa Reservoir,Andhra Pradesh Water Resources Department,"18° 35 ' 17""","83° 37 ' 7""",18.588055555555556,83.61861111111111,2002,East Flowing Rivers between Mahanadi and Godavari,Maddigedda,palakonda,II,Earthfill_Embankment,16.0,2320.0,867000.0,95.51,2673000.0,93.58,I,5595.0,Government of India / Central Water Commission,National Register of Large Dams 2019,https://www.cwc.gov.in/sites/default/files/nrld-2019.pdf,GOVERNMENT_FACT
AP01MH0076,Yerrakalva,Andhra Pradesh Water Resources Department,"17° 6 ' 1""","81° 15 ' 22""",17.10027777777778,81.25611111111111,1988,East flowing rivers between Godavari and Krishna,Yerrakalva,chintala pudi,III,Other,19.79,2700.0,1500000.0,693.4,26067000.0,586.7,I,1371.0,Government of India / Central Water Commission,National Register of Large Dams 2019,https://www.cwc.gov.in/sites/default/files/nrld-2019.pdf,GOVERNMENT_FACT
AP01MH0078,Maddigedda Reservoir,Andhra Pradesh Water Resources Department,"17° 29 ' 12""","82° 0 ' 43""",17.486666666666668,82.01194444444444,2004,East Flowing Rivers between Mahanadi and Godavari,Janjhavathi,ellavaram,II,Other,27.0,862.0,526000.0,13.733,1821000.0,12.289,I,969.0,Government of India / Central Water Commission,National Register of Large Dams 2019,https://www.cwc.gov.in/sites/default/files/nrld-2019.pdf,GOVERNMENT_FACT
AP01MH0080,Earlakatta Tank,Andhra Pradesh Water Resources Department,"15° 45 ' 13""","78° 58 ' 42""",15.75361111111111,78.97833333333334,2007,East flowing rivers between Krishna and Pennar,krishna,Cumbum.,II,Earthfill_Embankment,17.0,571.0,0.0,1.369,,1.369,I,,Government of India / Central Water Commission,National Register of Large Dams 2019,https://www.cwc.gov.in/sites/default/files/nrld-2019.pdf,GOVERNMENT_FACT
AP01MH0083,N.T.R. T.G.P-Subsidiary Reservoir no 1,Andhra Pradesh Water Resources Department,"14° 49 ' 30""","78° 45 ' 0""",14.825,78.75,,Pennar,Kunderu,Cuddapah,II,Earthfill_Embankment,28.0,1820.0,0.0,60.416,5180000.0,,I/S,,Government of India / Central Water Commission,National Register of Large Dams 2019,https://www.cwc.gov.in/sites/default/files/nrld-2019.pdf,GOVERNMENT_FACT
AP01MH0089,Chinnagottigallu Tank,Andhra Pradesh Water Resources Department,"13° 38 ' 53""","79° 5 ' 33""",13.648055555555555,79.0925,,Pennar,Swarnamuki R,Tirupati,II,Earthfill_Embankment,18.0,900.0,,2.305,669300.0,1.098,I,168.51,Government of India / Central Water Commission,National Register of Large Dams 2019,https://www.cwc.gov.in/sites/default/files/nrld-2019.pdf,GOVERNMENT_FACT
AP01MH0092,"Gandicheruvu, Verabhadrapuram",Andhra Pradesh Water Resources Department,"16° 1 ' 45""","79° 10 ' 45""",16.029166666666665,79.17916666666667,,East flowing rivers between Krishna and Pennar,Ghataprabha,Marakapur,II,Other,26.69,240.0,0.0,3.0527,,,,255.0,Government of India / Central Water Commission,National Register of Large Dams 2019,https://www.cwc.gov.in/sites/default/files/nrld-2019.pdf,GOVERNMENT_FACT
AP01MH0094,Gullur tank,Andhra Pradesh Water Resources Department,"13° 28 ' 48""","79° 31 ' 30""",13.48,79.525,,East flowing rivers between Pennar and Cauvery Basin,Ghataprabha,Makavarapalem,II,Earthfill_Embankment,15.0,1040.0,,3.456,809720.0,3.084,I,,Government of India / Central Water Commission,National Register of Large Dams 2019,https://www.cwc.gov.in/sites/default/files/nrld-2019.pdf,GOVERNMENT_FACT
AP01MH0095,Gundlamotu Reservoir,Andhra Pradesh Water Resources Department,"15° 21 ' 19""","79° 49 ' 7""",15.355277777777777,79.81861111111111,,East flowing rivers between Krishna and Pennar,Ghataprabha,Giddalur,II,Earthfill_Embankment,16.0,605.0,0.0,9.04,,,,652.0,Government of India / Central Water Commission,National Register of Large Dams 2019,https://www.cwc.gov.in/sites/default/files/nrld-2019.pdf,GOVERNMENT_FACT
AP01MH0100,Kushavathi Reservoir,Andhra Pradesh Water Resources Department,"13° 58 ' 40""","78° 31 ' 40""",13.977777777777778,78.52777777777777,,Pennar,Khushavathi,Rayachoti,II,Other,17.47,1030.0,0.0,2.9,77280000.0,2.5,I,739.0,Government of India / Central Water Commission,National Register of Large Dams 2019,https://www.cwc.gov.in/sites/default/files/nrld-2019.pdf,GOVERNMENT_FACT
AP01MH0109,Pedda Tippa Samudram Tank,Andhra Pradesh Water Resources Department,"13° 42 ' 6""","78° 12 ' 10""",13.701666666666666,78.20277777777778,,Pennar,Ghataprabha,Madanapalle,II,Earthfill_Embankment,15.39,1550.0,0.0,7.079,5406000.0,6.969,I,474.0,Government of India / Central Water Commission,National Register of Large Dams 2019,https://www.cwc.gov.in/sites/default/files/nrld-2019.pdf,GOVERNMENT_FACT
AP01MH0112,Perval Project,Andhra Pradesh Water Resources Department,"16° 38 ' 9""","79° 0 ' 51""",16.635833333333334,79.01416666666667,,Krishna,Ghataprabha,devarkonda,II,Earthfill_Embankment,15.0,,0.0,4.278,,3.174,I,,Government of India / Central Water Commission,National Register of Large Dams 2019,https://www.cwc.gov.in/sites/default/files/nrld-2019.pdf,GOVERNMENT_FACT
AP01MH0114,"Rao Cheruvu, Rajupalem",Andhra Pradesh Water Resources Department,"15° 9 ' 35""","78° 56 ' 31""",15.159722222222223,78.94194444444445,,Pennar,Sagileru,Badvel,II,Earthfill_Embankment,16.0,460.0,0.0,5.65,1820000.0,5.65,I,113.83,Government of India / Central Water Commission,National Register of Large Dams 2019,https://www.cwc.gov.in/sites/default/files/nrld-2019.pdf,GOVERNMENT_FACT
AP01MH0121,"Tajangi Reservoir, Tajangi (v)",Andhra Pradesh Water Resources Department,"17° 52 ' 13""","82° 29 ' 45""",17.87027777777778,82.49583333333334,,Godavari,Ghataprabha,Chintapalli,II,Earthfill_Embankment,17.3,220.0,0.0,1.36,,1.36,I,12500.0,Government of India / Central Water Commission,National Register of Large Dams 2019,https://www.cwc.gov.in/sites/default/files/nrld-2019.pdf,GOVERNMENT_FACT
AP01MH0128,Chagallu Barrage,Andhra Pradesh Water Resources Department,"14° 55 ' 10""","77° 49 ' 45""",14.919444444444444,77.82916666666667,,Pennar,Pennar,tadpatra,II,Other,21.43,291.5,0.0,50.94,,,I,9712.0,Government of India / Central Water Commission,National Register of Large Dams 2019,https://www.cwc.gov.in/sites/default/files/nrld-2019.pdf,GOVERNMENT_FACT
AP01MH0129,Cheyyeru Project (Annamayya),Andhra Pradesh Water Resources Department,"14° 12 ' 49""","79° 1 ' 12""",14.21361111111111,79.02,2001,Pennar,cheyyeru,rajampet,II,Earthfill_Embankment,25.0,409.0,653000.0,63.16,7600000.0,44.89,I,8069.0,Government of India / Central Water Commission,National Register of Large Dams 2019,https://www.cwc.gov.in/sites/default/files/nrld-2019.pdf,GOVERNMENT_FACT
AP01MH0135,Mallemadugu,Andhra Pradesh Water Resources Department,"13° 40 ' 38""","79° 31 ' 27""",13.677222222222222,79.52416666666666,1959,East flowing rivers between Pennar and Cauvery Basin,Konakalva,Chandragiri,III,Earthfill_Embankment,15.0,1334.0,0.0,7.499,,,I,2458.0,Government of India / Central Water Commission,National Register of Large Dams 2019,https://www.cwc.gov.in/sites/default/files/nrld-2019.pdf,GOVERNMENT_FACT
AP01MH0138,"N.T.R. Reservoir, Thatiparthi(V), Madugula(M)",Andhra Pradesh Water Resources Department,"17° 56 ' 13""","82° 46 ' 3""",17.936944444444446,82.7675,,East Flowing Rivers between Mahanadi and Godavari,Tacheru,Chodavaram,II,Earthfill_Embankment,24.51,1317.0,0.0,5.77,,5.029,I,16386.0,Government of India / Central Water Commission,National Register of Large Dams 2019,https://www.cwc.gov.in/sites/default/files/nrld-2019.pdf,GOVERNMENT_FACT
AP01MH0140,Peddagedda Reservoir,Andhra Pradesh Water Resources Department,"18° 28 ' 5""","83° 6 ' 6""",18.468055555555555,83.10166666666666,2007,East Flowing Rivers between Mahanadi and Godavari,Peddagedda,Salur,II,Earthfill_Embankment,24.0,2430.0,0.0,30.38,,28.911,I,1395.0,Government of India / Central Water Commission,National Register of Large Dams 2019,https://www.cwc.gov.in/sites/default/files/nrld-2019.pdf,GOVERNMENT_FACT
AP01MH0144,Thotapally Barrage,Andhra Pradesh Water Resources Department,"18° 47 ' 5""","83° 29 ' 41""",18.784722222222225,83.49472222222222,1908,Godavari,Nagavali,thotapalli,II,Earthfill_Embankment,23.0,,0.0,71.05,,,,3234.0,Government of India / Central Water Commission,National Register of Large Dams 2019,https://www.cwc.gov.in/sites/default/files/nrld-2019.pdf,GOVERNMENT_FACT
AP01MH0145,"Urakagedda Reservoir, Sankaram (V), Madugula(M)",Andhra Pradesh Water Resources Department,"17° 56 ' 22""","82° 43 ' 33""",17.939444444444444,82.72583333333334,,East Flowing Rivers between Mahanadi and Godavari,Ghataprabha,paderu,II,Earthfill_Embankment,25.0,515.0,0.0,2.16,,2.16,I,15651.0,Government of India / Central Water Commission,National Register of Large Dams 2019,https://www.cwc.gov.in/sites/default/files/nrld-2019.pdf,GOVERNMENT_FACT
AP01MH0148,Varadharajuswami Gudi,Andhra Pradesh Water Resources Department,"15° 58 ' 30""","78° 38 ' 50""",15.975,78.64722222222223,,Krishna,Munimadugulavagu,Kurnool,II,Other,22.0,588.0,0.0,11.02,1324000.0,10.21,I,1025.0,Government of India / Central Water Commission,National Register of Large Dams 2019,https://www.cwc.gov.in/sites/default/files/nrld-2019.pdf,GOVERNMENT_FACT
AP01MH0150,Velugodu Balancing Reservoir,Andhra Pradesh Water Resources Department,"15° 48 ' 0""","78° 34 ' 30""",15.8,78.575,,Pennar,Pennar,Atmakur,II,Earthfill_Embankment,28.0,11640.0,0.0,16.95,46300000.0,16.905,I,1231.8,Government of India / Central Water Commission,National Register of Large Dams 2019,https://www.cwc.gov.in/sites/default/files/nrld-2019.pdf,GOVERNMENT_FACT
AP01MH0152,N.T.R. T.G.P-Subsidiary Reservoir no 2,Andhra Pradesh Water Resources Department,"14° 47 ' 25""","78° 47 ' 55""",14.790277777777778,78.79861111111111,,Pennar,Vakkileru N,Cuddapah,II,Earthfill_Embankment,18.0,,0.0,69.269,5535000.0,,I/S,,Government of India / Central Water Commission,National Register of Large Dams 2019,https://www.cwc.gov.in/sites/default/files/nrld-2019.pdf,GOVERNMENT_FACT
AP01MH0154,Alaganur Balancing Reservoir,Andhra Pradesh Water Resources Department,"15° 42 ' 27""","78° 23 ' 14""",15.7075,78.38722222222223,2004,Pennar,Kanika Vagu,Nandikotkur,II,Earthfill_Embankment,22.0,7500.0,84000.0,0.01359,84000000000.0,,I,442.0,Government of India / Central Water Commission,National Register of Large Dams 2019,https://www.cwc.gov.in/sites/default/files/nrld-2019.pdf,GOVERNMENT_FACT
AP01MH0155,Shri Kotla Vijaya Bhaskara Reddy Barragesunkesula Barrage,Andhra Pradesh Water Resources Department,"15° 52 ' 49""","77° 51 ' 28""",15.880277777777778,77.85777777777777,2004,Krishna,Tungabhadra,Kurnool,II,Earthfill_Embankment,17.18,630.0,,0.033975,5537630000.0,0.027184,I,14866.0,Government of India / Central Water Commission,National Register of Large Dams 2019,https://www.cwc.gov.in/sites/default/files/nrld-2019.pdf,GOVERNMENT_FACT
AP01MH0156,Kandla Obul Reddy Gundlakamma Reservoir Project,Andhra Pradesh Water Resources Department,"15° 41 ' 16""","76° 43 ' 44""",15.687777777777779,76.72888888888889,2013,East flowing rivers between Krishna and Pennar,Gundlakama,Ongole,II,Earthfill_Embankment,23.34,327.0,80.0,3e-06,2.0,3e-06,I/S,3.0,Government of India / Central Water Commission,National Register of Large Dams 2019,https://www.cwc.gov.in/sites/default/files/nrld-2019.pdf,GOVERNMENT_FACT
AP01MH0161,Subbaraya Balancing Reservoir,Andhra Pradesh Water Resources Department,"14° 48 ' 54""","77° 53 ' 19""",14.815000000000001,77.88861111111112,1983,Pennar,Local Vagu,Ananthapur,II,Earthfill_Embankment,27.4,970.0,64.22,0.011893,1433000000.0,0.011893,I,60.0,Government of India / Central Water Commission,National Register of Large Dams 2019,https://www.cwc.gov.in/sites/default/files/nrld-2019.pdf,GOVERNMENT_FACT
AP01MH0162,Mutchukota Balancing Reservoir,Andhra Pradesh Water Resources Department,"14° 49 ' 37""","77° 52 ' 16""",14.826944444444445,77.8711111111111,1983,Pennar,Local Vagu,Ananthapur,II,Earthfill_Embankment,25.0,620.0,27.43,0.018915,2194000000.0,0.018915,I,82.0,Government of India / Central Water Commission,National Register of Large Dams 2019,https://www.cwc.gov.in/sites/default/files/nrld-2019.pdf,GOVERNMENT_FACT
AP01MH0163,Pendekallu Reservoir,Andhra Pradesh Water Resources Department,"14° 58 ' 4""","77° 52 ' 6""",14.967777777777778,77.86833333333333,,Pennar,Local Vagu,Anantapur,II,Earthfill_Embankment,15.0,4774.3,707.0,0.018406,6010000000.0,0.018406,,874.0,Government of India / Central Water Commission,National Register of Large Dams 2019,https://www.cwc.gov.in/sites/default/files/nrld-2019.pdf,GOVERNMENT_FACT
AP01MH0164,Gotta Barrage,Andhra Pradesh Water Resources Department,"18° 41 ' 21""","83° 57 ' 44""",18.689166666666665,83.96222222222222,1977,East Flowing Rivers between Mahanadi and Godavari,vamsadhara,Hiramandalam,II,Earthfill_Embankment,20.42,475.79,,0.017329,2770000000.0,,I,5947.0,Government of India / Central Water Commission,National Register of Large Dams 2019,https://www.cwc.gov.in/sites/default/files/nrld-2019.pdf,GOVERNMENT_FACT
AP01MH0166,Surempalem Reservoir Project,Andhra Pradesh Water Resources Department,"17° 30 ' 22""","81° 54 ' 17""",17.50611111111111,81.90472222222223,2006,Godavari,Burada kalva,Gokavaram,II,Earthfill_Embankment,27.6,800.0,313.6,7.050894,2249000000.0,7.050894,I,52.29,Government of India / Central Water Commission,National Register of Large Dams 2019,https://www.cwc.gov.in/sites/default/files/nrld-2019.pdf,GOVERNMENT_FACT
AP01MH0167,Gogarbham Dam,Andhra Pradesh Water Resources Department,"13° 14 ' 29""","73° 21 ' 13""",13.241388888888888,73.3536111111111,1963,To Be Confirmed,Local,Tirupati,II,Earthfill_Embankment,24.3,54.0,,0.0012878800000000001,253710000.0,0.00121969,S,,Government of India / Central Water Commission,National Register of Large Dams 2019,https://www.cwc.gov.in/sites/default/files/nrld-2019.pdf,GOVERNMENT_FACT
AP01MH0168,Akasaganga,Andhra Pradesh Water Resources Department,"13° 46 ' 6""","79° 20 ' 21""",13.768333333333334,79.33916666666666,2002,To Be Confirmed,Local,Tirupati,II,Earthfill_Embankment,28.0,170.0,35.0,0.0003114,34550000.0,0.00030458,S,52.29,Government of India / Central Water Commission,National Register of Large Dams 2019,https://www.cwc.gov.in/sites/default/files/nrld-2019.pdf,GOVERNMENT_FACT
AP01VH0059,Srisailam Project (N.S.R.S.P),Andhra Pradesh Water Resources Department,"16° 5 ' 10""","78° 53 ' 48""",16.08611111111111,78.89666666666668,1982,Krishna,Krishna,Nandikotkur,II,Other,145.0,512.0,1953000.0,6116.438863,616420000.0,5833.2703979,H,38369.0,Government of India / Central Water Commission,National Register of Large Dams 2019,https://www.cwc.gov.in/sites/default/files/nrld-2019.pdf,GOVERNMENT_FACT
