id,asset_id,prediction_time,target,value,predicted_class,lower_bound,upper_bound,confidence_score,model_version,feature_version,status,factors,asset_code,asset_type
12,1,2026-08-30T09:45:27.673730+00:00,rul,27.2,CLASS_PLANNING_HORIZON,19.1,35.4,0.4,simras_experimental_rul_proxy_v2,ap_multi_asset_state_v3,EXPERIMENTAL_DECISION_SUPPORT,"[""CWC general planning guidance: 100-year useful-life horizon for irrigation/multipurpose projects"", ""AGE_HEALTH_HAZARD"", ""Not an official structural remaining-life or safety rating""]",AP_DAM_00001,barrage
13,2,2026-08-30T09:45:27.701010+00:00,rul,64.9,ASSET_DESIGN_LIFE,45.5,84.4,0.55,simras_experimental_rul_proxy_v2,ap_multi_asset_state_v3,EXPERIMENTAL_DECISION_SUPPORT,"[""Asset-stated design life"", ""AGE_HEALTH_HAZARD"", ""Not an official structural remaining-life or safety rating""]",AP_BR_00001,bridge
14,3,2026-08-30T09:45:27.705662+00:00,rul,67.2,HEALTH_ONLY_CLASS_HORIZON,37.0,97.4,0.25,simras_experimental_rul_proxy_v2,ap_multi_asset_state_v3,EXPERIMENTAL_DECISION_SUPPORT,"[""CWC general planning guidance: 100-year useful-life horizon for irrigation/multipurpose projects"", ""HEALTH_HAZARD_CLASS_HORIZON"", ""Not an official structural remaining-life or safety rating""]",AP_DAM_00002,dam
15,4,2026-08-30T09:45:27.711499+00:00,rul,89.5,CLASS_PLANNING_HORIZON,62.7,100.0,0.4,simras_experimental_rul_proxy_v2,ap_multi_asset_state_v3,EXPERIMENTAL_DECISION_SUPPORT,"[""IRC bridge design-life planning reference: 100 years"", ""AGE_HEALTH_HAZARD"", ""Not an official structural remaining-life or safety rating""]",AP_BR_00002,bridge
16,5,2026-08-30T09:45:27.716260+00:00,rul,52.5,CLASS_PLANNING_HORIZON,36.8,68.3,0.4,simras_experimental_rul_proxy_v2,ap_multi_asset_state_v3,EXPERIMENTAL_DECISION_SUPPORT,"[""CWC general planning guidance: 100-year useful-life horizon for irrigation/multipurpose projects"", ""AGE_HEALTH_HAZARD"", ""Not an official structural remaining-life or safety rating""]",AP_DAM_NWDP_AP01VH0059,dam
17,7,2026-08-30T09:45:27.720977+00:00,rul,29.0,CLASS_PLANNING_HORIZON,20.3,37.7,0.4,simras_experimental_rul_proxy_v2,ap_multi_asset_state_v3,EXPERIMENTAL_DECISION_SUPPORT,"[""CWC general planning guidance: 100-year useful-life horizon for irrigation/multipurpose projects"", ""AGE_HEALTH_HAZARD"", ""Not an official structural remaining-life or safety rating""]",AP_DAM_NWDP_AP01MH0011,dam
18,8,2026-08-30T09:45:27.726854+00:00,rul,47.1,CLASS_PLANNING_HORIZON,33.0,61.3,0.4,simras_experimental_rul_proxy_v2,ap_multi_asset_state_v3,EXPERIMENTAL_DECISION_SUPPORT,"[""CWC general planning guidance: 100-year useful-life horizon for irrigation/multipurpose projects"", ""AGE_HEALTH_HAZARD"", ""Not an official structural remaining-life or safety rating""]",AP_DAM_NWDP_AP01HH0040,dam
19,9,2026-08-30T09:45:27.732488+00:00,rul,50.6,CLASS_PLANNING_HORIZON,35.4,65.8,0.4,simras_experimental_rul_proxy_v2,ap_multi_asset_state_v3,EXPERIMENTAL_DECISION_SUPPORT,"[""CWC general planning guidance: 100-year useful-life horizon for irrigation/multipurpose projects"", ""AGE_HEALTH_HAZARD"", ""Not an official structural remaining-life or safety rating""]",AP_DAM_NWDP_AP01HH0049,dam
20,10,2026-08-30T09:45:27.743689+00:00,rul,69.6,CLASS_PLANNING_HORIZON,48.7,90.5,0.4,simras_experimental_rul_proxy_v2,ap_multi_asset_state_v3,EXPERIMENTAL_DECISION_SUPPORT,"[""CWC general planning guidance: 100-year useful-life horizon for irrigation/multipurpose projects"", ""AGE_HEALTH_HAZARD"", ""Not an official structural remaining-life or safety rating""]",AP_DAM_NWDP_AP01MH0074,dam
21,11,2026-08-30T09:45:27.754629+00:00,rul,58.5,CLASS_PLANNING_HORIZON,40.9,76.0,0.4,simras_experimental_rul_proxy_v2,ap_multi_asset_state_v3,EXPERIMENTAL_DECISION_SUPPORT,"[""CWC general planning guidance: 100-year useful-life horizon for irrigation/multipurpose projects"", ""AGE_HEALTH_HAZARD"", ""Not an official structural remaining-life or safety rating""]",AP_DAM_NWDP_AP01MH0135,dam
22,22,2026-08-30T09:45:27.764380+00:00,rul,69.5,HEALTH_ONLY_CLASS_HORIZON,38.2,100.0,0.25,simras_experimental_rul_proxy_v2,ap_multi_asset_state_v3,EXPERIMENTAL_DECISION_SUPPORT,"[""CWC general planning guidance: 100-year useful-life horizon for irrigation/multipurpose projects"", ""HEALTH_HAZARD_CLASS_HORIZON"", ""Not an official structural remaining-life or safety rating""]",AP_DAM_WRIS_D00569,dam
23,23,2026-08-30T09:45:27.771003+00:00,rul,55.2,HEALTH_ONLY_CLASS_HORIZON,30.4,80.1,0.25,simras_experimental_rul_proxy_v2,ap_multi_asset_state_v3,EXPERIMENTAL_DECISION_SUPPORT,"[""CWC general planning guidance: 100-year useful-life horizon for irrigation/multipurpose projects"", ""HEALTH_HAZARD_CLASS_HORIZON"", ""Not an official structural remaining-life or safety rating""]",AP_DAM_WRIS_D00587,dam
24,24,2026-08-30T09:45:27.777497+00:00,rul,53.5,CLASS_PLANNING_HORIZON,37.4,69.5,0.4,simras_experimental_rul_proxy_v2,ap_multi_asset_state_v3,EXPERIMENTAL_DECISION_SUPPORT,"[""CWC general planning guidance: 100-year useful-life horizon for irrigation/multipurpose projects"", ""AGE_HEALTH_HAZARD"", ""Not an official structural remaining-life or safety rating""]",AP_DAM_WRIS_AP01MH0058,dam
25,25,2026-08-30T09:45:27.783808+00:00,rul,67.2,HEALTH_ONLY_CLASS_HORIZON,37.0,97.4,0.25,simras_experimental_rul_proxy_v2,ap_multi_asset_state_v3,EXPERIMENTAL_DECISION_SUPPORT,"[""CWC general planning guidance: 100-year useful-life horizon for irrigation/multipurpose projects"", ""HEALTH_HAZARD_CLASS_HORIZON"", ""Not an official structural remaining-life or safety rating""]",AP_DAM_WRIS_D00719,dam
26,26,2026-08-30T09:45:27.790045+00:00,rul,67.2,HEALTH_ONLY_CLASS_HORIZON,37.0,97.4,0.25,simras_experimental_rul_proxy_v2,ap_multi_asset_state_v3,EXPERIMENTAL_DECISION_SUPPORT,"[""CWC general planning guidance: 100-year useful-life horizon for irrigation/multipurpose projects"", ""HEALTH_HAZARD_CLASS_HORIZON"", ""Not an official structural remaining-life or safety rating""]",AP_DAM_WRIS_D00721,dam
27,27,2026-08-30T09:45:27.796720+00:00,rul,56.7,CLASS_PLANNING_HORIZON,39.7,73.7,0.4,simras_experimental_rul_proxy_v2,ap_multi_asset_state_v3,EXPERIMENTAL_DECISION_SUPPORT,"[""CWC general planning guidance: 100-year useful-life horizon for irrigation/multipurpose projects"", ""AGE_HEALTH_HAZARD"", ""Not an official structural remaining-life or safety rating""]",AP_DAM_WRIS_AP01HH0062,dam
28,28,2026-08-30T09:45:27.803179+00:00,rul,67.2,HEALTH_ONLY_CLASS_HORIZON,37.0,97.4,0.25,simras_experimental_rul_proxy_v2,ap_multi_asset_state_v3,EXPERIMENTAL_DECISION_SUPPORT,"[""CWC general planning guidance: 100-year useful-life horizon for irrigation/multipurpose projects"", ""HEALTH_HAZARD_CLASS_HORIZON"", ""Not an official structural remaining-life or safety rating""]",AP_DAM_WRIS_AP01HH0130,dam
29,29,2026-08-30T09:45:27.809637+00:00,rul,17.1,CLASS_PLANNING_HORIZON,12.0,22.3,0.4,simras_experimental_rul_proxy_v2,ap_multi_asset_state_v3,EXPERIMENTAL_DECISION_SUPPORT,"[""CWC general planning guidance: 100-year useful-life horizon for irrigation/multipurpose projects"", ""AGE_HEALTH_HAZARD"", ""Not an official structural remaining-life or safety rating""]",AP_DAM_WRIS_D00963,dam
30,30,2026-08-30T09:45:27.815846+00:00,rul,67.2,HEALTH_ONLY_CLASS_HORIZON,37.0,97.4,0.25,simras_experimental_rul_proxy_v2,ap_multi_asset_state_v3,EXPERIMENTAL_DECISION_SUPPORT,"[""CWC general planning guidance: 100-year useful-life horizon for irrigation/multipurpose projects"", ""HEALTH_HAZARD_CLASS_HORIZON"", ""Not an official structural remaining-life or safety rating""]",AP_DAM_WRIS_D01824,dam
31,31,2026-08-30T09:45:27.824197+00:00,rul,61.9,CLASS_PLANNING_HORIZON,43.3,80.5,0.4,simras_experimental_rul_proxy_v2,ap_multi_asset_state_v3,EXPERIMENTAL_DECISION_SUPPORT,"[""CWC general planning guidance: 100-year useful-life horizon for irrigation/multipurpose projects"", ""AGE_HEALTH_HAZARD"", ""Not an official structural remaining-life or safety rating""]",AP_DAM_WRIS_AP01HH0149,dam
32,32,2026-08-30T09:45:27.830852+00:00,rul,69.1,CLASS_PLANNING_HORIZON,48.4,89.9,0.4,simras_experimental_rul_proxy_v2,ap_multi_asset_state_v3,EXPERIMENTAL_DECISION_SUPPORT,"[""CWC general planning guidance: 100-year useful-life horizon for irrigation/multipurpose projects"", ""AGE_HEALTH_HAZARD"", ""Not an official structural remaining-life or safety rating""]",AP_DAM_WRIS_AP01MH0072,dam
33,33,2026-08-30T09:45:27.839802+00:00,rul,71.6,CLASS_PLANNING_HORIZON,50.1,93.1,0.4,simras_experimental_rul_proxy_v2,ap_multi_asset_state_v3,EXPERIMENTAL_DECISION_SUPPORT,"[""CWC general planning guidance: 100-year useful-life horizon for irrigation/multipurpose projects"", ""AGE_HEALTH_HAZARD"", ""Not an official structural remaining-life or safety rating""]",AP_DAM_WRIS_AP01MH0129,dam
34,34,2026-08-30T09:45:27.846095+00:00,rul,28.7,CLASS_PLANNING_HORIZON,20.1,37.4,0.4,simras_experimental_rul_proxy_v2,ap_multi_asset_state_v3,EXPERIMENTAL_DECISION_SUPPORT,"[""CWC general planning guidance: 100-year useful-life horizon for irrigation/multipurpose projects"", ""AGE_HEALTH_HAZARD"", ""Not an official structural remaining-life or safety rating""]",AP_DAM_WRIS_AP01MH0021,dam
35,35,2026-08-30T09:45:27.851451+00:00,rul,44.5,CLASS_PLANNING_HORIZON,31.2,57.9,0.4,simras_experimental_rul_proxy_v2,ap_multi_asset_state_v3,EXPERIMENTAL_DECISION_SUPPORT,"[""CWC general planning guidance: 100-year useful-life horizon for irrigation/multipurpose projects"", ""AGE_HEALTH_HAZARD"", ""Not an official structural remaining-life or safety rating""]",AP_DAM_WRIS_AP01HH0127,dam
36,36,2026-08-30T09:45:27.856702+00:00,rul,30.7,CLASS_PLANNING_HORIZON,21.5,39.9,0.4,simras_experimental_rul_proxy_v2,ap_multi_asset_state_v3,EXPERIMENTAL_DECISION_SUPPORT,"[""CWC general planning guidance: 100-year useful-life horizon for irrigation/multipurpose projects"", ""AGE_HEALTH_HAZARD"", ""Not an official structural remaining-life or safety rating""]",AP_DAM_WRIS_AP01MH0018,dam
37,37,2026-08-30T09:45:27.863467+00:00,rul,67.2,HEALTH_ONLY_CLASS_HORIZON,37.0,97.4,0.25,simras_experimental_rul_proxy_v2,ap_multi_asset_state_v3,EXPERIMENTAL_DECISION_SUPPORT,"[""CWC general planning guidance: 100-year useful-life horizon for irrigation/multipurpose projects"", ""HEALTH_HAZARD_CLASS_HORIZON"", ""Not an official structural remaining-life or safety rating""]",AP_DAM_WRIS_D01879,dam
38,38,2026-08-30T09:45:27.868147+00:00,rul,68.8,CLASS_PLANNING_HORIZON,48.1,89.4,0.4,simras_experimental_rul_proxy_v2,ap_multi_asset_state_v3,EXPERIMENTAL_DECISION_SUPPORT,"[""CWC general planning guidance: 100-year useful-life horizon for irrigation/multipurpose projects"", ""AGE_HEALTH_HAZARD"", ""Not an official structural remaining-life or safety rating""]",AP_DAM_WRIS_AP01MH0073,dam
39,39,2026-08-30T09:45:27.873064+00:00,rul,38.1,CLASS_PLANNING_HORIZON,26.7,49.5,0.4,simras_experimental_rul_proxy_v2,ap_multi_asset_state_v3,EXPERIMENTAL_DECISION_SUPPORT,"[""CWC general planning guidance: 100-year useful-life horizon for irrigation/multipurpose projects"", ""AGE_HEALTH_HAZARD"", ""Not an official structural remaining-life or safety rating""]",AP_DAM_WRIS_AP01MH0026,dam
40,40,2026-08-30T09:45:27.879299+00:00,rul,67.2,HEALTH_ONLY_CLASS_HORIZON,37.0,97.4,0.25,simras_experimental_rul_proxy_v2,ap_multi_asset_state_v3,EXPERIMENTAL_DECISION_SUPPORT,"[""CWC general planning guidance: 100-year useful-life horizon for irrigation/multipurpose projects"", ""HEALTH_HAZARD_CLASS_HORIZON"", ""Not an official structural remaining-life or safety rating""]",AP_DAM_WRIS_AP01MH0001,dam
41,41,2026-08-30T09:45:27.884601+00:00,rul,65.0,CLASS_PLANNING_HORIZON,45.5,84.5,0.4,simras_experimental_rul_proxy_v2,ap_multi_asset_state_v3,EXPERIMENTAL_DECISION_SUPPORT,"[""CWC general planning guidance: 100-year useful-life horizon for irrigation/multipurpose projects"", ""AGE_HEALTH_HAZARD"", ""Not an official structural remaining-life or safety rating""]",AP_DAM_WRIS_D01773,dam
42,42,2026-08-30T09:45:27.889623+00:00,rul,0.0,CLASS_PLANNING_HORIZON,0.0,0.0,0.4,simras_experimental_rul_proxy_v2,ap_multi_asset_state_v3,EXPERIMENTAL_DECISION_SUPPORT,"[""CWC general planning guidance: 100-year useful-life horizon for irrigation/multipurpose projects"", ""AGE_HEALTH_HAZARD"", ""Not an official structural remaining-life or safety rating""]",AP_DAM_WRIS_AP01MH0004,dam
43,43,2026-08-30T09:45:27.894667+00:00,rul,67.2,HEALTH_ONLY_CLASS_HORIZON,37.0,97.4,0.25,simras_experimental_rul_proxy_v2,ap_multi_asset_state_v3,EXPERIMENTAL_DECISION_SUPPORT,"[""CWC general planning guidance: 100-year useful-life horizon for irrigation/multipurpose projects"", ""HEALTH_HAZARD_CLASS_HORIZON"", ""Not an official structural remaining-life or safety rating""]",AP_DAM_WRIS_AP01HH0137,dam
44,44,2026-08-30T09:45:27.899926+00:00,rul,67.2,HEALTH_ONLY_CLASS_HORIZON,37.0,97.4,0.25,simras_experimental_rul_proxy_v2,ap_multi_asset_state_v3,EXPERIMENTAL_DECISION_SUPPORT,"[""CWC general planning guidance: 100-year useful-life horizon for irrigation/multipurpose projects"", ""HEALTH_HAZARD_CLASS_HORIZON"", ""Not an official structural remaining-life or safety rating""]",AP_DAM_WRIS_D02198,dam
45,45,2026-08-30T09:45:27.905048+00:00,rul,38.1,CLASS_PLANNING_HORIZON,26.7,49.5,0.4,simras_experimental_rul_proxy_v2,ap_multi_asset_state_v3,EXPERIMENTAL_DECISION_SUPPORT,"[""CWC general planning guidance: 100-year useful-life horizon for irrigation/multipurpose projects"", ""AGE_HEALTH_HAZARD"", ""Not an official structural remaining-life or safety rating""]",AP_DAM_WRIS_AP01MH0046,dam
46,46,2026-08-30T09:45:27.910055+00:00,rul,67.2,HEALTH_ONLY_CLASS_HORIZON,37.0,97.4,0.25,simras_experimental_rul_proxy_v2,ap_multi_asset_state_v3,EXPERIMENTAL_DECISION_SUPPORT,"[""CWC general planning guidance: 100-year useful-life horizon for irrigation/multipurpose projects"", ""HEALTH_HAZARD_CLASS_HORIZON"", ""Not an official structural remaining-life or safety rating""]",AP_DAM_WRIS_AP01MH0140,dam
47,47,2026-08-30T09:45:27.916310+00:00,rul,29.7,CLASS_PLANNING_HORIZON,20.8,38.7,0.4,simras_experimental_rul_proxy_v2,ap_multi_asset_state_v3,EXPERIMENTAL_DECISION_SUPPORT,"[""CWC general planning guidance: 100-year useful-life horizon for irrigation/multipurpose projects"", ""AGE_HEALTH_HAZARD"", ""Not an official structural remaining-life or safety rating""]",AP_DAM_WRIS_AP01MH0016,dam
48,48,2026-08-30T09:45:27.921882+00:00,rul,47.3,CLASS_PLANNING_HORIZON,33.1,61.5,0.4,simras_experimental_rul_proxy_v2,ap_multi_asset_state_v3,EXPERIMENTAL_DECISION_SUPPORT,"[""CWC general planning guidance: 100-year useful-life horizon for irrigation/multipurpose projects"", ""AGE_HEALTH_HAZARD"", ""Not an official structural remaining-life or safety rating""]",AP_DAM_WRIS_AP01MH0047,dam
49,49,2026-08-30T09:45:27.928030+00:00,rul,49.6,CLASS_PLANNING_HORIZON,34.7,64.5,0.4,simras_experimental_rul_proxy_v2,ap_multi_asset_state_v3,EXPERIMENTAL_DECISION_SUPPORT,"[""CWC general planning guidance: 100-year useful-life horizon for irrigation/multipurpose projects"", ""AGE_HEALTH_HAZARD"", ""Not an official structural remaining-life or safety rating""]",AP_DAM_WRIS_AP01MH0063,dam
50,50,2026-08-30T09:45:27.932902+00:00,rul,49.6,CLASS_PLANNING_HORIZON,34.7,64.5,0.4,simras_experimental_rul_proxy_v2,ap_multi_asset_state_v3,EXPERIMENTAL_DECISION_SUPPORT,"[""CWC general planning guidance: 100-year useful-life horizon for irrigation/multipurpose projects"", ""AGE_HEALTH_HAZARD"", ""Not an official structural remaining-life or safety rating""]",AP_DAM_WRIS_AP01MH0053,dam
51,51,2026-08-30T09:45:27.937639+00:00,rul,27.9,CLASS_PLANNING_HORIZON,19.5,36.3,0.4,simras_experimental_rul_proxy_v2,ap_multi_asset_state_v3,EXPERIMENTAL_DECISION_SUPPORT,"[""CWC general planning guidance: 100-year useful-life horizon for irrigation/multipurpose projects"", ""AGE_HEALTH_HAZARD"", ""Not an official structural remaining-life or safety rating""]",AP_DAM_WRIS_AP01LH0013,dam
52,52,2026-08-30T09:45:27.943319+00:00,rul,62.4,CLASS_PLANNING_HORIZON,43.7,81.1,0.4,simras_experimental_rul_proxy_v2,ap_multi_asset_state_v3,EXPERIMENTAL_DECISION_SUPPORT,"[""CWC general planning guidance: 100-year useful-life horizon for irrigation/multipurpose projects"", ""AGE_HEALTH_HAZARD"", ""Not an official structural remaining-life or safety rating""]",AP_DAM_WRIS_AP01HH0064,dam
53,53,2026-08-30T09:45:27.948350+00:00,rul,67.2,HEALTH_ONLY_CLASS_HORIZON,37.0,97.4,0.25,simras_experimental_rul_proxy_v2,ap_multi_asset_state_v3,EXPERIMENTAL_DECISION_SUPPORT,"[""CWC general planning guidance: 100-year useful-life horizon for irrigation/multipurpose projects"", ""HEALTH_HAZARD_CLASS_HORIZON"", ""Not an official structural remaining-life or safety rating""]",AP_DAM_WRIS_AP01HH0132,dam
54,54,2026-08-30T09:45:27.956008+00:00,rul,30.5,CLASS_PLANNING_HORIZON,21.3,39.6,0.4,simras_experimental_rul_proxy_v2,ap_multi_asset_state_v3,EXPERIMENTAL_DECISION_SUPPORT,"[""CWC general planning guidance: 100-year useful-life horizon for irrigation/multipurpose projects"", ""AGE_HEALTH_HAZARD"", ""Not an official structural remaining-life or safety rating""]",AP_DAM_WRIS_AP01MH0015,dam
55,55,2026-08-30T09:45:27.961250+00:00,rul,48.6,CLASS_PLANNING_HORIZON,34.0,63.2,0.4,simras_experimental_rul_proxy_v2,ap_multi_asset_state_v3,EXPERIMENTAL_DECISION_SUPPORT,"[""CWC general planning guidance: 100-year useful-life horizon for irrigation/multipurpose projects"", ""AGE_HEALTH_HAZARD"", ""Not an official structural remaining-life or safety rating""]",AP_DAM_WRIS_AP01MH0056,dam
56,56,2026-08-30T09:45:27.966031+00:00,rul,75.6,CLASS_PLANNING_HORIZON,52.9,98.3,0.4,simras_experimental_rul_proxy_v2,ap_multi_asset_state_v3,EXPERIMENTAL_DECISION_SUPPORT,"[""CWC general planning guidance: 100-year useful-life horizon for irrigation/multipurpose projects"", ""AGE_HEALTH_HAZARD"", ""Not an official structural remaining-life or safety rating""]",AP_DAM_WRIS_D02041,dam
57,57,2026-08-30T09:45:27.970661+00:00,rul,51.4,CLASS_PLANNING_HORIZON,36.0,66.9,0.4,simras_experimental_rul_proxy_v2,ap_multi_asset_state_v3,EXPERIMENTAL_DECISION_SUPPORT,"[""CWC general planning guidance: 100-year useful-life horizon for irrigation/multipurpose projects"", ""AGE_HEALTH_HAZARD"", ""Not an official structural remaining-life or safety rating""]",AP_DAM_WRIS_AP01MH0052,dam
58,58,2026-08-30T09:45:27.990320+00:00,rul,26.9,CLASS_PLANNING_HORIZON,18.8,34.9,0.4,simras_experimental_rul_proxy_v2,ap_multi_asset_state_v3,EXPERIMENTAL_DECISION_SUPPORT,"[""CWC general planning guidance: 100-year useful-life horizon for irrigation/multipurpose projects"", ""AGE_HEALTH_HAZARD"", ""Not an official structural remaining-life or safety rating""]",AP_DAM_WRIS_D02086,dam
59,59,2026-08-30T09:45:28.003134+00:00,rul,49.6,CLASS_PLANNING_HORIZON,34.7,64.5,0.4,simras_experimental_rul_proxy_v2,ap_multi_asset_state_v3,EXPERIMENTAL_DECISION_SUPPORT,"[""CWC general planning guidance: 100-year useful-life horizon for irrigation/multipurpose projects"", ""AGE_HEALTH_HAZARD"", ""Not an official structural remaining-life or safety rating""]",AP_DAM_WRIS_AP01MH0078,dam
60,60,2026-08-30T09:45:28.014344+00:00,rul,70.6,CLASS_PLANNING_HORIZON,49.4,91.8,0.4,simras_experimental_rul_proxy_v2,ap_multi_asset_state_v3,EXPERIMENTAL_DECISION_SUPPORT,"[""CWC general planning guidance: 100-year useful-life horizon for irrigation/multipurpose projects"", ""AGE_HEALTH_HAZARD"", ""Not an official structural remaining-life or safety rating""]",AP_DAM_WRIS_AP01MH0075,dam
61,61,2026-08-30T09:45:28.023061+00:00,rul,28.8,CLASS_PLANNING_HORIZON,20.2,37.5,0.4,simras_experimental_rul_proxy_v2,ap_multi_asset_state_v3,EXPERIMENTAL_DECISION_SUPPORT,"[""CWC general planning guidance: 100-year useful-life horizon for irrigation/multipurpose projects"", ""AGE_HEALTH_HAZARD"", ""Not an official structural remaining-life or safety rating""]",AP_DAM_WRIS_AP01MH0017,dam
62,62,2026-08-30T09:45:28.036790+00:00,rul,67.2,HEALTH_ONLY_CLASS_HORIZON,37.0,97.4,0.25,simras_experimental_rul_proxy_v2,ap_multi_asset_state_v3,EXPERIMENTAL_DECISION_SUPPORT,"[""CWC general planning guidance: 100-year useful-life horizon for irrigation/multipurpose projects"", ""HEALTH_HAZARD_CLASS_HORIZON"", ""Not an official structural remaining-life or safety rating""]",AP_DAM_WRIS_D02269,dam
63,63,2026-08-30T09:45:28.044525+00:00,rul,67.2,HEALTH_ONLY_CLASS_HORIZON,37.0,97.4,0.25,simras_experimental_rul_proxy_v2,ap_multi_asset_state_v3,EXPERIMENTAL_DECISION_SUPPORT,"[""CWC general planning guidance: 100-year useful-life horizon for irrigation/multipurpose projects"", ""HEALTH_HAZARD_CLASS_HORIZON"", ""Not an official structural remaining-life or safety rating""]",AP_DAM_WRIS_D02317,dam
64,64,2026-08-30T09:45:28.050666+00:00,rul,48.6,CLASS_PLANNING_HORIZON,34.0,63.2,0.4,simras_experimental_rul_proxy_v2,ap_multi_asset_state_v3,EXPERIMENTAL_DECISION_SUPPORT,"[""CWC general planning guidance: 100-year useful-life horizon for irrigation/multipurpose projects"", ""AGE_HEALTH_HAZARD"", ""Not an official structural remaining-life or safety rating""]",AP_DAM_WRIS_AP01MH0065,dam
65,65,2026-08-30T09:45:28.056278+00:00,rul,42.8,CLASS_PLANNING_HORIZON,30.0,55.7,0.4,simras_experimental_rul_proxy_v2,ap_multi_asset_state_v3,EXPERIMENTAL_DECISION_SUPPORT,"[""CWC general planning guidance: 100-year useful-life horizon for irrigation/multipurpose projects"", ""AGE_HEALTH_HAZARD"", ""Not an official structural remaining-life or safety rating""]",AP_DAM_WRIS_AP01HH0043,dam
66,66,2026-08-30T09:45:28.061807+00:00,rul,38.5,CLASS_PLANNING_HORIZON,27.0,50.1,0.4,simras_experimental_rul_proxy_v2,ap_multi_asset_state_v3,EXPERIMENTAL_DECISION_SUPPORT,"[""CWC general planning guidance: 100-year useful-life horizon for irrigation/multipurpose projects"", ""AGE_HEALTH_HAZARD"", ""Not an official structural remaining-life or safety rating""]",AP_DAM_WRIS_AP01HH0024,dam
67,67,2026-08-30T09:45:28.067084+00:00,rul,68.5,CLASS_PLANNING_HORIZON,48.0,89.1,0.4,simras_experimental_rul_proxy_v2,ap_multi_asset_state_v3,EXPERIMENTAL_DECISION_SUPPORT,"[""CWC general planning guidance: 100-year useful-life horizon for irrigation/multipurpose projects"", ""AGE_HEALTH_HAZARD"", ""Not an official structural remaining-life or safety rating""]",AP_DAM_WRIS_AP01MH0148,dam
68,68,2026-08-30T09:45:28.072065+00:00,rul,43.8,CLASS_PLANNING_HORIZON,30.7,56.9,0.4,simras_experimental_rul_proxy_v2,ap_multi_asset_state_v3,EXPERIMENTAL_DECISION_SUPPORT,"[""CWC general planning guidance: 100-year useful-life horizon for irrigation/multipurpose projects"", ""AGE_HEALTH_HAZARD"", ""Not an official structural remaining-life or safety rating""]",AP_DAM_WRIS_AP01MH0039,dam
69,69,2026-08-30T09:45:28.078118+00:00,rul,70.0,HEALTH_ONLY_CLASS_HORIZON,38.5,100.0,0.25,simras_experimental_rul_proxy_v2,ap_multi_asset_state_v3,EXPERIMENTAL_DECISION_SUPPORT,"[""CWC general planning guidance: 100-year useful-life horizon for irrigation/multipurpose projects"", ""HEALTH_HAZARD_CLASS_HORIZON"", ""Not an official structural remaining-life or safety rating""]",AP_DAM_WRIS_AP01HH0081,dam
70,70,2026-08-30T09:45:28.083220+00:00,rul,56.5,CLASS_PLANNING_HORIZON,39.5,73.4,0.4,simras_experimental_rul_proxy_v2,ap_multi_asset_state_v3,EXPERIMENTAL_DECISION_SUPPORT,"[""CWC general planning guidance: 100-year useful-life horizon for irrigation/multipurpose projects"", ""AGE_HEALTH_HAZARD"", ""Not an official structural remaining-life or safety rating""]",AP_DAM_WRIS_AP01MH0069,dam
71,71,2026-08-30T09:45:28.088007+00:00,rul,44.8,CLASS_PLANNING_HORIZON,31.3,58.2,0.4,simras_experimental_rul_proxy_v2,ap_multi_asset_state_v3,EXPERIMENTAL_DECISION_SUPPORT,"[""CWC general planning guidance: 100-year useful-life horizon for irrigation/multipurpose projects"", ""AGE_HEALTH_HAZARD"", ""Not an official structural remaining-life or safety rating""]",AP_DAM_WRIS_AP01MH0030,dam
72,72,2026-08-30T09:45:28.093448+00:00,rul,56.5,CLASS_PLANNING_HORIZON,39.5,73.4,0.4,simras_experimental_rul_proxy_v2,ap_multi_asset_state_v3,EXPERIMENTAL_DECISION_SUPPORT,"[""CWC general planning guidance: 100-year useful-life horizon for irrigation/multipurpose projects"", ""AGE_HEALTH_HAZARD"", ""Not an official structural remaining-life or safety rating""]",AP_DAM_WRIS_AP01MH0076,dam
73,73,2026-08-30T09:45:28.099648+00:00,rul,69.6,CLASS_PLANNING_HORIZON,48.7,90.5,0.4,simras_experimental_rul_proxy_v2,ap_multi_asset_state_v3,EXPERIMENTAL_DECISION_SUPPORT,"[""CWC general planning guidance: 100-year useful-life horizon for irrigation/multipurpose projects"", ""AGE_HEALTH_HAZARD"", ""Not an official structural remaining-life or safety rating""]",AP_DAM_WRIS_AP01MH0074,dam
74,74,2026-08-30T09:45:28.104608+00:00,rul,32.5,CLASS_PLANNING_HORIZON,22.8,42.3,0.4,simras_experimental_rul_proxy_v2,ap_multi_asset_state_v3,EXPERIMENTAL_DECISION_SUPPORT,"[""CWC general planning guidance: 100-year useful-life horizon for irrigation/multipurpose projects"", ""AGE_HEALTH_HAZARD"", ""Not an official structural remaining-life or safety rating""]",AP_DAM_WRIS_AP01MH0022,dam
75,75,2026-08-30T09:45:28.109649+00:00,rul,27.0,CLASS_PLANNING_HORIZON,18.9,35.1,0.4,simras_experimental_rul_proxy_v2,ap_multi_asset_state_v3,EXPERIMENTAL_DECISION_SUPPORT,"[""CWC general planning guidance: 100-year useful-life horizon for irrigation/multipurpose projects"", ""AGE_HEALTH_HAZARD"", ""Not an official structural remaining-life or safety rating""]",AP_DAM_WRIS_D02672,dam
76,76,2026-08-30T09:45:28.115131+00:00,rul,27.9,CLASS_PLANNING_HORIZON,19.5,36.3,0.4,simras_experimental_rul_proxy_v2,ap_multi_asset_state_v3,EXPERIMENTAL_DECISION_SUPPORT,"[""CWC general planning guidance: 100-year useful-life horizon for irrigation/multipurpose projects"", ""AGE_HEALTH_HAZARD"", ""Not an official structural remaining-life or safety rating""]",AP_DAM_WRIS_AP01MH0010,dam
77,77,2026-08-30T09:45:28.119997+00:00,rul,67.2,HEALTH_ONLY_CLASS_HORIZON,37.0,97.4,0.25,simras_experimental_rul_proxy_v2,ap_multi_asset_state_v3,EXPERIMENTAL_DECISION_SUPPORT,"[""CWC general planning guidance: 100-year useful-life horizon for irrigation/multipurpose projects"", ""HEALTH_HAZARD_CLASS_HORIZON"", ""Not an official structural remaining-life or safety rating""]",AP_DAM_WRIS_D03507,dam
78,78,2026-08-30T09:45:28.124745+00:00,rul,67.2,HEALTH_ONLY_CLASS_HORIZON,37.0,97.4,0.25,simras_experimental_rul_proxy_v2,ap_multi_asset_state_v3,EXPERIMENTAL_DECISION_SUPPORT,"[""CWC general planning guidance: 100-year useful-life horizon for irrigation/multipurpose projects"", ""HEALTH_HAZARD_CLASS_HORIZON"", ""Not an official structural remaining-life or safety rating""]",AP_DAM_WRIS_AP01LH0096,dam
79,79,2026-08-30T09:45:28.129987+00:00,rul,67.2,HEALTH_ONLY_CLASS_HORIZON,37.0,97.4,0.25,simras_experimental_rul_proxy_v2,ap_multi_asset_state_v3,EXPERIMENTAL_DECISION_SUPPORT,"[""CWC general planning guidance: 100-year useful-life horizon for irrigation/multipurpose projects"", ""HEALTH_HAZARD_CLASS_HORIZON"", ""Not an official structural remaining-life or safety rating""]",AP_DAM_WRIS_AP01_0131,dam
80,80,2026-08-30T09:45:28.134868+00:00,rul,49.6,CLASS_PLANNING_HORIZON,34.7,64.5,0.4,simras_experimental_rul_proxy_v2,ap_multi_asset_state_v3,EXPERIMENTAL_DECISION_SUPPORT,"[""CWC general planning guidance: 100-year useful-life horizon for irrigation/multipurpose projects"", ""AGE_HEALTH_HAZARD"", ""Not an official structural remaining-life or safety rating""]",AP_DAM_WRIS_AP01LH0051,dam
81,81,2026-08-30T09:45:28.140377+00:00,rul,67.2,HEALTH_ONLY_CLASS_HORIZON,37.0,97.4,0.25,simras_experimental_rul_proxy_v2,ap_multi_asset_state_v3,EXPERIMENTAL_DECISION_SUPPORT,"[""CWC general planning guidance: 100-year useful-life horizon for irrigation/multipurpose projects"", ""HEALTH_HAZARD_CLASS_HORIZON"", ""Not an official structural remaining-life or safety rating""]",AP_DAM_WRIS_AP01LH0084,dam
82,82,2026-08-30T09:45:28.146946+00:00,rul,67.2,HEALTH_ONLY_CLASS_HORIZON,37.0,97.4,0.25,simras_experimental_rul_proxy_v2,ap_multi_asset_state_v3,EXPERIMENTAL_DECISION_SUPPORT,"[""CWC general planning guidance: 100-year useful-life horizon for irrigation/multipurpose projects"", ""HEALTH_HAZARD_CLASS_HORIZON"", ""Not an official structural remaining-life or safety rating""]",AP_DAM_WRIS_AP01LH0085,dam
83,83,2026-08-30T09:45:28.153224+00:00,rul,30.7,CLASS_PLANNING_HORIZON,21.5,39.9,0.4,simras_experimental_rul_proxy_v2,ap_multi_asset_state_v3,EXPERIMENTAL_DECISION_SUPPORT,"[""CWC general planning guidance: 100-year useful-life horizon for irrigation/multipurpose projects"", ""AGE_HEALTH_HAZARD"", ""Not an official structural remaining-life or safety rating""]",AP_DAM_WRIS_AP01HH0019,dam
84,84,2026-08-30T09:45:28.159682+00:00,rul,43.8,CLASS_PLANNING_HORIZON,30.7,56.9,0.4,simras_experimental_rul_proxy_v2,ap_multi_asset_state_v3,EXPERIMENTAL_DECISION_SUPPORT,"[""CWC general planning guidance: 100-year useful-life horizon for irrigation/multipurpose projects"", ""AGE_HEALTH_HAZARD"", ""Not an official structural remaining-life or safety rating""]",AP_DAM_WRIS_AP01LH0034,dam
85,85,2026-08-30T09:45:28.166443+00:00,rul,67.2,HEALTH_ONLY_CLASS_HORIZON,37.0,97.4,0.25,simras_experimental_rul_proxy_v2,ap_multi_asset_state_v3,EXPERIMENTAL_DECISION_SUPPORT,"[""CWC general planning guidance: 100-year useful-life horizon for irrigation/multipurpose projects"", ""HEALTH_HAZARD_CLASS_HORIZON"", ""Not an official structural remaining-life or safety rating""]",AP_DAM_WRIS_AP01MH0128,dam
86,86,2026-08-30T09:45:28.173011+00:00,rul,67.2,HEALTH_ONLY_CLASS_HORIZON,37.0,97.4,0.25,simras_experimental_rul_proxy_v2,ap_multi_asset_state_v3,EXPERIMENTAL_DECISION_SUPPORT,"[""CWC general planning guidance: 100-year useful-life horizon for irrigation/multipurpose projects"", ""HEALTH_HAZARD_CLASS_HORIZON"", ""Not an official structural remaining-life or safety rating""]",AP_DAM_WRIS_AP01LH0091,dam
87,87,2026-08-30T09:45:28.182647+00:00,rul,67.2,HEALTH_ONLY_CLASS_HORIZON,37.0,97.4,0.25,simras_experimental_rul_proxy_v2,ap_multi_asset_state_v3,EXPERIMENTAL_DECISION_SUPPORT,"[""CWC general planning guidance: 100-year useful-life horizon for irrigation/multipurpose projects"", ""HEALTH_HAZARD_CLASS_HORIZON"", ""Not an official structural remaining-life or safety rating""]",AP_DAM_WRIS_AP01LH0125,dam
88,88,2026-08-30T09:45:28.189040+00:00,rul,52.0,CLASS_PLANNING_HORIZON,36.4,67.7,0.4,simras_experimental_rul_proxy_v2,ap_multi_asset_state_v3,EXPERIMENTAL_DECISION_SUPPORT,"[""CWC general planning guidance: 100-year useful-life horizon for irrigation/multipurpose projects"", ""AGE_HEALTH_HAZARD"", ""Not an official structural remaining-life or safety rating""]",AP_DAM_WRIS_AP01HH0057,dam
89,89,2026-08-30T09:45:28.199972+00:00,rul,46.7,CLASS_PLANNING_HORIZON,32.7,60.7,0.4,simras_experimental_rul_proxy_v2,ap_multi_asset_state_v3,EXPERIMENTAL_DECISION_SUPPORT,"[""CWC general planning guidance: 100-year useful-life horizon for irrigation/multipurpose projects"", ""AGE_HEALTH_HAZARD"", ""Not an official structural remaining-life or safety rating""]",AP_DAM_WRIS_TL47HH0060,dam
90,90,2026-08-30T09:45:28.215475+00:00,rul,67.2,HEALTH_ONLY_CLASS_HORIZON,37.0,97.4,0.25,simras_experimental_rul_proxy_v2,ap_multi_asset_state_v3,EXPERIMENTAL_DECISION_SUPPORT,"[""CWC general planning guidance: 100-year useful-life horizon for irrigation/multipurpose projects"", ""HEALTH_HAZARD_CLASS_HORIZON"", ""Not an official structural remaining-life or safety rating""]",AP_DAM_WRIS_AP01MH0092,dam
91,91,2026-08-30T09:45:28.228518+00:00,rul,67.2,HEALTH_ONLY_CLASS_HORIZON,37.0,97.4,0.25,simras_experimental_rul_proxy_v2,ap_multi_asset_state_v3,EXPERIMENTAL_DECISION_SUPPORT,"[""CWC general planning guidance: 100-year useful-life horizon for irrigation/multipurpose projects"", ""HEALTH_HAZARD_CLASS_HORIZON"", ""Not an official structural remaining-life or safety rating""]",AP_DAM_WRIS_AP01LH0104,dam
92,92,2026-08-30T09:45:28.239084+00:00,rul,67.2,HEALTH_ONLY_CLASS_HORIZON,37.0,97.4,0.25,simras_experimental_rul_proxy_v2,ap_multi_asset_state_v3,EXPERIMENTAL_DECISION_SUPPORT,"[""CWC general planning guidance: 100-year useful-life horizon for irrigation/multipurpose projects"", ""HEALTH_HAZARD_CLASS_HORIZON"", ""Not an official structural remaining-life or safety rating""]",AP_DAM_WRIS_AP01LH0106,dam
93,93,2026-08-30T09:45:28.256992+00:00,rul,68.5,CLASS_PLANNING_HORIZON,48.0,89.1,0.4,simras_experimental_rul_proxy_v2,ap_multi_asset_state_v3,EXPERIMENTAL_DECISION_SUPPORT,"[""CWC general planning guidance: 100-year useful-life horizon for irrigation/multipurpose projects"", ""AGE_HEALTH_HAZARD"", ""Not an official structural remaining-life or safety rating""]",AP_DAM_WRIS_AP01LH0070,dam
94,94,2026-08-30T09:45:28.279590+00:00,rul,67.2,HEALTH_ONLY_CLASS_HORIZON,37.0,97.4,0.25,simras_experimental_rul_proxy_v2,ap_multi_asset_state_v3,EXPERIMENTAL_DECISION_SUPPORT,"[""CWC general planning guidance: 100-year useful-life horizon for irrigation/multipurpose projects"", ""HEALTH_HAZARD_CLASS_HORIZON"", ""Not an official structural remaining-life or safety rating""]",AP_DAM_WRIS_AP01LH0098,dam
95,95,2026-08-30T09:45:28.293264+00:00,rul,67.2,HEALTH_ONLY_CLASS_HORIZON,37.0,97.4,0.25,simras_experimental_rul_proxy_v2,ap_multi_asset_state_v3,EXPERIMENTAL_DECISION_SUPPORT,"[""CWC general planning guidance: 100-year useful-life horizon for irrigation/multipurpose projects"", ""HEALTH_HAZARD_CLASS_HORIZON"", ""Not an official structural remaining-life or safety rating""]",AP_DAM_WRIS_AP01MH0100,dam
96,96,2026-08-30T09:45:28.302577+00:00,rul,67.2,HEALTH_ONLY_CLASS_HORIZON,37.0,97.4,0.25,simras_experimental_rul_proxy_v2,ap_multi_asset_state_v3,EXPERIMENTAL_DECISION_SUPPORT,"[""CWC general planning guidance: 100-year useful-life horizon for irrigation/multipurpose projects"", ""HEALTH_HAZARD_CLASS_HORIZON"", ""Not an official structural remaining-life or safety rating""]",AP_DAM_WRIS_AP01LH0102,dam
97,97,2026-08-30T09:45:28.311607+00:00,rul,67.2,HEALTH_ONLY_CLASS_HORIZON,37.0,97.4,0.25,simras_experimental_rul_proxy_v2,ap_multi_asset_state_v3,EXPERIMENTAL_DECISION_SUPPORT,"[""CWC general planning guidance: 100-year useful-life horizon for irrigation/multipurpose projects"", ""HEALTH_HAZARD_CLASS_HORIZON"", ""Not an official structural remaining-life or safety rating""]",AP_DAM_WRIS_AP01LH0136,dam
98,98,2026-08-30T09:45:28.320676+00:00,rul,43.8,CLASS_PLANNING_HORIZON,30.7,56.9,0.4,simras_experimental_rul_proxy_v2,ap_multi_asset_state_v3,EXPERIMENTAL_DECISION_SUPPORT,"[""CWC general planning guidance: 100-year useful-life horizon for irrigation/multipurpose projects"", ""AGE_HEALTH_HAZARD"", ""Not an official structural remaining-life or safety rating""]",AP_DAM_WRIS_AP01MH0036,dam
99,99,2026-08-30T09:45:28.330151+00:00,rul,67.2,HEALTH_ONLY_CLASS_HORIZON,37.0,97.4,0.25,simras_experimental_rul_proxy_v2,ap_multi_asset_state_v3,EXPERIMENTAL_DECISION_SUPPORT,"[""CWC general planning guidance: 100-year useful-life horizon for irrigation/multipurpose projects"", ""HEALTH_HAZARD_CLASS_HORIZON"", ""Not an official structural remaining-life or safety rating""]",AP_DAM_WRIS_AP01MH0138,dam
100,100,2026-08-30T09:45:28.338583+00:00,rul,40.0,CLASS_PLANNING_HORIZON,28.0,52.0,0.4,simras_experimental_rul_proxy_v2,ap_multi_asset_state_v3,EXPERIMENTAL_DECISION_SUPPORT,"[""CWC general planning guidance: 100-year useful-life horizon for irrigation/multipurpose projects"", ""AGE_HEALTH_HAZARD"", ""Not an official structural remaining-life or safety rating""]",AP_DAM_WRIS_AP01MH0028,dam
101,101,2026-08-30T09:45:28.345620+00:00,rul,44.7,CLASS_PLANNING_HORIZON,31.3,58.1,0.4,simras_experimental_rul_proxy_v2,ap_multi_asset_state_v3,EXPERIMENTAL_DECISION_SUPPORT,"[""CWC general planning guidance: 100-year useful-life horizon for irrigation/multipurpose projects"", ""AGE_HEALTH_HAZARD"", ""Not an official structural remaining-life or safety rating""]",AP_DAM_WRIS_AP01LH0037,dam
102,102,2026-08-30T09:45:28.352374+00:00,rul,67.2,HEALTH_ONLY_CLASS_HORIZON,37.0,97.4,0.25,simras_experimental_rul_proxy_v2,ap_multi_asset_state_v3,EXPERIMENTAL_DECISION_SUPPORT,"[""CWC general planning guidance: 100-year useful-life horizon for irrigation/multipurpose projects"", ""HEALTH_HAZARD_CLASS_HORIZON"", ""Not an official structural remaining-life or safety rating""]",AP_DAM_WRIS_AP01LH0108,dam
103,103,2026-08-30T09:45:28.356828+00:00,rul,67.2,HEALTH_ONLY_CLASS_HORIZON,37.0,97.4,0.25,simras_experimental_rul_proxy_v2,ap_multi_asset_state_v3,EXPERIMENTAL_DECISION_SUPPORT,"[""CWC general planning guidance: 100-year useful-life horizon for irrigation/multipurpose projects"", ""HEALTH_HAZARD_CLASS_HORIZON"", ""Not an official structural remaining-life or safety rating""]",AP_DAM_WRIS_AP01MH0109,dam
104,104,2026-08-30T09:45:28.364872+00:00,rul,67.2,HEALTH_ONLY_CLASS_HORIZON,37.0,97.4,0.25,simras_experimental_rul_proxy_v2,ap_multi_asset_state_v3,EXPERIMENTAL_DECISION_SUPPORT,"[""CWC general planning guidance: 100-year useful-life horizon for irrigation/multipurpose projects"", ""HEALTH_HAZARD_CLASS_HORIZON"", ""Not an official structural remaining-life or safety rating""]",AP_DAM_WRIS_AP01LH0107,dam
105,105,2026-08-30T09:45:28.371058+00:00,rul,67.2,HEALTH_ONLY_CLASS_HORIZON,37.0,97.4,0.25,simras_experimental_rul_proxy_v2,ap_multi_asset_state_v3,EXPERIMENTAL_DECISION_SUPPORT,"[""CWC general planning guidance: 100-year useful-life horizon for irrigation/multipurpose projects"", ""HEALTH_HAZARD_CLASS_HORIZON"", ""Not an official structural remaining-life or safety rating""]",AP_DAM_WRIS_D04538,dam
106,106,2026-08-30T09:45:28.376524+00:00,rul,66.5,CLASS_PLANNING_HORIZON,46.6,86.5,0.4,simras_experimental_rul_proxy_v2,ap_multi_asset_state_v3,EXPERIMENTAL_DECISION_SUPPORT,"[""CWC general planning guidance: 100-year useful-life horizon for irrigation/multipurpose projects"", ""AGE_HEALTH_HAZARD"", ""Not an official structural remaining-life or safety rating""]",AP_DAM_WRIS_AP01LH0067,dam
107,107,2026-08-30T09:45:28.382877+00:00,rul,67.2,HEALTH_ONLY_CLASS_HORIZON,37.0,97.4,0.25,simras_experimental_rul_proxy_v2,ap_multi_asset_state_v3,EXPERIMENTAL_DECISION_SUPPORT,"[""CWC general planning guidance: 100-year useful-life horizon for irrigation/multipurpose projects"", ""HEALTH_HAZARD_CLASS_HORIZON"", ""Not an official structural remaining-life or safety rating""]",AP_DAM_WRIS_AP01LH0111,dam
108,108,2026-08-30T09:45:28.388481+00:00,rul,46.7,CLASS_PLANNING_HORIZON,32.7,60.7,0.4,simras_experimental_rul_proxy_v2,ap_multi_asset_state_v3,EXPERIMENTAL_DECISION_SUPPORT,"[""CWC general planning guidance: 100-year useful-life horizon for irrigation/multipurpose projects"", ""AGE_HEALTH_HAZARD"", ""Not an official structural remaining-life or safety rating""]",AP_DAM_WRIS_AP01LH0045,dam
109,109,2026-08-30T09:45:28.396446+00:00,rul,67.2,HEALTH_ONLY_CLASS_HORIZON,37.0,97.4,0.25,simras_experimental_rul_proxy_v2,ap_multi_asset_state_v3,EXPERIMENTAL_DECISION_SUPPORT,"[""CWC general planning guidance: 100-year useful-life horizon for irrigation/multipurpose projects"", ""HEALTH_HAZARD_CLASS_HORIZON"", ""Not an official structural remaining-life or safety rating""]",AP_DAM_WRIS_AP01LH0115,dam
110,110,2026-08-30T09:45:28.402329+00:00,rul,47.6,CLASS_PLANNING_HORIZON,33.4,61.9,0.4,simras_experimental_rul_proxy_v2,ap_multi_asset_state_v3,EXPERIMENTAL_DECISION_SUPPORT,"[""CWC general planning guidance: 100-year useful-life horizon for irrigation/multipurpose projects"", ""AGE_HEALTH_HAZARD"", ""Not an official structural remaining-life or safety rating""]",AP_DAM_WRIS_AP01LH0048,dam
111,111,2026-08-30T09:45:28.407666+00:00,rul,50.6,CLASS_PLANNING_HORIZON,35.4,65.7,0.4,simras_experimental_rul_proxy_v2,ap_multi_asset_state_v3,EXPERIMENTAL_DECISION_SUPPORT,"[""CWC general planning guidance: 100-year useful-life horizon for irrigation/multipurpose projects"", ""AGE_HEALTH_HAZARD"", ""Not an official structural remaining-life or safety rating""]",AP_DAM_WRIS_AP01LH0055,dam
112,112,2026-08-30T09:45:28.415426+00:00,rul,67.2,HEALTH_ONLY_CLASS_HORIZON,37.0,97.4,0.25,simras_experimental_rul_proxy_v2,ap_multi_asset_state_v3,EXPERIMENTAL_DECISION_SUPPORT,"[""CWC general planning guidance: 100-year useful-life horizon for irrigation/multipurpose projects"", ""HEALTH_HAZARD_CLASS_HORIZON"", ""Not an official structural remaining-life or safety rating""]",AP_DAM_WRIS_AP01MH0145,dam
113,113,2026-08-30T09:45:28.420524+00:00,rul,68.5,CLASS_PLANNING_HORIZON,48.0,89.1,0.4,simras_experimental_rul_proxy_v2,ap_multi_asset_state_v3,EXPERIMENTAL_DECISION_SUPPORT,"[""CWC general planning guidance: 100-year useful-life horizon for irrigation/multipurpose projects"", ""AGE_HEALTH_HAZARD"", ""Not an official structural remaining-life or safety rating""]",AP_DAM_WRIS_AP01LH0071,dam
114,114,2026-08-30T09:45:28.426488+00:00,rul,67.2,HEALTH_ONLY_CLASS_HORIZON,37.0,97.4,0.25,simras_experimental_rul_proxy_v2,ap_multi_asset_state_v3,EXPERIMENTAL_DECISION_SUPPORT,"[""CWC general planning guidance: 100-year useful-life horizon for irrigation/multipurpose projects"", ""HEALTH_HAZARD_CLASS_HORIZON"", ""Not an official structural remaining-life or safety rating""]",AP_DAM_WRIS_AP01LH0116,dam
115,115,2026-08-30T09:45:28.433126+00:00,rul,67.2,HEALTH_ONLY_CLASS_HORIZON,37.0,97.4,0.25,simras_experimental_rul_proxy_v2,ap_multi_asset_state_v3,EXPERIMENTAL_DECISION_SUPPORT,"[""CWC general planning guidance: 100-year useful-life horizon for irrigation/multipurpose projects"", ""HEALTH_HAZARD_CLASS_HORIZON"", ""Not an official structural remaining-life or safety rating""]",AP_DAM_WRIS_AP01LH0147,dam
116,116,2026-08-30T09:45:28.438319+00:00,rul,65.5,CLASS_PLANNING_HORIZON,45.9,85.2,0.4,simras_experimental_rul_proxy_v2,ap_multi_asset_state_v3,EXPERIMENTAL_DECISION_SUPPORT,"[""CWC general planning guidance: 100-year useful-life horizon for irrigation/multipurpose projects"", ""AGE_HEALTH_HAZARD"", ""Not an official structural remaining-life or safety rating""]",AP_DAM_WRIS_AP01MH0066,dam
117,117,2026-08-30T09:45:28.446472+00:00,rul,42.8,CLASS_PLANNING_HORIZON,30.0,55.7,0.4,simras_experimental_rul_proxy_v2,ap_multi_asset_state_v3,EXPERIMENTAL_DECISION_SUPPORT,"[""CWC general planning guidance: 100-year useful-life horizon for irrigation/multipurpose projects"", ""AGE_HEALTH_HAZARD"", ""Not an official structural remaining-life or safety rating""]",AP_DAM_WRIS_AP01LH0032,dam
118,118,2026-08-30T09:45:28.452044+00:00,rul,67.2,HEALTH_ONLY_CLASS_HORIZON,37.0,97.4,0.25,simras_experimental_rul_proxy_v2,ap_multi_asset_state_v3,EXPERIMENTAL_DECISION_SUPPORT,"[""CWC general planning guidance: 100-year useful-life horizon for irrigation/multipurpose projects"", ""HEALTH_HAZARD_CLASS_HORIZON"", ""Not an official structural remaining-life or safety rating""]",AP_DAM_WRIS_AP01LH0124,dam
119,119,2026-08-30T09:45:28.457937+00:00,rul,53.5,CLASS_PLANNING_HORIZON,37.4,69.5,0.4,simras_experimental_rul_proxy_v2,ap_multi_asset_state_v3,EXPERIMENTAL_DECISION_SUPPORT,"[""CWC general planning guidance: 100-year useful-life horizon for irrigation/multipurpose projects"", ""AGE_HEALTH_HAZARD"", ""Not an official structural remaining-life or safety rating""]",AP_DAM_WRIS_AP01LH0061,dam
120,120,2026-08-30T09:45:28.464702+00:00,rul,0.0,CLASS_PLANNING_HORIZON,0.0,0.0,0.4,simras_experimental_rul_proxy_v2,ap_multi_asset_state_v3,EXPERIMENTAL_DECISION_SUPPORT,"[""CWC general planning guidance: 100-year useful-life horizon for irrigation/multipurpose projects"", ""AGE_HEALTH_HAZARD"", ""Not an official structural remaining-life or safety rating""]",AP_DAM_WRIS_AP01LH0117,dam
121,121,2026-08-30T09:45:28.469734+00:00,rul,67.2,HEALTH_ONLY_CLASS_HORIZON,37.0,97.4,0.25,simras_experimental_rul_proxy_v2,ap_multi_asset_state_v3,EXPERIMENTAL_DECISION_SUPPORT,"[""CWC general planning guidance: 100-year useful-life horizon for irrigation/multipurpose projects"", ""HEALTH_HAZARD_CLASS_HORIZON"", ""Not an official structural remaining-life or safety rating""]",AP_DAM_WRIS_AP01LH0118,dam
122,122,2026-08-30T09:45:28.474695+00:00,rul,67.2,HEALTH_ONLY_CLASS_HORIZON,37.0,97.4,0.25,simras_experimental_rul_proxy_v2,ap_multi_asset_state_v3,EXPERIMENTAL_DECISION_SUPPORT,"[""CWC general planning guidance: 100-year useful-life horizon for irrigation/multipurpose projects"", ""HEALTH_HAZARD_CLASS_HORIZON"", ""Not an official structural remaining-life or safety rating""]",AP_DAM_WRIS_AP01LH0120,dam
123,123,2026-08-30T09:45:28.480377+00:00,rul,67.2,HEALTH_ONLY_CLASS_HORIZON,37.0,97.4,0.25,simras_experimental_rul_proxy_v2,ap_multi_asset_state_v3,EXPERIMENTAL_DECISION_SUPPORT,"[""CWC general planning guidance: 100-year useful-life horizon for irrigation/multipurpose projects"", ""HEALTH_HAZARD_CLASS_HORIZON"", ""Not an official structural remaining-life or safety rating""]",AP_DAM_WRIS_AP01MH0121,dam
124,124,2026-08-30T09:45:28.485461+00:00,rul,67.2,HEALTH_ONLY_CLASS_HORIZON,37.0,97.4,0.25,simras_experimental_rul_proxy_v2,ap_multi_asset_state_v3,EXPERIMENTAL_DECISION_SUPPORT,"[""CWC general planning guidance: 100-year useful-life horizon for irrigation/multipurpose projects"", ""HEALTH_HAZARD_CLASS_HORIZON"", ""Not an official structural remaining-life or safety rating""]",AP_DAM_WRIS_D06052,dam
125,125,2026-08-30T09:45:28.490585+00:00,rul,67.2,HEALTH_ONLY_CLASS_HORIZON,37.0,97.4,0.25,simras_experimental_rul_proxy_v2,ap_multi_asset_state_v3,EXPERIMENTAL_DECISION_SUPPORT,"[""CWC general planning guidance: 100-year useful-life horizon for irrigation/multipurpose projects"", ""HEALTH_HAZARD_CLASS_HORIZON"", ""Not an official structural remaining-life or safety rating""]",AP_DAM_WRIS_D06074,dam
126,126,2026-08-30T09:45:28.495622+00:00,rul,67.2,HEALTH_ONLY_CLASS_HORIZON,37.0,97.4,0.25,simras_experimental_rul_proxy_v2,ap_multi_asset_state_v3,EXPERIMENTAL_DECISION_SUPPORT,"[""CWC general planning guidance: 100-year useful-life horizon for irrigation/multipurpose projects"", ""HEALTH_HAZARD_CLASS_HORIZON"", ""Not an official structural remaining-life or safety rating""]",AP_DAM_WRIS_AP01HH0023,dam
127,127,2026-08-30T09:45:28.499963+00:00,rul,67.2,HEALTH_ONLY_CLASS_HORIZON,37.0,97.4,0.25,simras_experimental_rul_proxy_v2,ap_multi_asset_state_v3,EXPERIMENTAL_DECISION_SUPPORT,"[""CWC general planning guidance: 100-year useful-life horizon for irrigation/multipurpose projects"", ""HEALTH_HAZARD_CLASS_HORIZON"", ""Not an official structural remaining-life or safety rating""]",AP_DAM_WRIS_AP01LH0097,dam
128,128,2026-08-30T09:45:28.505012+00:00,rul,67.2,HEALTH_ONLY_CLASS_HORIZON,37.0,97.4,0.25,simras_experimental_rul_proxy_v2,ap_multi_asset_state_v3,EXPERIMENTAL_DECISION_SUPPORT,"[""CWC general planning guidance: 100-year useful-life horizon for irrigation/multipurpose projects"", ""HEALTH_HAZARD_CLASS_HORIZON"", ""Not an official structural remaining-life or safety rating""]",AP_DAM_WRIS_D06095,dam
129,129,2026-08-30T09:45:28.510151+00:00,rul,67.2,HEALTH_ONLY_CLASS_HORIZON,37.0,97.4,0.25,simras_experimental_rul_proxy_v2,ap_multi_asset_state_v3,EXPERIMENTAL_DECISION_SUPPORT,"[""CWC general planning guidance: 100-year useful-life horizon for irrigation/multipurpose projects"", ""HEALTH_HAZARD_CLASS_HORIZON"", ""Not an official structural remaining-life or safety rating""]",AP_DAM_WRIS_D06139,dam
130,130,2026-08-30T09:45:28.514765+00:00,rul,60.8,HEALTH_ONLY_CLASS_HORIZON,33.4,88.1,0.25,simras_experimental_rul_proxy_v2,ap_multi_asset_state_v3,EXPERIMENTAL_DECISION_SUPPORT,"[""CWC general planning guidance: 100-year useful-life horizon for irrigation/multipurpose projects"", ""HEALTH_HAZARD_CLASS_HORIZON"", ""Not an official structural remaining-life or safety rating""]",AP_DAM_WRIS_AP01MH0150,dam
131,131,2026-08-30T09:45:28.519314+00:00,rul,37.2,CLASS_PLANNING_HORIZON,26.0,48.3,0.4,simras_experimental_rul_proxy_v2,ap_multi_asset_state_v3,EXPERIMENTAL_DECISION_SUPPORT,"[""CWC general planning guidance: 100-year useful-life horizon for irrigation/multipurpose projects"", ""AGE_HEALTH_HAZARD"", ""Not an official structural remaining-life or safety rating""]",AP_DAM_WRIS_D06026,dam
132,132,2026-08-30T09:45:28.524293+00:00,rul,10.2,CLASS_PLANNING_HORIZON,7.1,13.2,0.4,simras_experimental_rul_proxy_v2,ap_multi_asset_state_v3,EXPERIMENTAL_DECISION_SUPPORT,"[""CWC general planning guidance: 100-year useful-life horizon for irrigation/multipurpose projects"", ""AGE_HEALTH_HAZARD"", ""Not an official structural remaining-life or safety rating""]",AP_DAM_WRIS_AP01LH0005,dam
133,133,2026-08-30T09:45:28.528981+00:00,rul,63.5,CLASS_PLANNING_HORIZON,44.4,82.5,0.4,simras_experimental_rul_proxy_v2,ap_multi_asset_state_v3,EXPERIMENTAL_DECISION_SUPPORT,"[""CWC general planning guidance: 100-year useful-life horizon for irrigation/multipurpose projects"", ""AGE_HEALTH_HAZARD"", ""Not an official structural remaining-life or safety rating""]",AP_DAM_WRIS_AP01HH0133,dam
134,134,2026-08-30T09:45:28.532990+00:00,rul,67.2,HEALTH_ONLY_CLASS_HORIZON,37.0,97.4,0.25,simras_experimental_rul_proxy_v2,ap_multi_asset_state_v3,EXPERIMENTAL_DECISION_SUPPORT,"[""CWC general planning guidance: 100-year useful-life horizon for irrigation/multipurpose projects"", ""HEALTH_HAZARD_CLASS_HORIZON"", ""Not an official structural remaining-life or safety rating""]",AP_DAM_WRIS_D06208,dam
135,135,2026-08-30T09:45:28.537744+00:00,rul,70.0,HEALTH_ONLY_CLASS_HORIZON,38.5,100.0,0.25,simras_experimental_rul_proxy_v2,ap_multi_asset_state_v3,EXPERIMENTAL_DECISION_SUPPORT,"[""CWC general planning guidance: 100-year useful-life horizon for irrigation/multipurpose projects"", ""HEALTH_HAZARD_CLASS_HORIZON"", ""Not an official structural remaining-life or safety rating""]",AP_DAM_WRIS_D06327,dam
136,136,2026-08-30T09:45:28.542090+00:00,rul,67.2,HEALTH_ONLY_CLASS_HORIZON,37.0,97.4,0.25,simras_experimental_rul_proxy_v2,ap_multi_asset_state_v3,EXPERIMENTAL_DECISION_SUPPORT,"[""CWC general planning guidance: 100-year useful-life horizon for irrigation/multipurpose projects"", ""HEALTH_HAZARD_CLASS_HORIZON"", ""Not an official structural remaining-life or safety rating""]",AP_DAM_WRIS_D06350,dam
137,137,2026-08-30T09:45:28.548118+00:00,rul,67.2,HEALTH_ONLY_CLASS_HORIZON,37.0,97.4,0.25,simras_experimental_rul_proxy_v2,ap_multi_asset_state_v3,EXPERIMENTAL_DECISION_SUPPORT,"[""CWC general planning guidance: 100-year useful-life horizon for irrigation/multipurpose projects"", ""HEALTH_HAZARD_CLASS_HORIZON"", ""Not an official structural remaining-life or safety rating""]",AP_DAM_WRIS_D06351,dam
138,138,2026-08-30T09:45:28.552705+00:00,rul,67.2,HEALTH_ONLY_CLASS_HORIZON,37.0,97.4,0.25,simras_experimental_rul_proxy_v2,ap_multi_asset_state_v3,EXPERIMENTAL_DECISION_SUPPORT,"[""CWC general planning guidance: 100-year useful-life horizon for irrigation/multipurpose projects"", ""HEALTH_HAZARD_CLASS_HORIZON"", ""Not an official structural remaining-life or safety rating""]",AP_DAM_WRIS_D06352,dam
139,139,2026-08-30T09:45:28.557038+00:00,rul,67.2,HEALTH_ONLY_CLASS_HORIZON,37.0,97.4,0.25,simras_experimental_rul_proxy_v2,ap_multi_asset_state_v3,EXPERIMENTAL_DECISION_SUPPORT,"[""CWC general planning guidance: 100-year useful-life horizon for irrigation/multipurpose projects"", ""HEALTH_HAZARD_CLASS_HORIZON"", ""Not an official structural remaining-life or safety rating""]",AP_DAM_WRIS_D06353,dam
140,140,2026-08-30T09:45:28.562794+00:00,rul,67.2,HEALTH_ONLY_CLASS_HORIZON,37.0,97.4,0.25,simras_experimental_rul_proxy_v2,ap_multi_asset_state_v3,EXPERIMENTAL_DECISION_SUPPORT,"[""CWC general planning guidance: 100-year useful-life horizon for irrigation/multipurpose projects"", ""HEALTH_HAZARD_CLASS_HORIZON"", ""Not an official structural remaining-life or safety rating""]",AP_DAM_WRIS_D06354,dam
141,141,2026-08-30T09:45:28.567488+00:00,rul,67.2,HEALTH_ONLY_CLASS_HORIZON,37.0,97.4,0.25,simras_experimental_rul_proxy_v2,ap_multi_asset_state_v3,EXPERIMENTAL_DECISION_SUPPORT,"[""CWC general planning guidance: 100-year useful-life horizon for irrigation/multipurpose projects"", ""HEALTH_HAZARD_CLASS_HORIZON"", ""Not an official structural remaining-life or safety rating""]",AP_DAM_WRIS_D06356,dam
142,142,2026-08-30T09:45:28.572017+00:00,rul,66.6,HEALTH_ONLY_CLASS_HORIZON,36.7,96.6,0.25,simras_experimental_rul_proxy_v2,ap_multi_asset_state_v3,EXPERIMENTAL_DECISION_SUPPORT,"[""CWC general planning guidance: 100-year useful-life horizon for irrigation/multipurpose projects"", ""HEALTH_HAZARD_CLASS_HORIZON"", ""Not an official structural remaining-life or safety rating""]",AP_DAM_WRIS_D06393,dam
143,143,2026-08-30T09:45:28.578014+00:00,rul,67.2,HEALTH_ONLY_CLASS_HORIZON,37.0,97.4,0.25,simras_experimental_rul_proxy_v2,ap_multi_asset_state_v3,EXPERIMENTAL_DECISION_SUPPORT,"[""CWC general planning guidance: 100-year useful-life horizon for irrigation/multipurpose projects"", ""HEALTH_HAZARD_CLASS_HORIZON"", ""Not an official structural remaining-life or safety rating""]",AP_DAM_WRIS_D06394,dam
144,144,2026-08-30T09:45:28.583622+00:00,rul,67.2,HEALTH_ONLY_CLASS_HORIZON,37.0,97.4,0.25,simras_experimental_rul_proxy_v2,ap_multi_asset_state_v3,EXPERIMENTAL_DECISION_SUPPORT,"[""CWC general planning guidance: 100-year useful-life horizon for irrigation/multipurpose projects"", ""HEALTH_HAZARD_CLASS_HORIZON"", ""Not an official structural remaining-life or safety rating""]",AP_DAM_WRIS_D06395,dam
145,145,2026-08-30T09:45:28.590138+00:00,rul,77.8,CLASS_PLANNING_HORIZON,54.4,100.0,0.4,simras_experimental_rul_proxy_v2,ap_multi_asset_state_v3,EXPERIMENTAL_DECISION_SUPPORT,"[""CWC general planning guidance: 100-year useful-life horizon for irrigation/multipurpose projects"", ""AGE_HEALTH_HAZARD"", ""Not an official structural remaining-life or safety rating""]",AP_DAM_WRIS_D02215,dam
146,146,2026-08-30T09:45:28.598051+00:00,rul,0.0,CLASS_PLANNING_HORIZON,0.0,0.0,0.4,simras_experimental_rul_proxy_v2,ap_multi_asset_state_v3,EXPERIMENTAL_DECISION_SUPPORT,"[""CWC general planning guidance: 100-year useful-life horizon for irrigation/multipurpose projects"", ""AGE_HEALTH_HAZARD"", ""Not an official structural remaining-life or safety rating""]",AP_DAM_WRIS_AP01LH0002,dam
147,147,2026-08-30T09:45:28.602911+00:00,rul,0.0,CLASS_PLANNING_HORIZON,0.0,0.0,0.4,simras_experimental_rul_proxy_v2,ap_multi_asset_state_v3,EXPERIMENTAL_DECISION_SUPPORT,"[""CWC general planning guidance: 100-year useful-life horizon for irrigation/multipurpose projects"", ""AGE_HEALTH_HAZARD"", ""Not an official structural remaining-life or safety rating""]",AP_DAM_WRIS_AP01MH0003,dam
148,148,2026-08-30T09:45:28.607413+00:00,rul,16.2,CLASS_PLANNING_HORIZON,11.4,21.1,0.4,simras_experimental_rul_proxy_v2,ap_multi_asset_state_v3,EXPERIMENTAL_DECISION_SUPPORT,"[""CWC general planning guidance: 100-year useful-life horizon for irrigation/multipurpose projects"", ""AGE_HEALTH_HAZARD"", ""Not an official structural remaining-life or safety rating""]",AP_DAM_WRIS_AP01LH0006,dam
149,149,2026-08-30T09:45:28.612266+00:00,rul,39.0,CLASS_PLANNING_HORIZON,27.3,50.8,0.4,simras_experimental_rul_proxy_v2,ap_multi_asset_state_v3,EXPERIMENTAL_DECISION_SUPPORT,"[""CWC general planning guidance: 100-year useful-life horizon for irrigation/multipurpose projects"", ""AGE_HEALTH_HAZARD"", ""Not an official structural remaining-life or safety rating""]",AP_DAM_WRIS_AP01MH0027,dam
150,150,2026-08-30T09:45:28.617060+00:00,rul,42.8,CLASS_PLANNING_HORIZON,30.0,55.7,0.4,simras_experimental_rul_proxy_v2,ap_multi_asset_state_v3,EXPERIMENTAL_DECISION_SUPPORT,"[""CWC general planning guidance: 100-year useful-life horizon for irrigation/multipurpose projects"", ""AGE_HEALTH_HAZARD"", ""Not an official structural remaining-life or safety rating""]",AP_DAM_WRIS_AP01LH0033,dam
151,151,2026-08-30T09:45:28.621870+00:00,rul,45.7,CLASS_PLANNING_HORIZON,32.0,59.4,0.4,simras_experimental_rul_proxy_v2,ap_multi_asset_state_v3,EXPERIMENTAL_DECISION_SUPPORT,"[""CWC general planning guidance: 100-year useful-life horizon for irrigation/multipurpose projects"", ""AGE_HEALTH_HAZARD"", ""Not an official structural remaining-life or safety rating""]",AP_DAM_WRIS_AP01LH0041,dam
152,152,2026-08-30T09:45:28.626357+00:00,rul,45.7,CLASS_PLANNING_HORIZON,32.0,59.4,0.4,simras_experimental_rul_proxy_v2,ap_multi_asset_state_v3,EXPERIMENTAL_DECISION_SUPPORT,"[""CWC general planning guidance: 100-year useful-life horizon for irrigation/multipurpose projects"", ""AGE_HEALTH_HAZARD"", ""Not an official structural remaining-life or safety rating""]",AP_DAM_WRIS_AP01MH0042,dam
153,153,2026-08-30T09:45:28.630854+00:00,rul,46.7,CLASS_PLANNING_HORIZON,32.7,60.7,0.4,simras_experimental_rul_proxy_v2,ap_multi_asset_state_v3,EXPERIMENTAL_DECISION_SUPPORT,"[""CWC general planning guidance: 100-year useful-life horizon for irrigation/multipurpose projects"", ""AGE_HEALTH_HAZARD"", ""Not an official structural remaining-life or safety rating""]",AP_DAM_WRIS_AP01MH0044,dam
154,154,2026-08-30T09:45:28.635001+00:00,rul,48.6,CLASS_PLANNING_HORIZON,34.0,63.2,0.4,simras_experimental_rul_proxy_v2,ap_multi_asset_state_v3,EXPERIMENTAL_DECISION_SUPPORT,"[""CWC general planning guidance: 100-year useful-life horizon for irrigation/multipurpose projects"", ""AGE_HEALTH_HAZARD"", ""Not an official structural remaining-life or safety rating""]",AP_DAM_WRIS_AP01LH0050,dam
155,155,2026-08-30T09:45:28.640157+00:00,rul,50.6,CLASS_PLANNING_HORIZON,35.4,65.7,0.4,simras_experimental_rul_proxy_v2,ap_multi_asset_state_v3,EXPERIMENTAL_DECISION_SUPPORT,"[""CWC general planning guidance: 100-year useful-life horizon for irrigation/multipurpose projects"", ""AGE_HEALTH_HAZARD"", ""Not an official structural remaining-life or safety rating""]",AP_DAM_WRIS_AP01LH0054,dam
156,156,2026-08-30T09:45:28.648054+00:00,rul,55.1,CLASS_PLANNING_HORIZON,38.6,71.7,0.4,simras_experimental_rul_proxy_v2,ap_multi_asset_state_v3,EXPERIMENTAL_DECISION_SUPPORT,"[""CWC general planning guidance: 100-year useful-life horizon for irrigation/multipurpose projects"", ""AGE_HEALTH_HAZARD"", ""Not an official structural remaining-life or safety rating""]",AP_DAM_WRIS_AP01HH0060,dam
157,157,2026-08-30T09:45:28.653864+00:00,rul,66.5,CLASS_PLANNING_HORIZON,46.6,86.5,0.4,simras_experimental_rul_proxy_v2,ap_multi_asset_state_v3,EXPERIMENTAL_DECISION_SUPPORT,"[""CWC general planning guidance: 100-year useful-life horizon for irrigation/multipurpose projects"", ""AGE_HEALTH_HAZARD"", ""Not an official structural remaining-life or safety rating""]",AP_DAM_WRIS_AP01LH0068,dam
158,158,2026-08-30T09:45:28.660806+00:00,rul,72.7,CLASS_PLANNING_HORIZON,50.9,94.5,0.4,simras_experimental_rul_proxy_v2,ap_multi_asset_state_v3,EXPERIMENTAL_DECISION_SUPPORT,"[""CWC general planning guidance: 100-year useful-life horizon for irrigation/multipurpose projects"", ""AGE_HEALTH_HAZARD"", ""Not an official structural remaining-life or safety rating""]",AP_DAM_WRIS_AP01LH0077,dam
159,159,2026-08-30T09:45:28.667469+00:00,rul,75.8,CLASS_PLANNING_HORIZON,53.0,98.5,0.4,simras_experimental_rul_proxy_v2,ap_multi_asset_state_v3,EXPERIMENTAL_DECISION_SUPPORT,"[""CWC general planning guidance: 100-year useful-life horizon for irrigation/multipurpose projects"", ""AGE_HEALTH_HAZARD"", ""Not an official structural remaining-life or safety rating""]",AP_DAM_WRIS_AP01MH0080,dam
160,160,2026-08-30T09:45:28.673449+00:00,rul,67.2,HEALTH_ONLY_CLASS_HORIZON,37.0,97.4,0.25,simras_experimental_rul_proxy_v2,ap_multi_asset_state_v3,EXPERIMENTAL_DECISION_SUPPORT,"[""CWC general planning guidance: 100-year useful-life horizon for irrigation/multipurpose projects"", ""HEALTH_HAZARD_CLASS_HORIZON"", ""Not an official structural remaining-life or safety rating""]",AP_DAM_WRIS_AP01MH0083,dam
161,161,2026-08-30T09:45:28.679234+00:00,rul,67.2,HEALTH_ONLY_CLASS_HORIZON,37.0,97.4,0.25,simras_experimental_rul_proxy_v2,ap_multi_asset_state_v3,EXPERIMENTAL_DECISION_SUPPORT,"[""CWC general planning guidance: 100-year useful-life horizon for irrigation/multipurpose projects"", ""HEALTH_HAZARD_CLASS_HORIZON"", ""Not an official structural remaining-life or safety rating""]",AP_DAM_WRIS_AP01LH0086,dam
162,162,2026-08-30T09:45:28.688667+00:00,rul,67.2,HEALTH_ONLY_CLASS_HORIZON,37.0,97.4,0.25,simras_experimental_rul_proxy_v2,ap_multi_asset_state_v3,EXPERIMENTAL_DECISION_SUPPORT,"[""CWC general planning guidance: 100-year useful-life horizon for irrigation/multipurpose projects"", ""HEALTH_HAZARD_CLASS_HORIZON"", ""Not an official structural remaining-life or safety rating""]",AP_DAM_WRIS_AP01LH0087,dam
163,163,2026-08-30T09:45:28.695100+00:00,rul,67.2,HEALTH_ONLY_CLASS_HORIZON,37.0,97.4,0.25,simras_experimental_rul_proxy_v2,ap_multi_asset_state_v3,EXPERIMENTAL_DECISION_SUPPORT,"[""CWC general planning guidance: 100-year useful-life horizon for irrigation/multipurpose projects"", ""HEALTH_HAZARD_CLASS_HORIZON"", ""Not an official structural remaining-life or safety rating""]",AP_DAM_WRIS_AP01MH0089,dam
164,164,2026-08-30T09:45:28.700476+00:00,rul,67.2,HEALTH_ONLY_CLASS_HORIZON,37.0,97.4,0.25,simras_experimental_rul_proxy_v2,ap_multi_asset_state_v3,EXPERIMENTAL_DECISION_SUPPORT,"[""CWC general planning guidance: 100-year useful-life horizon for irrigation/multipurpose projects"", ""HEALTH_HAZARD_CLASS_HORIZON"", ""Not an official structural remaining-life or safety rating""]",AP_DAM_WRIS_AP01LH0090,dam
165,165,2026-08-30T09:45:28.705744+00:00,rul,67.2,HEALTH_ONLY_CLASS_HORIZON,37.0,97.4,0.25,simras_experimental_rul_proxy_v2,ap_multi_asset_state_v3,EXPERIMENTAL_DECISION_SUPPORT,"[""CWC general planning guidance: 100-year useful-life horizon for irrigation/multipurpose projects"", ""HEALTH_HAZARD_CLASS_HORIZON"", ""Not an official structural remaining-life or safety rating""]",AP_DAM_WRIS_AP01LH0093,dam
166,166,2026-08-30T09:45:28.713157+00:00,rul,67.2,HEALTH_ONLY_CLASS_HORIZON,37.0,97.4,0.25,simras_experimental_rul_proxy_v2,ap_multi_asset_state_v3,EXPERIMENTAL_DECISION_SUPPORT,"[""CWC general planning guidance: 100-year useful-life horizon for irrigation/multipurpose projects"", ""HEALTH_HAZARD_CLASS_HORIZON"", ""Not an official structural remaining-life or safety rating""]",AP_DAM_WRIS_AP01MH0094,dam
167,167,2026-08-30T09:45:28.719093+00:00,rul,67.2,HEALTH_ONLY_CLASS_HORIZON,37.0,97.4,0.25,simras_experimental_rul_proxy_v2,ap_multi_asset_state_v3,EXPERIMENTAL_DECISION_SUPPORT,"[""CWC general planning guidance: 100-year useful-life horizon for irrigation/multipurpose projects"", ""HEALTH_HAZARD_CLASS_HORIZON"", ""Not an official structural remaining-life or safety rating""]",AP_DAM_WRIS_AP01MH0095,dam
168,168,2026-08-30T09:45:28.726460+00:00,rul,67.2,HEALTH_ONLY_CLASS_HORIZON,37.0,97.4,0.25,simras_experimental_rul_proxy_v2,ap_multi_asset_state_v3,EXPERIMENTAL_DECISION_SUPPORT,"[""CWC general planning guidance: 100-year useful-life horizon for irrigation/multipurpose projects"", ""HEALTH_HAZARD_CLASS_HORIZON"", ""Not an official structural remaining-life or safety rating""]",AP_DAM_WRIS_AP01LH0099,dam
169,169,2026-08-30T09:45:28.731167+00:00,rul,67.2,HEALTH_ONLY_CLASS_HORIZON,37.0,97.4,0.25,simras_experimental_rul_proxy_v2,ap_multi_asset_state_v3,EXPERIMENTAL_DECISION_SUPPORT,"[""CWC general planning guidance: 100-year useful-life horizon for irrigation/multipurpose projects"", ""HEALTH_HAZARD_CLASS_HORIZON"", ""Not an official structural remaining-life or safety rating""]",AP_DAM_WRIS_AP01LH0103,dam
170,170,2026-08-30T09:45:28.735267+00:00,rul,67.2,HEALTH_ONLY_CLASS_HORIZON,37.0,97.4,0.25,simras_experimental_rul_proxy_v2,ap_multi_asset_state_v3,EXPERIMENTAL_DECISION_SUPPORT,"[""CWC general planning guidance: 100-year useful-life horizon for irrigation/multipurpose projects"", ""HEALTH_HAZARD_CLASS_HORIZON"", ""Not an official structural remaining-life or safety rating""]",AP_DAM_WRIS_AP01LH0105,dam
171,171,2026-08-30T09:45:28.739221+00:00,rul,67.2,HEALTH_ONLY_CLASS_HORIZON,37.0,97.4,0.25,simras_experimental_rul_proxy_v2,ap_multi_asset_state_v3,EXPERIMENTAL_DECISION_SUPPORT,"[""CWC general planning guidance: 100-year useful-life horizon for irrigation/multipurpose projects"", ""HEALTH_HAZARD_CLASS_HORIZON"", ""Not an official structural remaining-life or safety rating""]",AP_DAM_WRIS_AP01LH0113,dam
172,172,2026-08-30T09:45:28.743764+00:00,rul,67.2,HEALTH_ONLY_CLASS_HORIZON,37.0,97.4,0.25,simras_experimental_rul_proxy_v2,ap_multi_asset_state_v3,EXPERIMENTAL_DECISION_SUPPORT,"[""CWC general planning guidance: 100-year useful-life horizon for irrigation/multipurpose projects"", ""HEALTH_HAZARD_CLASS_HORIZON"", ""Not an official structural remaining-life or safety rating""]",AP_DAM_WRIS_AP01MH0114,dam
173,173,2026-08-30T09:45:28.748041+00:00,rul,67.2,HEALTH_ONLY_CLASS_HORIZON,37.0,97.4,0.25,simras_experimental_rul_proxy_v2,ap_multi_asset_state_v3,EXPERIMENTAL_DECISION_SUPPORT,"[""CWC general planning guidance: 100-year useful-life horizon for irrigation/multipurpose projects"", ""HEALTH_HAZARD_CLASS_HORIZON"", ""Not an official structural remaining-life or safety rating""]",AP_DAM_WRIS_AP01LH0119,dam
174,174,2026-08-30T09:45:28.752169+00:00,rul,67.2,HEALTH_ONLY_CLASS_HORIZON,37.0,97.4,0.25,simras_experimental_rul_proxy_v2,ap_multi_asset_state_v3,EXPERIMENTAL_DECISION_SUPPORT,"[""CWC general planning guidance: 100-year useful-life horizon for irrigation/multipurpose projects"", ""HEALTH_HAZARD_CLASS_HORIZON"", ""Not an official structural remaining-life or safety rating""]",AP_DAM_WRIS_AP01LH0122,dam
175,175,2026-08-30T09:45:28.756180+00:00,rul,67.2,HEALTH_ONLY_CLASS_HORIZON,37.0,97.4,0.25,simras_experimental_rul_proxy_v2,ap_multi_asset_state_v3,EXPERIMENTAL_DECISION_SUPPORT,"[""CWC general planning guidance: 100-year useful-life horizon for irrigation/multipurpose projects"", ""HEALTH_HAZARD_CLASS_HORIZON"", ""Not an official structural remaining-life or safety rating""]",AP_DAM_WRIS_AP01LH0123,dam
176,176,2026-08-30T09:45:28.760438+00:00,rul,67.2,HEALTH_ONLY_CLASS_HORIZON,37.0,97.4,0.25,simras_experimental_rul_proxy_v2,ap_multi_asset_state_v3,EXPERIMENTAL_DECISION_SUPPORT,"[""CWC general planning guidance: 100-year useful-life horizon for irrigation/multipurpose projects"", ""HEALTH_HAZARD_CLASS_HORIZON"", ""Not an official structural remaining-life or safety rating""]",AP_DAM_WRIS_AP01MH0152,dam
177,177,2026-08-30T09:45:28.764422+00:00,rul,83.1,CLASS_PLANNING_HORIZON,58.2,100.0,0.4,simras_experimental_rul_proxy_v2,ap_multi_asset_state_v3,EXPERIMENTAL_DECISION_SUPPORT,"[""CWC general planning guidance: 100-year useful-life horizon for irrigation/multipurpose projects"", ""AGE_HEALTH_HAZARD"", ""Not an official structural remaining-life or safety rating""]",AP_DAM_WRIS_AP01HH0159,dam
178,178,2026-08-30T09:45:28.768408+00:00,rul,74.7,CLASS_PLANNING_HORIZON,52.3,97.1,0.4,simras_experimental_rul_proxy_v2,ap_multi_asset_state_v3,EXPERIMENTAL_DECISION_SUPPORT,"[""CWC general planning guidance: 100-year useful-life horizon for irrigation/multipurpose projects"", ""AGE_HEALTH_HAZARD"", ""Not an official structural remaining-life or safety rating""]",AP_DAM_WRIS_AP01MH0166,dam
179,179,2026-08-30T09:45:28.772662+00:00,rul,32.5,CLASS_PLANNING_HORIZON,22.8,42.3,0.4,simras_experimental_rul_proxy_v2,ap_multi_asset_state_v3,EXPERIMENTAL_DECISION_SUPPORT,"[""CWC general planning guidance: 100-year useful-life horizon for irrigation/multipurpose projects"", ""AGE_HEALTH_HAZARD"", ""Not an official structural remaining-life or safety rating""]",AP_DAM_WRIS_AP01MH0167,dam
180,180,2026-08-30T09:45:28.776955+00:00,rul,70.6,CLASS_PLANNING_HORIZON,49.4,91.8,0.4,simras_experimental_rul_proxy_v2,ap_multi_asset_state_v3,EXPERIMENTAL_DECISION_SUPPORT,"[""CWC general planning guidance: 100-year useful-life horizon for irrigation/multipurpose projects"", ""AGE_HEALTH_HAZARD"", ""Not an official structural remaining-life or safety rating""]",AP_DAM_WRIS_AP01MH0168,dam
181,181,2026-08-30T09:45:28.780856+00:00,rul,79.9,CLASS_PLANNING_HORIZON,56.0,100.0,0.4,simras_experimental_rul_proxy_v2,ap_multi_asset_state_v3,EXPERIMENTAL_DECISION_SUPPORT,"[""CWC general planning guidance: 100-year useful-life horizon for irrigation/multipurpose projects"", ""AGE_HEALTH_HAZARD"", ""Not an official structural remaining-life or safety rating""]",AP_DAM_WRIS_AP01HH0169,dam
182,182,2026-08-30T09:45:28.784843+00:00,rul,55.2,HEALTH_ONLY_CLASS_HORIZON,30.4,80.1,0.25,simras_experimental_rul_proxy_v2,ap_multi_asset_state_v3,EXPERIMENTAL_DECISION_SUPPORT,"[""CWC general planning guidance: 100-year useful-life horizon for irrigation/multipurpose projects"", ""HEALTH_HAZARD_CLASS_HORIZON"", ""Not an official structural remaining-life or safety rating""]",AP_BAR_WRIS_B00131,barrage
183,183,2026-08-30T09:45:28.789188+00:00,rul,67.2,HEALTH_ONLY_CLASS_HORIZON,37.0,97.4,0.25,simras_experimental_rul_proxy_v2,ap_multi_asset_state_v3,EXPERIMENTAL_DECISION_SUPPORT,"[""CWC general planning guidance: 100-year useful-life horizon for irrigation/multipurpose projects"", ""HEALTH_HAZARD_CLASS_HORIZON"", ""Not an official structural remaining-life or safety rating""]",AP_BAR_WRIS_B00165,barrage
184,184,2026-08-30T09:45:28.793949+00:00,rul,76.3,CLASS_PLANNING_HORIZON,53.4,99.2,0.4,simras_experimental_rul_proxy_v2,ap_multi_asset_state_v3,EXPERIMENTAL_DECISION_SUPPORT,"[""CWC general planning guidance: 100-year useful-life horizon for irrigation/multipurpose projects"", ""AGE_HEALTH_HAZARD"", ""Not an official structural remaining-life or safety rating""]",AP_BAR_WRIS_B00448,barrage
185,185,2026-08-30T09:45:28.798027+00:00,rul,67.2,HEALTH_ONLY_CLASS_HORIZON,37.0,97.4,0.25,simras_experimental_rul_proxy_v2,ap_multi_asset_state_v3,EXPERIMENTAL_DECISION_SUPPORT,"[""CWC general planning guidance: 100-year useful-life horizon for irrigation/multipurpose projects"", ""HEALTH_HAZARD_CLASS_HORIZON"", ""Not an official structural remaining-life or safety rating""]",AP_BAR_WRIS_B00435,barrage
186,186,2026-08-30T09:45:28.803089+00:00,rul,67.2,HEALTH_ONLY_CLASS_HORIZON,37.0,97.4,0.25,simras_experimental_rul_proxy_v2,ap_multi_asset_state_v3,EXPERIMENTAL_DECISION_SUPPORT,"[""CWC general planning guidance: 100-year useful-life horizon for irrigation/multipurpose projects"", ""HEALTH_HAZARD_CLASS_HORIZON"", ""Not an official structural remaining-life or safety rating""]",AP_BAR_WRIS_B00429,barrage
187,187,2026-08-30T09:45:28.816312+00:00,rul,67.2,HEALTH_ONLY_CLASS_HORIZON,37.0,97.4,0.25,simras_experimental_rul_proxy_v2,ap_multi_asset_state_v3,EXPERIMENTAL_DECISION_SUPPORT,"[""CWC general planning guidance: 100-year useful-life horizon for irrigation/multipurpose projects"", ""HEALTH_HAZARD_CLASS_HORIZON"", ""Not an official structural remaining-life or safety rating""]",AP_BAR_WRIS_B00434,barrage
188,188,2026-08-30T09:45:28.822030+00:00,rul,27.2,CLASS_PLANNING_HORIZON,19.0,35.4,0.4,simras_experimental_rul_proxy_v2,ap_multi_asset_state_v3,EXPERIMENTAL_DECISION_SUPPORT,"[""CWC general planning guidance: 100-year useful-life horizon for irrigation/multipurpose projects"", ""AGE_HEALTH_HAZARD"", ""Not an official structural remaining-life or safety rating""]",AP_BAR_WRIS_B00800,barrage
189,189,2026-08-30T09:45:28.828836+00:00,rul,67.2,HEALTH_ONLY_CLASS_HORIZON,37.0,97.4,0.25,simras_experimental_rul_proxy_v2,ap_multi_asset_state_v3,EXPERIMENTAL_DECISION_SUPPORT,"[""CWC general planning guidance: 100-year useful-life horizon for irrigation/multipurpose projects"", ""HEALTH_HAZARD_CLASS_HORIZON"", ""Not an official structural remaining-life or safety rating""]",AP_BAR_WRIS_B01201,barrage
190,190,2026-08-30T09:45:28.835124+00:00,rul,67.2,HEALTH_ONLY_CLASS_HORIZON,37.0,97.4,0.25,simras_experimental_rul_proxy_v2,ap_multi_asset_state_v3,EXPERIMENTAL_DECISION_SUPPORT,"[""CWC general planning guidance: 100-year useful-life horizon for irrigation/multipurpose projects"", ""HEALTH_HAZARD_CLASS_HORIZON"", ""Not an official structural remaining-life or safety rating""]",AP_BAR_WRIS_B01609,barrage
191,191,2026-08-30T09:45:28.841928+00:00,rul,13.4,HEALTH_ONLY_CLASS_HORIZON,7.4,19.5,0.25,simras_experimental_rul_proxy_v2,ap_multi_asset_state_v3,EXPERIMENTAL_DECISION_SUPPORT,"[""Airport pavement planning proxy: 20-year runway/taxiway useful-life reference"", ""HEALTH_HAZARD_CLASS_HORIZON"", ""Not an official structural remaining-life or safety rating""]",AP_AIR_AAI_VIJAYAWADA,airport
192,192,2026-08-30T09:45:28.848759+00:00,rul,13.4,HEALTH_ONLY_CLASS_HORIZON,7.4,19.5,0.25,simras_experimental_rul_proxy_v2,ap_multi_asset_state_v3,EXPERIMENTAL_DECISION_SUPPORT,"[""Airport pavement planning proxy: 20-year runway/taxiway useful-life reference"", ""HEALTH_HAZARD_CLASS_HORIZON"", ""Not an official structural remaining-life or safety rating""]",AP_AIR_AAI_VISAKHAPATNAM,airport
193,193,2026-08-30T09:45:28.854976+00:00,rul,13.4,HEALTH_ONLY_CLASS_HORIZON,7.4,19.5,0.25,simras_experimental_rul_proxy_v2,ap_multi_asset_state_v3,EXPERIMENTAL_DECISION_SUPPORT,"[""Airport pavement planning proxy: 20-year runway/taxiway useful-life reference"", ""HEALTH_HAZARD_CLASS_HORIZON"", ""Not an official structural remaining-life or safety rating""]",AP_AIR_AAI_RAJAHMUNDRY,airport
194,194,2026-08-30T09:45:28.861568+00:00,rul,13.4,HEALTH_ONLY_CLASS_HORIZON,7.4,19.5,0.25,simras_experimental_rul_proxy_v2,ap_multi_asset_state_v3,EXPERIMENTAL_DECISION_SUPPORT,"[""Airport pavement planning proxy: 20-year runway/taxiway useful-life reference"", ""HEALTH_HAZARD_CLASS_HORIZON"", ""Not an official structural remaining-life or safety rating""]",AP_AIR_AAI_TIRUPATI,airport
195,195,2026-08-30T09:45:28.868003+00:00,rul,13.4,HEALTH_ONLY_CLASS_HORIZON,7.4,19.5,0.25,simras_experimental_rul_proxy_v2,ap_multi_asset_state_v3,EXPERIMENTAL_DECISION_SUPPORT,"[""Airport pavement planning proxy: 20-year runway/taxiway useful-life reference"", ""HEALTH_HAZARD_CLASS_HORIZON"", ""Not an official structural remaining-life or safety rating""]",AP_AIR_AAI_KADAPA,airport
196,196,2026-08-30T09:45:28.874770+00:00,rul,13.4,HEALTH_ONLY_CLASS_HORIZON,7.4,19.5,0.25,simras_experimental_rul_proxy_v2,ap_multi_asset_state_v3,EXPERIMENTAL_DECISION_SUPPORT,"[""Airport pavement planning proxy: 20-year runway/taxiway useful-life reference"", ""HEALTH_HAZARD_CLASS_HORIZON"", ""Not an official structural remaining-life or safety rating""]",AP_AIR_AAI_KURNOOL,airport
197,197,2026-08-30T09:45:28.881844+00:00,rul,33.6,HEALTH_ONLY_CLASS_HORIZON,18.5,48.7,0.2,simras_experimental_rul_proxy_v2,ap_multi_asset_state_v3,EXPERIMENTAL_DECISION_SUPPORT,"[""Heritage civil-maintenance proxy using a 50-year general permanent-building planning horizon; this is not the historical/heritage life of the temple"", ""HEALTH_HAZARD_CLASS_HORIZON"", ""Not an official structural remaining-life or safety rating""]",AP_TEMPLE_TIRUMALA,temple
198,198,2026-08-30T09:45:28.888114+00:00,rul,33.6,HEALTH_ONLY_CLASS_HORIZON,18.5,48.7,0.2,simras_experimental_rul_proxy_v2,ap_multi_asset_state_v3,EXPERIMENTAL_DECISION_SUPPORT,"[""Heritage civil-maintenance proxy using a 50-year general permanent-building planning horizon; this is not the historical/heritage life of the temple"", ""HEALTH_HAZARD_CLASS_HORIZON"", ""Not an official structural remaining-life or safety rating""]",AP_TEMPLE_SRISAILAM,temple
199,199,2026-08-30T09:45:28.893662+00:00,rul,33.6,HEALTH_ONLY_CLASS_HORIZON,18.5,48.7,0.2,simras_experimental_rul_proxy_v2,ap_multi_asset_state_v3,EXPERIMENTAL_DECISION_SUPPORT,"[""Heritage civil-maintenance proxy using a 50-year general permanent-building planning horizon; this is not the historical/heritage life of the temple"", ""HEALTH_HAZARD_CLASS_HORIZON"", ""Not an official structural remaining-life or safety rating""]",AP_TEMPLE_KANAKA_DURGA,temple
200,200,2026-08-30T09:45:28.898667+00:00,rul,33.6,HEALTH_ONLY_CLASS_HORIZON,18.5,48.7,0.2,simras_experimental_rul_proxy_v2,ap_multi_asset_state_v3,EXPERIMENTAL_DECISION_SUPPORT,"[""Heritage civil-maintenance proxy using a 50-year general permanent-building planning horizon; this is not the historical/heritage life of the temple"", ""HEALTH_HAZARD_CLASS_HORIZON"", ""Not an official structural remaining-life or safety rating""]",AP_TEMPLE_SIMHACHALAM,temple
201,201,2026-08-30T09:45:28.903493+00:00,rul,33.6,HEALTH_ONLY_CLASS_HORIZON,18.5,48.7,0.2,simras_experimental_rul_proxy_v2,ap_multi_asset_state_v3,EXPERIMENTAL_DECISION_SUPPORT,"[""Heritage civil-maintenance proxy using a 50-year general permanent-building planning horizon; this is not the historical/heritage life of the temple"", ""HEALTH_HAZARD_CLASS_HORIZON"", ""Not an official structural remaining-life or safety rating""]",AP_TEMPLE_ANNAVARAM,temple
202,202,2026-08-30T09:45:28.908231+00:00,rul,33.6,HEALTH_ONLY_CLASS_HORIZON,18.5,48.7,0.2,simras_experimental_rul_proxy_v2,ap_multi_asset_state_v3,EXPERIMENTAL_DECISION_SUPPORT,"[""Heritage civil-maintenance proxy using a 50-year general permanent-building planning horizon; this is not the historical/heritage life of the temple"", ""HEALTH_HAZARD_CLASS_HORIZON"", ""Not an official structural remaining-life or safety rating""]",AP_TEMPLE_SRIKALAHASTI,temple
203,203,2026-08-30T09:45:28.913522+00:00,rul,33.6,HEALTH_ONLY_CLASS_HORIZON,18.5,48.7,0.2,simras_experimental_rul_proxy_v2,ap_multi_asset_state_v3,EXPERIMENTAL_DECISION_SUPPORT,"[""Heritage civil-maintenance proxy using a 50-year general permanent-building planning horizon; this is not the historical/heritage life of the temple"", ""HEALTH_HAZARD_CLASS_HORIZON"", ""Not an official structural remaining-life or safety rating""]",AP_TEMPLE_DWARAKA_TIRUMALA,temple
